sample_index,pid,split,dataset_file_path,caption,input_ids_raw,attention_mask_raw,num_tokens
0,111,train,HoGuom_00/00112_00002095.jpg,"cô gái mặc váy hồng, đi giày thể thao, túi xách màu đen, tóc nhuộm vàng dài qua vai.",/Users/phamtunglam/Documents/Projects/mSigLIP/code/artifacts/deployment/qnn_inputs/vn3k_text_calib_500/raw/00000_pid111_00112_00002095_input_ids.raw,/Users/phamtunglam/Documents/Projects/mSigLIP/code/artifacts/deployment/qnn_inputs/vn3k_text_calib_500/raw/00000_pid111_00112_00002095_attention_mask.raw,39
1,178,train,HoGuom_00/00179_00004675.jpg,"nữ mặc váy màu vàng, đi dép xăng đan, mặc áo phông trắng.",/Users/phamtunglam/Documents/Projects/mSigLIP/code/artifacts/deployment/qnn_inputs/vn3k_text_calib_500/raw/00001_pid178_00179_00004675_input_ids.raw,/Users/phamtunglam/Documents/Projects/mSigLIP/code/artifacts/deployment/qnn_inputs/vn3k_text_calib_500/raw/00001_pid178_00179_00004675_attention_mask.raw,30
2,1880,train,DHGTVT_00/01881_00003620.jpg,"nam tóc ngắn màu đen, mặc áo phông cổ tròn cộc tay màu đen, mặc quần bò dài sáng màu đi dép hai quai màu đen, sau lưng đeo ba lô.",/Users/phamtunglam/Documents/Projects/mSigLIP/code/artifacts/deployment/qnn_inputs/vn3k_text_calib_500/raw/00002_pid1880_01881_00003620_input_ids.raw,/Users/phamtunglam/Documents/Projects/mSigLIP/code/artifacts/deployment/qnn_inputs/vn3k_text_calib_500/raw/00002_pid1880_01881_00003620_attention_mask.raw,62
3,21,train,TEST_DATA/Person22.2/output_2.jpg,"Một nữ thanh niên tóc ngắn chạm vai, tóc mái dài rẽ ngôi, mặc một chiếc áo khoác màu đông có màu đen từ ngực đến cổ áo và tay áo, màu trắng ở phần thân áo, màu đỏ ở phần bụng dưới của áo, mặc quần ống côn màu xanh rêu dài trùm mắt cá chân, đi giày da cao gót có đế to.",/Users/phamtunglam/Documents/Projects/mSigLIP/code/artifacts/deployment/qnn_inputs/vn3k_text_calib_500/raw/00003_pid21_output_2_input_ids.raw,/Users/phamtunglam/Documents/Projects/mSigLIP/code/artifacts/deployment/qnn_inputs/vn3k_text_calib_500/raw/00003_pid21_output_2_attention_mask.raw,64
4,58,train,TRAINNING_DATA/Person59/output_6.jpg,"Một cậu thanh niên mặc chiếc áo phông cộc tay màu đen, cổ tròn, cùng chiếc quần đùi màu trắng có viền kẻ đỏ ở gấu quần, chân đi đôi giày thể thao màu đen.",/Users/phamtunglam/Documents/Projects/mSigLIP/code/artifacts/deployment/qnn_inputs/vn3k_text_calib_500/raw/00004_pid58_output_6_input_ids.raw,/Users/phamtunglam/Documents/Projects/mSigLIP/code/artifacts/deployment/qnn_inputs/vn3k_text_calib_500/raw/00004_pid58_output_6_attention_mask.raw,64
5,937,train,HoGuom_01/00938_00000015.jpg,"nữ tóc dài làm xoăn để xõa, đeo khẩu trang màu xanh da trời để phía dưới cằm, mặc áo cọc tay màu xanh thẫm có chấm màu trắng, mặc quần dài màu đen, đang ngồi co gối vuông góc với đùi, hai chân đan chéo nhau.",/Users/phamtunglam/Documents/Projects/mSigLIP/code/artifacts/deployment/qnn_inputs/vn3k_text_calib_500/raw/00005_pid937_00938_00000015_input_ids.raw,/Users/phamtunglam/Documents/Projects/mSigLIP/code/artifacts/deployment/qnn_inputs/vn3k_text_calib_500/raw/00005_pid937_00938_00000015_attention_mask.raw,64
6,445,train,HoGuom_00/00446_00015230.jpg,"Bé trai tóc đen ngắn, mặc áo màu xanh tím than, quần đùi màu xám.",/Users/phamtunglam/Documents/Projects/mSigLIP/code/artifacts/deployment/qnn_inputs/vn3k_text_calib_500/raw/00006_pid445_00446_00015230_input_ids.raw,/Users/phamtunglam/Documents/Projects/mSigLIP/code/artifacts/deployment/qnn_inputs/vn3k_text_calib_500/raw/00006_pid445_00446_00015230_attention_mask.raw,30
7,311,train,HoGuom_00/00312_00010225.jpg,"Cụ già tóc trắng, mặc quần áo hoa màu tím.",/Users/phamtunglam/Documents/Projects/mSigLIP/code/artifacts/deployment/qnn_inputs/vn3k_text_calib_500/raw/00007_pid311_00312_00010225_input_ids.raw,/Users/phamtunglam/Documents/Projects/mSigLIP/code/artifacts/deployment/qnn_inputs/vn3k_text_calib_500/raw/00007_pid311_00312_00010225_attention_mask.raw,21
8,1737,train,DHHN_HVBCVT_00/01738_00010380.jpg,"Một nam thanh niên có mái tóc màu đen, mặc áo khoác màu đen, mặc quần màu ghi, đi giày thể thao màu xám.",/Users/phamtunglam/Documents/Projects/mSigLIP/code/artifacts/deployment/qnn_inputs/vn3k_text_calib_500/raw/00008_pid1737_01738_00010380_input_ids.raw,/Users/phamtunglam/Documents/Projects/mSigLIP/code/artifacts/deployment/qnn_inputs/vn3k_text_calib_500/raw/00008_pid1737_01738_00010380_attention_mask.raw,49
9,1773,train,DHHN_HVBCVT_00/01774_00001410.jpg,"Một nam sinh viên có mái tóc màu đen, đeo khẩu trang màu xanh, mặc áo khoác màu trắng có vai với tay áo màu đỏ, mặc quần màu đen, đi giày màu trắng.",/Users/phamtunglam/Documents/Projects/mSigLIP/code/artifacts/deployment/qnn_inputs/vn3k_text_calib_500/raw/00009_pid1773_01774_00001410_input_ids.raw,/Users/phamtunglam/Documents/Projects/mSigLIP/code/artifacts/deployment/qnn_inputs/vn3k_text_calib_500/raw/00009_pid1773_01774_00001410_attention_mask.raw,64
10,186,train,HoGuom_00/00187_00004565.jpg,"Cậu bé đi dép lê xanh, mặc áo đen, quần ngố màu ghi.",/Users/phamtunglam/Documents/Projects/mSigLIP/code/artifacts/deployment/qnn_inputs/vn3k_text_calib_500/raw/00010_pid186_00187_00004565_input_ids.raw,/Users/phamtunglam/Documents/Projects/mSigLIP/code/artifacts/deployment/qnn_inputs/vn3k_text_calib_500/raw/00010_pid186_00187_00004565_attention_mask.raw,25
11,429,train,HoGuom_00/00430_00014655.jpg,"Bạn trai tóc ngắn màu đen, mặc áo phông trắng, quần sooc màu đen.",/Users/phamtunglam/Documents/Projects/mSigLIP/code/artifacts/deployment/qnn_inputs/vn3k_text_calib_500/raw/00011_pid429_00430_00014655_input_ids.raw,/Users/phamtunglam/Documents/Projects/mSigLIP/code/artifacts/deployment/qnn_inputs/vn3k_text_calib_500/raw/00011_pid429_00430_00014655_attention_mask.raw,30
12,469,train,HoGuom_00/00470_00016555.jpg,"người phụ nữ trung niên, tóc búi cao, mặc áo phông ngắn tay màu tím, quần dài màu đen, đeo túi chéo dây màu đen.",/Users/phamtunglam/Documents/Projects/mSigLIP/code/artifacts/deployment/qnn_inputs/vn3k_text_calib_500/raw/00012_pid469_00470_00016555_input_ids.raw,/Users/phamtunglam/Documents/Projects/mSigLIP/code/artifacts/deployment/qnn_inputs/vn3k_text_calib_500/raw/00012_pid469_00470_00016555_attention_mask.raw,52
13,110,train,HoGuom_00/00111_00001855.jpg,"nữ đội mũ chìa màu đen, tóc dài qua vai, mặc áo phông trắng, mặc quần bò xanh, đi giày thể thao cao cổ trắng đen.",/Users/phamtunglam/Documents/Projects/mSigLIP/code/artifacts/deployment/qnn_inputs/vn3k_text_calib_500/raw/00013_pid110_00111_00001855_input_ids.raw,/Users/phamtunglam/Documents/Projects/mSigLIP/code/artifacts/deployment/qnn_inputs/vn3k_text_calib_500/raw/00013_pid110_00111_00001855_attention_mask.raw,54
14,589,train,HoGuom_00/00590_00006235.jpg,"cô gái tóc ngắn ngang vai màu đen, mặc áo ngắn tay màu ghi, mặc quần màu đen, tay đeo hai vòng màu vàng và màu nâu.",/Users/phamtunglam/Documents/Projects/mSigLIP/code/artifacts/deployment/qnn_inputs/vn3k_text_calib_500/raw/00014_pid589_00590_00006235_input_ids.raw,/Users/phamtunglam/Documents/Projects/mSigLIP/code/artifacts/deployment/qnn_inputs/vn3k_text_calib_500/raw/00014_pid589_00590_00006235_attention_mask.raw,53
15,1204,train,HoGuom_01/01205_00002925.jpg,"Một cô gái tóc màu đen, mặc áo màu đen, màu quần dài qua đầu gối màu đen, đi giày màu đen.",/Users/phamtunglam/Documents/Projects/mSigLIP/code/artifacts/deployment/qnn_inputs/vn3k_text_calib_500/raw/00015_pid1204_01205_00002925_input_ids.raw,/Users/phamtunglam/Documents/Projects/mSigLIP/code/artifacts/deployment/qnn_inputs/vn3k_text_calib_500/raw/00015_pid1204_01205_00002925_attention_mask.raw,45
16,793,train,HoGuom_01/00794_00002100.jpg,"Phụ nữ tóc dài nhuộm màu hạt dẻ, xõa tóc, đeo khẩu trang màu ghi, mặc áo trắng dài tay, treo áo ở tay, đeo túi màu đen, mặc quần sooc, đi giầy trắng.",/Users/phamtunglam/Documents/Projects/mSigLIP/code/artifacts/deployment/qnn_inputs/vn3k_text_calib_500/raw/00016_pid793_00794_00002100_input_ids.raw,/Users/phamtunglam/Documents/Projects/mSigLIP/code/artifacts/deployment/qnn_inputs/vn3k_text_calib_500/raw/00016_pid793_00794_00002100_attention_mask.raw,64
17,159,train,HoGuom_00/00160_00003945.jpg,"nữ mặc áo bò hở vai, quần đùi bò, đeo ba lô màu đen.",/Users/phamtunglam/Documents/Projects/mSigLIP/code/artifacts/deployment/qnn_inputs/vn3k_text_calib_500/raw/00017_pid159_00160_00003945_input_ids.raw,/Users/phamtunglam/Documents/Projects/mSigLIP/code/artifacts/deployment/qnn_inputs/vn3k_text_calib_500/raw/00017_pid159_00160_00003945_attention_mask.raw,31
18,1771,train,DHHN_HVBCVT_00/01772_00001140.jpg,"Một người phụ nữ có mái tóc màu đen, đeo khẩu trang màu xanh, mặc áo khoác màu xanh tím than, đeo khăn quàng cổ màu xám, mặc quần dài màu xanh, đi giày màu đen có dây giày màu trắng.",/Users/phamtunglam/Documents/Projects/mSigLIP/code/artifacts/deployment/qnn_inputs/vn3k_text_calib_500/raw/00018_pid1771_01772_00001140_input_ids.raw,/Users/phamtunglam/Documents/Projects/mSigLIP/code/artifacts/deployment/qnn_inputs/vn3k_text_calib_500/raw/00018_pid1771_01772_00001140_attention_mask.raw,64
19,449,train,HoGuom_00/00450_00015365.jpg,"Bạn trai mặc áo phông màu xanh lá cây đậm màu, chữ trắng trước ngực áo, quần sooc màu be, đi xăng đan màu đen.",/Users/phamtunglam/Documents/Projects/mSigLIP/code/artifacts/deployment/qnn_inputs/vn3k_text_calib_500/raw/00019_pid449_00450_00015365_input_ids.raw,/Users/phamtunglam/Documents/Projects/mSigLIP/code/artifacts/deployment/qnn_inputs/vn3k_text_calib_500/raw/00019_pid449_00450_00015365_attention_mask.raw,51
20,176,train,HoGuom_00/00177_00004520.jpg,"nam đi giày màu xanh, mặc quần ngố bò, áo phông trắng, có sọc đen không cổ, đeo túi xách chéo màu tối.",/Users/phamtunglam/Documents/Projects/mSigLIP/code/artifacts/deployment/qnn_inputs/vn3k_text_calib_500/raw/00020_pid176_00177_00004520_input_ids.raw,/Users/phamtunglam/Documents/Projects/mSigLIP/code/artifacts/deployment/qnn_inputs/vn3k_text_calib_500/raw/00020_pid176_00177_00004520_attention_mask.raw,50
21,579,train,HoGuom_00/00580_00005465.jpg,"cô gái tóc dài màu đen, đeo kính, mặc áo phông ngắn tay màu xám, quần jean màu xanh đen, đi giày thể thao màu trắng.",/Users/phamtunglam/Documents/Projects/mSigLIP/code/artifacts/deployment/qnn_inputs/vn3k_text_calib_500/raw/00021_pid579_00580_00005465_input_ids.raw,/Users/phamtunglam/Documents/Projects/mSigLIP/code/artifacts/deployment/qnn_inputs/vn3k_text_calib_500/raw/00021_pid579_00580_00005465_attention_mask.raw,54
22,810,train,HoGuom_01/00811_00002580.jpg,"nam chụp từ phía trước, tóc đen cắt cao, đeo kính trắng, da trắng, dáng cao và đậm người, áo phông có cổ nền xanh đậm kẻ ngang các màu trắng, đỏ, đeo túi xám phía trước, chắp tay sau lưng, quần sooc xanh dài quá đầu gối, đi dép crocs đỏ, đang bước chân trái lên trước, chân phải phía sau.",/Users/phamtunglam/Documents/Projects/mSigLIP/code/artifacts/deployment/qnn_inputs/vn3k_text_calib_500/raw/00022_pid810_00811_00002580_input_ids.raw,/Users/phamtunglam/Documents/Projects/mSigLIP/code/artifacts/deployment/qnn_inputs/vn3k_text_calib_500/raw/00022_pid810_00811_00002580_attention_mask.raw,64
23,1947,train,DHGTVT_00/01948_00011460.jpg,"nam tóc ngắn màu đen, mặc áo màu xám cộc tay, hai tay cầm điện thoại ngang ngực, mặc quần bò màu đen, đi giầy thể thao màu trắng có viền đen.",/Users/phamtunglam/Documents/Projects/mSigLIP/code/artifacts/deployment/qnn_inputs/vn3k_text_calib_500/raw/00023_pid1947_01948_00011460_input_ids.raw,/Users/phamtunglam/Documents/Projects/mSigLIP/code/artifacts/deployment/qnn_inputs/vn3k_text_calib_500/raw/00023_pid1947_01948_00011460_attention_mask.raw,64
24,731,train,HoGuom_00/00732_00012190.jpg,"người phụ nữ tóc dài màu đen buộc tóc sau gáy, mặc áo ngắn tay màu đen có chấm bi màu trắng, quần dài màu đen chấm trắng.",/Users/phamtunglam/Documents/Projects/mSigLIP/code/artifacts/deployment/qnn_inputs/vn3k_text_calib_500/raw/00024_pid731_00732_00012190_input_ids.raw,/Users/phamtunglam/Documents/Projects/mSigLIP/code/artifacts/deployment/qnn_inputs/vn3k_text_calib_500/raw/00024_pid731_00732_00012190_attention_mask.raw,58
25,1779,train,DHHN_HVBCVT_00/01780_00001395.jpg,"Một nam thanh niên đeo khẩu trang màu xanh nước biển, mặc áo khoác màu đen, mặc quần màu đen, đi giày màu xám.",/Users/phamtunglam/Documents/Projects/mSigLIP/code/artifacts/deployment/qnn_inputs/vn3k_text_calib_500/raw/00025_pid1779_01780_00001395_input_ids.raw,/Users/phamtunglam/Documents/Projects/mSigLIP/code/artifacts/deployment/qnn_inputs/vn3k_text_calib_500/raw/00025_pid1779_01780_00001395_attention_mask.raw,51
26,1317,train,HoGuom_01/01318_00008370.jpg,"Một người phụ nữ lớn tuổi tóc bạc màu trắng, đeo khẩu trang màu xanh nước biển nhạt, mặc bộ quần áo màu đen có pha các họa tiết màu xanh lá cây, đi dép màu tím.",/Users/phamtunglam/Documents/Projects/mSigLIP/code/artifacts/deployment/qnn_inputs/vn3k_text_calib_500/raw/00026_pid1317_01318_00008370_input_ids.raw,/Users/phamtunglam/Documents/Projects/mSigLIP/code/artifacts/deployment/qnn_inputs/vn3k_text_calib_500/raw/00026_pid1317_01318_00008370_attention_mask.raw,64
27,1264,train,HoGuom_01/01265_00008700.jpg,"Một em gái tóc ngắn màu đen, mặc áo màu hồng, mặc quần màu đen và đi giày màu trắng.",/Users/phamtunglam/Documents/Projects/mSigLIP/code/artifacts/deployment/qnn_inputs/vn3k_text_calib_500/raw/00027_pid1264_01265_00008700_input_ids.raw,/Users/phamtunglam/Documents/Projects/mSigLIP/code/artifacts/deployment/qnn_inputs/vn3k_text_calib_500/raw/00027_pid1264_01265_00008700_attention_mask.raw,42
28,546,train,HoGuom_00/00547_00003955.jpg,"người đàn ông tóc ngắn màu đen cắt cao, áo phông màu đen, 2 bên sườn có màu đỏ, quần sooc màu xám, đi dép màu nâu.",/Users/phamtunglam/Documents/Projects/mSigLIP/code/artifacts/deployment/qnn_inputs/vn3k_text_calib_500/raw/00028_pid546_00547_00003955_input_ids.raw,/Users/phamtunglam/Documents/Projects/mSigLIP/code/artifacts/deployment/qnn_inputs/vn3k_text_calib_500/raw/00028_pid546_00547_00003955_attention_mask.raw,54
29,595,train,HoGuom_00/00596_00006220.jpg,"người đàn ông tóc ngắn màu đen, mặc áo ngắn tay màu đen, cầm điện thoại màu đen, mặc quần dài màu ghi, đi dép màu đen.",/Users/phamtunglam/Documents/Projects/mSigLIP/code/artifacts/deployment/qnn_inputs/vn3k_text_calib_500/raw/00029_pid595_00596_00006220_input_ids.raw,/Users/phamtunglam/Documents/Projects/mSigLIP/code/artifacts/deployment/qnn_inputs/vn3k_text_calib_500/raw/00029_pid595_00596_00006220_attention_mask.raw,54
30,1666,train,DHHN_HVBCVT_00/01667_00047640.jpg,"nữ, tóc màu đen, mũ bảo hiểm màu trắng, khẩu trang màu đen, áo bên trong màu da cam, áo khoác ngoài màu đen, quần dài màu xanh đen, giày màu xám, đi xe máy màu đen.",/Users/phamtunglam/Documents/Projects/mSigLIP/code/artifacts/deployment/qnn_inputs/vn3k_text_calib_500/raw/00030_pid1666_01667_00047640_input_ids.raw,/Users/phamtunglam/Documents/Projects/mSigLIP/code/artifacts/deployment/qnn_inputs/vn3k_text_calib_500/raw/00030_pid1666_01667_00047640_attention_mask.raw,64
31,738,train,HoGuom_00/00739_00012340.jpg,"người đàn ông tóc ngắn màu đen, mặc áo phông ngắn tay màu xanh da trời, mặc quần sooc màu đen, đi tất màu đen, đi giày màu xám.",/Users/phamtunglam/Documents/Projects/mSigLIP/code/artifacts/deployment/qnn_inputs/vn3k_text_calib_500/raw/00031_pid738_00739_00012340_input_ids.raw,/Users/phamtunglam/Documents/Projects/mSigLIP/code/artifacts/deployment/qnn_inputs/vn3k_text_calib_500/raw/00031_pid738_00739_00012340_attention_mask.raw,59
32,125,train,HoGuom_00/00126_00002260.jpg,"nam mặc áo phông màu đỏ thẫm, tay đeo đồng hồ, mặc quần ngố tối màu.",/Users/phamtunglam/Documents/Projects/mSigLIP/code/artifacts/deployment/qnn_inputs/vn3k_text_calib_500/raw/00032_pid125_00126_00002260_input_ids.raw,/Users/phamtunglam/Documents/Projects/mSigLIP/code/artifacts/deployment/qnn_inputs/vn3k_text_calib_500/raw/00032_pid125_00126_00002260_attention_mask.raw,36
33,27,train,TRAINNING_DATA/Person28/output_6.jpg,"Một nữ giới trẻ tuổi, có mái tóc đen, dài ngang lưng, tóc mái rẽ sang hai bên để lộ phần trán, mặc chiếc áo khoác màu trắng có các đường viền kẻ màu xanh xung quanh thân áo và tay áo, và chiếc quần jeans màu xanh, chân đi đôi dép lê.",/Users/phamtunglam/Documents/Projects/mSigLIP/code/artifacts/deployment/qnn_inputs/vn3k_text_calib_500/raw/00033_pid27_output_6_input_ids.raw,/Users/phamtunglam/Documents/Projects/mSigLIP/code/artifacts/deployment/qnn_inputs/vn3k_text_calib_500/raw/00033_pid27_output_6_attention_mask.raw,64
34,864,train,HoGuom_01/00865_00010650.jpg,"nam tóc ngắn, mặc áo phông cộc tay màu đen, trên cánh tay phải có đeo miếng hình chữ nhật màu đen viền màu xám, mặc quần đùi màu đen, đi giầy thể thao màu đen đế giầy màu trắng.",/Users/phamtunglam/Documents/Projects/mSigLIP/code/artifacts/deployment/qnn_inputs/vn3k_text_calib_500/raw/00034_pid864_00865_00010650_input_ids.raw,/Users/phamtunglam/Documents/Projects/mSigLIP/code/artifacts/deployment/qnn_inputs/vn3k_text_calib_500/raw/00034_pid864_00865_00010650_attention_mask.raw,64
35,154,train,HoGuom_00/00155_00003525.jpg,"nam thanh niên đeo kính, mặc áo phông trắng, quần ngố đen, đi giày thể thao trắng.",/Users/phamtunglam/Documents/Projects/mSigLIP/code/artifacts/deployment/qnn_inputs/vn3k_text_calib_500/raw/00035_pid154_00155_00003525_input_ids.raw,/Users/phamtunglam/Documents/Projects/mSigLIP/code/artifacts/deployment/qnn_inputs/vn3k_text_calib_500/raw/00035_pid154_00155_00003525_attention_mask.raw,36
36,1045,train,HoGuom_01/01046_00000360.jpg,"nữ tóc ngang vai màu đen để xõa, đeo kính, đeo khẩu trang màu xanh nhạt, mặc áo hồng nhạt tay bồng lỡ, mặc quần sooc bò, đi giầy thể thao màu nâu đỏ đế màu trắng, chân trai co gối hướng về phía sau, sau lưng đeo ba lo nhỏ màu nâu.",/Users/phamtunglam/Documents/Projects/mSigLIP/code/artifacts/deployment/qnn_inputs/vn3k_text_calib_500/raw/00036_pid1045_01046_00000360_input_ids.raw,/Users/phamtunglam/Documents/Projects/mSigLIP/code/artifacts/deployment/qnn_inputs/vn3k_text_calib_500/raw/00036_pid1045_01046_00000360_attention_mask.raw,64
37,49,train,TEST_DATA/Person50.2/output_2.jpg,"Một cậu con trai tóc đen cắt ngắn, mặc áo phông màu xanh nước biển, quần đùi cũng màu xanh nước biển, đi giày thể thao màu đen, đeo tất cao cổ màu đen.",/Users/phamtunglam/Documents/Projects/mSigLIP/code/artifacts/deployment/qnn_inputs/vn3k_text_calib_500/raw/00037_pid49_output_2_input_ids.raw,/Users/phamtunglam/Documents/Projects/mSigLIP/code/artifacts/deployment/qnn_inputs/vn3k_text_calib_500/raw/00037_pid49_output_2_attention_mask.raw,64
38,436,train,HoGuom_00/00437_00014820.jpg,"nam thanh niên tóc ngắn mặc áo ngắn tay màu trắng, khoác ba lô đen, mặc quần sooc màu xám.",/Users/phamtunglam/Documents/Projects/mSigLIP/code/artifacts/deployment/qnn_inputs/vn3k_text_calib_500/raw/00038_pid436_00437_00014820_input_ids.raw,/Users/phamtunglam/Documents/Projects/mSigLIP/code/artifacts/deployment/qnn_inputs/vn3k_text_calib_500/raw/00038_pid436_00437_00014820_attention_mask.raw,42
39,1862,train,DHGTVT_00/01863_00003080.jpg,"nam tóc ngắn, mặc áo phông cổ và thân màu xanh nước biển thẫm, ngực và hai tay màu trắng, mặc quần thể thao màu đen dọc hai ống quần có viền trắng, đi giầy màu đen.",/Users/phamtunglam/Documents/Projects/mSigLIP/code/artifacts/deployment/qnn_inputs/vn3k_text_calib_500/raw/00039_pid1862_01863_00003080_input_ids.raw,/Users/phamtunglam/Documents/Projects/mSigLIP/code/artifacts/deployment/qnn_inputs/vn3k_text_calib_500/raw/00039_pid1862_01863_00003080_attention_mask.raw,64
40,1368,train,HoGuom_01/01369_00006270.jpg,"Một người đàn ông tóc màu đen, mặc áo polo màu xám, mặc quần short màu xanh và đi giày thể thao.",/Users/phamtunglam/Documents/Projects/mSigLIP/code/artifacts/deployment/qnn_inputs/vn3k_text_calib_500/raw/00040_pid1368_01369_00006270_input_ids.raw,/Users/phamtunglam/Documents/Projects/mSigLIP/code/artifacts/deployment/qnn_inputs/vn3k_text_calib_500/raw/00040_pid1368_01369_00006270_attention_mask.raw,45
41,314,train,HoGuom_00/00315_00010275.jpg,"nữ tầm 50 tuổi, mặc áo hoa và quần hoa nhiều màu sặc sỡ.",/Users/phamtunglam/Documents/Projects/mSigLIP/code/artifacts/deployment/qnn_inputs/vn3k_text_calib_500/raw/00041_pid314_00315_00010275_input_ids.raw,/Users/phamtunglam/Documents/Projects/mSigLIP/code/artifacts/deployment/qnn_inputs/vn3k_text_calib_500/raw/00041_pid314_00315_00010275_attention_mask.raw,35
42,1656,train,DHHN_HVBCVT_00/01657_00043110.jpg,"cô gái tóc dài màu đen, áo khoác màu đỏ trắng, quần dài màu đen có kẻ sọc màu trắng, đi giày màu trắng.",/Users/phamtunglam/Documents/Projects/mSigLIP/code/artifacts/deployment/qnn_inputs/vn3k_text_calib_500/raw/00042_pid1656_01657_00043110_input_ids.raw,/Users/phamtunglam/Documents/Projects/mSigLIP/code/artifacts/deployment/qnn_inputs/vn3k_text_calib_500/raw/00042_pid1656_01657_00043110_attention_mask.raw,48
43,1272,train,HoGuom_01/01273_00007770.jpg,"Một em nhỏ có tóc màu đen, mặc váy màu đỏ, đi giày màu hồng.",/Users/phamtunglam/Documents/Projects/mSigLIP/code/artifacts/deployment/qnn_inputs/vn3k_text_calib_500/raw/00043_pid1272_01273_00007770_input_ids.raw,/Users/phamtunglam/Documents/Projects/mSigLIP/code/artifacts/deployment/qnn_inputs/vn3k_text_calib_500/raw/00043_pid1272_01273_00007770_attention_mask.raw,29
44,681,train,HoGuom_00/00682_00009730.jpg,"cô bé tóc dài màu đen, xõa tóc hai bên, mặc áo ngắn tay màu trắng, cổ đeo dây màu đỏ, tay cầm túi màu trắng, đi giày thể thao màu đỏ.",/Users/phamtunglam/Documents/Projects/mSigLIP/code/artifacts/deployment/qnn_inputs/vn3k_text_calib_500/raw/00044_pid681_00682_00009730_input_ids.raw,/Users/phamtunglam/Documents/Projects/mSigLIP/code/artifacts/deployment/qnn_inputs/vn3k_text_calib_500/raw/00044_pid681_00682_00009730_attention_mask.raw,64
45,913,train,HoGuom_01/00914_00005070.jpg,"nữ đeo kính trắng, buộc tóc ra phía sau, mặc áo phông màu trắng hồng, đeo túi ở vai phải, mặc quần đen ngắn đến giữa ống đồng, đi sục giả giày thể thao trắng.",/Users/phamtunglam/Documents/Projects/mSigLIP/code/artifacts/deployment/qnn_inputs/vn3k_text_calib_500/raw/00045_pid913_00914_00005070_input_ids.raw,/Users/phamtunglam/Documents/Projects/mSigLIP/code/artifacts/deployment/qnn_inputs/vn3k_text_calib_500/raw/00045_pid913_00914_00005070_attention_mask.raw,64
46,94,train,HoGuom_00/00095_00001075.jpg,"nam mặc áo phông vàng, quần dài đen, đi giày đen.",/Users/phamtunglam/Documents/Projects/mSigLIP/code/artifacts/deployment/qnn_inputs/vn3k_text_calib_500/raw/00046_pid94_00095_00001075_input_ids.raw,/Users/phamtunglam/Documents/Projects/mSigLIP/code/artifacts/deployment/qnn_inputs/vn3k_text_calib_500/raw/00046_pid94_00095_00001075_attention_mask.raw,23
47,1679,train,DHHN_HVBCVT_00/01680_00001335.jpg,"người phụ nữ mặc áo khoác dài màu đen, khoác ba lô màu xám, mặc quần dài màu đen, đi giày thể thao màu trắng.",/Users/phamtunglam/Documents/Projects/mSigLIP/code/artifacts/deployment/qnn_inputs/vn3k_text_calib_500/raw/00047_pid1679_01680_00001335_input_ids.raw,/Users/phamtunglam/Documents/Projects/mSigLIP/code/artifacts/deployment/qnn_inputs/vn3k_text_calib_500/raw/00047_pid1679_01680_00001335_attention_mask.raw,53
48,727,train,HoGuom_00/00728_00012325.jpg,"người phụ nữ tóc dài màu đen, mặc áo phông ngắn tay màu vàng, quần đùi màu đen, đi giày màu xanh ngọc.",/Users/phamtunglam/Documents/Projects/mSigLIP/code/artifacts/deployment/qnn_inputs/vn3k_text_calib_500/raw/00048_pid727_00728_00012325_input_ids.raw,/Users/phamtunglam/Documents/Projects/mSigLIP/code/artifacts/deployment/qnn_inputs/vn3k_text_calib_500/raw/00048_pid727_00728_00012325_attention_mask.raw,47
49,733,train,HoGuom_00/00734_00012555.jpg,"người đàn ông tóc ngắn màu đen, mặc áo phông ngắn tay màu xanh, đeo túi chéo quai màu đen, mặc quần sooc màu đen.",/Users/phamtunglam/Documents/Projects/mSigLIP/code/artifacts/deployment/qnn_inputs/vn3k_text_calib_500/raw/00049_pid733_00734_00012555_input_ids.raw,/Users/phamtunglam/Documents/Projects/mSigLIP/code/artifacts/deployment/qnn_inputs/vn3k_text_calib_500/raw/00049_pid733_00734_00012555_attention_mask.raw,54
50,538,train,HoGuom_00/00539_00003555.jpg,"Cậu bé tóc ngắn màu đen, mặc áo phông màu xanh nước biển, trước ngực có hình màu xanh lá cây, quần sooc màu đen, đi đôi giày màu đen.",/Users/phamtunglam/Documents/Projects/mSigLIP/code/artifacts/deployment/qnn_inputs/vn3k_text_calib_500/raw/00050_pid538_00539_00003555_input_ids.raw,/Users/phamtunglam/Documents/Projects/mSigLIP/code/artifacts/deployment/qnn_inputs/vn3k_text_calib_500/raw/00050_pid538_00539_00003555_attention_mask.raw,58
51,1145,train,HoGuom_01/01146_00002040.jpg,"Một cô gái đội mũ trắng, tóc dài màu nâu để tóc phía trước, khoác túi màu nâu, mặc áo màu xám, quần bò màu xanh, đi giày màu đen, đang đi bộ.",/Users/phamtunglam/Documents/Projects/mSigLIP/code/artifacts/deployment/qnn_inputs/vn3k_text_calib_500/raw/00051_pid1145_01146_00002040_input_ids.raw,/Users/phamtunglam/Documents/Projects/mSigLIP/code/artifacts/deployment/qnn_inputs/vn3k_text_calib_500/raw/00051_pid1145_01146_00002040_attention_mask.raw,64
52,385,train,HoGuom_00/00386_00012850.jpg,"nữ mặc váy ngắn ca rô đen trắng, áo phông màu hồng, đi giày trắng.",/Users/phamtunglam/Documents/Projects/mSigLIP/code/artifacts/deployment/qnn_inputs/vn3k_text_calib_500/raw/00052_pid385_00386_00012850_input_ids.raw,/Users/phamtunglam/Documents/Projects/mSigLIP/code/artifacts/deployment/qnn_inputs/vn3k_text_calib_500/raw/00052_pid385_00386_00012850_attention_mask.raw,32
53,1000,train,HoGuom_01/01001_00010015.jpg,"Bé gái tóc dài buộc phía sau màu đen, mặc váy hồng dài đến gối cộc tay, vai trái đeo túi màu trắng tay bám vào quai túi, đi giầy màu hồng.",/Users/phamtunglam/Documents/Projects/mSigLIP/code/artifacts/deployment/qnn_inputs/vn3k_text_calib_500/raw/00053_pid1000_01001_00010015_input_ids.raw,/Users/phamtunglam/Documents/Projects/mSigLIP/code/artifacts/deployment/qnn_inputs/vn3k_text_calib_500/raw/00053_pid1000_01001_00010015_attention_mask.raw,64
54,1155,train,HoGuom_01/01156_00000120.jpg,"Một người phụ nữ tóc ngắn chớm vai, mặc áo khoác đen lửng, quần dài màu xanh rêu, đang ngồi.",/Users/phamtunglam/Documents/Projects/mSigLIP/code/artifacts/deployment/qnn_inputs/vn3k_text_calib_500/raw/00054_pid1155_01156_00000120_input_ids.raw,/Users/phamtunglam/Documents/Projects/mSigLIP/code/artifacts/deployment/qnn_inputs/vn3k_text_calib_500/raw/00054_pid1155_01156_00000120_attention_mask.raw,46
55,1287,train,HoGuom_01/01288_00006660.jpg,"Một em trai tóc màu đen, đeo khẩu trang, mặc áo phông màu xanh, mặc quần short màu xám và đi dép đen.",/Users/phamtunglam/Documents/Projects/mSigLIP/code/artifacts/deployment/qnn_inputs/vn3k_text_calib_500/raw/00055_pid1287_01288_00006660_input_ids.raw,/Users/phamtunglam/Documents/Projects/mSigLIP/code/artifacts/deployment/qnn_inputs/vn3k_text_calib_500/raw/00055_pid1287_01288_00006660_attention_mask.raw,47
56,1033,train,HoGuom_01/01034_00000061.jpg,"nam tóc ngắn, đeo khẩu trang màu xanh da trời, mặc áo cộc tay màu xanh da trời nhạt, mặc quần kaki màu vàng da, đi giầy màu vàng da, tay khoanh trước ngực và cầm chiếc áo khoác màu đen, hai chân bước rộng.",/Users/phamtunglam/Documents/Projects/mSigLIP/code/artifacts/deployment/qnn_inputs/vn3k_text_calib_500/raw/00056_pid1033_01034_00000061_input_ids.raw,/Users/phamtunglam/Documents/Projects/mSigLIP/code/artifacts/deployment/qnn_inputs/vn3k_text_calib_500/raw/00056_pid1033_01034_00000061_attention_mask.raw,64
57,1435,train,HoGuom_01/01436_2.jpg,"Một người đàn ông mặc áo cộc tay màu trắng xám, mặc quần đùi bò màu xanh biển đậm,đeo khẩu trang y tế.",/Users/phamtunglam/Documents/Projects/mSigLIP/code/artifacts/deployment/qnn_inputs/vn3k_text_calib_500/raw/00057_pid1435_01436_2_input_ids.raw,/Users/phamtunglam/Documents/Projects/mSigLIP/code/artifacts/deployment/qnn_inputs/vn3k_text_calib_500/raw/00057_pid1435_01436_2_attention_mask.raw,55
58,541,train,HoGuom_00/00542_00003610.jpg,"người đàn ông tóc ngắn màu đen, áo phông ngắn tay cổ tròn màu xanh than có kẻ trắng ở 2 bên sườn, quần đùi màu vàng có kẻ xanh, đi dép màu đen.",/Users/phamtunglam/Documents/Projects/mSigLIP/code/artifacts/deployment/qnn_inputs/vn3k_text_calib_500/raw/00058_pid541_00542_00003610_input_ids.raw,/Users/phamtunglam/Documents/Projects/mSigLIP/code/artifacts/deployment/qnn_inputs/vn3k_text_calib_500/raw/00058_pid541_00542_00003610_attention_mask.raw,63
59,14,train,TEST_DATA/Person15.2/output_6.jpg,"Một nữ thanh niên đang đi đôi giày màu đen thể thao, mặc quần bò bó có xắn gấu quần, mặc áo phông đen có in chữ và hình màu trắng ở phía trước ngực áo, tay trái đeo đồng hồ, tóc màu đen cột vừa ở đằng sau, tóc mái dài chấm lông mày và rẽ ngôi giữa trán.",/Users/phamtunglam/Documents/Projects/mSigLIP/code/artifacts/deployment/qnn_inputs/vn3k_text_calib_500/raw/00059_pid14_output_6_input_ids.raw,/Users/phamtunglam/Documents/Projects/mSigLIP/code/artifacts/deployment/qnn_inputs/vn3k_text_calib_500/raw/00059_pid14_output_6_attention_mask.raw,64
60,1540,train,DHHN_HVBCVT_00/01541_00001590.jpg,"nữ mặc áo khoác màu đen, đầu đội mũ màu xám, mặc quần dài màu đen, đi giầy thể thao màu đen, viền đế giầy màu trắng, đeo ba lô màu đen phía sau lưng.",/Users/phamtunglam/Documents/Projects/mSigLIP/code/artifacts/deployment/qnn_inputs/vn3k_text_calib_500/raw/00060_pid1540_01541_00001590_input_ids.raw,/Users/phamtunglam/Documents/Projects/mSigLIP/code/artifacts/deployment/qnn_inputs/vn3k_text_calib_500/raw/00060_pid1540_01541_00001590_attention_mask.raw,64
61,635,train,HoGuom_00/00636_00007545.jpg,"người phụ nữ tóc ngắn màu đen, khoác ba lô màu đen, áo phông ngắn tay màu trắng, quần lửng màu đỏ đậm, đi dép màu trắng.",/Users/phamtunglam/Documents/Projects/mSigLIP/code/artifacts/deployment/qnn_inputs/vn3k_text_calib_500/raw/00061_pid635_00636_00007545_input_ids.raw,/Users/phamtunglam/Documents/Projects/mSigLIP/code/artifacts/deployment/qnn_inputs/vn3k_text_calib_500/raw/00061_pid635_00636_00007545_attention_mask.raw,55
62,839,train,HoGuom_01/00840_00009480.jpg,"nữ tóc dài đen để xõa, mặc áo dài tay màu vàng gấu áo và gấu tay áo viền bo màu trắng, mặc chân váy ngắn trên gối màu đen, đi giầy bệt màu trắng.",/Users/phamtunglam/Documents/Projects/mSigLIP/code/artifacts/deployment/qnn_inputs/vn3k_text_calib_500/raw/00062_pid839_00840_00009480_input_ids.raw,/Users/phamtunglam/Documents/Projects/mSigLIP/code/artifacts/deployment/qnn_inputs/vn3k_text_calib_500/raw/00062_pid839_00840_00009480_attention_mask.raw,64
63,1144,train,HoGuom_01/01145_00000735.jpg,"Một người phụ nữ tóc màu đen buộc tóc, mặc áo màu nâu, quần đùi màu cam, đi giày màu đen đang đi bộ.",/Users/phamtunglam/Documents/Projects/mSigLIP/code/artifacts/deployment/qnn_inputs/vn3k_text_calib_500/raw/00063_pid1144_01145_00000735_input_ids.raw,/Users/phamtunglam/Documents/Projects/mSigLIP/code/artifacts/deployment/qnn_inputs/vn3k_text_calib_500/raw/00063_pid1144_01145_00000735_attention_mask.raw,50
64,143,train,HoGuom_00/00144_00003080.jpg,"nữ tóc dài qua vai, mặc áo phông trắng có in hình ảnh cô gái đeo kính trước ngực, mặc quần màu đen.",/Users/phamtunglam/Documents/Projects/mSigLIP/code/artifacts/deployment/qnn_inputs/vn3k_text_calib_500/raw/00064_pid143_00144_00003080_input_ids.raw,/Users/phamtunglam/Documents/Projects/mSigLIP/code/artifacts/deployment/qnn_inputs/vn3k_text_calib_500/raw/00064_pid143_00144_00003080_attention_mask.raw,46
65,918,train,HoGuom_01/00919_00008460.jpg,"nam tóc đầu hói, mặc áo sơ mi cộc tay màu xanh nhạt, mặc quần đen dài, đeo túi chéo vai màu đen, đi giầy màu đen, đầu gối bên phải co về phía trước.",/Users/phamtunglam/Documents/Projects/mSigLIP/code/artifacts/deployment/qnn_inputs/vn3k_text_calib_500/raw/00065_pid918_00919_00008460_input_ids.raw,/Users/phamtunglam/Documents/Projects/mSigLIP/code/artifacts/deployment/qnn_inputs/vn3k_text_calib_500/raw/00065_pid918_00919_00008460_attention_mask.raw,64
66,671,train,HoGuom_00/00672_00008740.jpg,"người phụ nữ tóc ngắn ngang vai màu đen, mặc áo tay lỡ màu ghi, chân váy dài màu trắng, đi giày cao gót màu xám.",/Users/phamtunglam/Documents/Projects/mSigLIP/code/artifacts/deployment/qnn_inputs/vn3k_text_calib_500/raw/00066_pid671_00672_00008740_input_ids.raw,/Users/phamtunglam/Documents/Projects/mSigLIP/code/artifacts/deployment/qnn_inputs/vn3k_text_calib_500/raw/00066_pid671_00672_00008740_attention_mask.raw,51
67,65,train,TEST_DATA/Person66.2/output_6.jpg,"Một anh con trai mặc một bộ quần đùi áo phông màu đen có đường kẻ trắng ngắn trang trí ở trên gấu quần bên trái và trên ngực áo trái, tóc đen cắt ngắn, chân đi giày thể thao màu trắng có các đường viền màu xanh tím than ở bên ngoài giày.",/Users/phamtunglam/Documents/Projects/mSigLIP/code/artifacts/deployment/qnn_inputs/vn3k_text_calib_500/raw/00067_pid65_output_6_input_ids.raw,/Users/phamtunglam/Documents/Projects/mSigLIP/code/artifacts/deployment/qnn_inputs/vn3k_text_calib_500/raw/00067_pid65_output_6_attention_mask.raw,64
68,740,train,HoGuom_00/00741_00012235.jpg,"nam thanh niên tóc ngắn màu đen, mặc áo phông ngắn tay màu đen, khoác túi chéo màu đen, quần đùi màu trắng, đi giày màu đen.",/Users/phamtunglam/Documents/Projects/mSigLIP/code/artifacts/deployment/qnn_inputs/vn3k_text_calib_500/raw/00068_pid740_00741_00012235_input_ids.raw,/Users/phamtunglam/Documents/Projects/mSigLIP/code/artifacts/deployment/qnn_inputs/vn3k_text_calib_500/raw/00068_pid740_00741_00012235_attention_mask.raw,55
69,1332,train,HoGuom_01/01333_00005715.jpg,"Một cô gái có mái tóc màu đen, để thả tóc, mặc áo phông màu trắng, mặc chân váy màu đen, đi giày màu đen, khoác túi đựng đàn màu đen.",/Users/phamtunglam/Documents/Projects/mSigLIP/code/artifacts/deployment/qnn_inputs/vn3k_text_calib_500/raw/00069_pid1332_01333_00005715_input_ids.raw,/Users/phamtunglam/Documents/Projects/mSigLIP/code/artifacts/deployment/qnn_inputs/vn3k_text_calib_500/raw/00069_pid1332_01333_00005715_attention_mask.raw,64
70,487,train,HoGuom_00/00488_00017380.jpg,"người phụ nữ tóc dài màu đen, đeo kính, mặc quần áo đen, đi giày đen, mang theo túi xách màu nâu.",/Users/phamtunglam/Documents/Projects/mSigLIP/code/artifacts/deployment/qnn_inputs/vn3k_text_calib_500/raw/00070_pid487_00488_00017380_input_ids.raw,/Users/phamtunglam/Documents/Projects/mSigLIP/code/artifacts/deployment/qnn_inputs/vn3k_text_calib_500/raw/00070_pid487_00488_00017380_attention_mask.raw,47
71,1009,train,HoGuom_01/01010_00000795.jpg,"nữ tóc dài buộc sau gáy, đeo khẩu trang màu ghi, mặc áo dài tay màu da, mặc chân váy dài qua gối, đeo túi trước bụng, hai chân bước rộng.",/Users/phamtunglam/Documents/Projects/mSigLIP/code/artifacts/deployment/qnn_inputs/vn3k_text_calib_500/raw/00071_pid1009_01010_00000795_input_ids.raw,/Users/phamtunglam/Documents/Projects/mSigLIP/code/artifacts/deployment/qnn_inputs/vn3k_text_calib_500/raw/00071_pid1009_01010_00000795_attention_mask.raw,64
72,418,train,HoGuom_00/00419_00014645.jpg,"thanh niên tóc rẽ ngồi giữa, áo dài tay màu trắng sọc, mặc quần dài màu tối.",/Users/phamtunglam/Documents/Projects/mSigLIP/code/artifacts/deployment/qnn_inputs/vn3k_text_calib_500/raw/00072_pid418_00419_00014645_input_ids.raw,/Users/phamtunglam/Documents/Projects/mSigLIP/code/artifacts/deployment/qnn_inputs/vn3k_text_calib_500/raw/00072_pid418_00419_00014645_attention_mask.raw,41
73,105,train,HoGuom_00/00106_00001870.jpg,"thanh niên mặc áo phông xanh, quần ghi sáng, đi giày thể thao, đeo túi chéo đen ngang vai.",/Users/phamtunglam/Documents/Projects/mSigLIP/code/artifacts/deployment/qnn_inputs/vn3k_text_calib_500/raw/00073_pid105_00106_00001870_input_ids.raw,/Users/phamtunglam/Documents/Projects/mSigLIP/code/artifacts/deployment/qnn_inputs/vn3k_text_calib_500/raw/00073_pid105_00106_00001870_attention_mask.raw,40
74,63,train,TEST_DATA/Person64.2/output_9.jpg,"Một phụ nữ mặc bộ đồ màu đen, áo cộc tay, cổ tròn, quần dài, chân đi đôi giày màu đen, tóc búi cao phía sau.",/Users/phamtunglam/Documents/Projects/mSigLIP/code/artifacts/deployment/qnn_inputs/vn3k_text_calib_500/raw/00074_pid63_output_9_input_ids.raw,/Users/phamtunglam/Documents/Projects/mSigLIP/code/artifacts/deployment/qnn_inputs/vn3k_text_calib_500/raw/00074_pid63_output_9_attention_mask.raw,52
75,1632,train,DHHN_HVBCVT_00/01633_00033150.jpg,"nữ, tóc màu đen, áo khoác ngoài màu đen kẻ sọc màu trắng ở tay áo, áo trong màu vàng, quần dài màu đen, xách túi màu trắng.",/Users/phamtunglam/Documents/Projects/mSigLIP/code/artifacts/deployment/qnn_inputs/vn3k_text_calib_500/raw/00075_pid1632_01633_00033150_input_ids.raw,/Users/phamtunglam/Documents/Projects/mSigLIP/code/artifacts/deployment/qnn_inputs/vn3k_text_calib_500/raw/00075_pid1632_01633_00033150_attention_mask.raw,62
76,336,train,HoGuom_00/00337_00010720.jpg,"nữ đi giày đen bệt, quần dài màu đen, áo dài màu trắng.",/Users/phamtunglam/Documents/Projects/mSigLIP/code/artifacts/deployment/qnn_inputs/vn3k_text_calib_500/raw/00076_pid336_00337_00010720_input_ids.raw,/Users/phamtunglam/Documents/Projects/mSigLIP/code/artifacts/deployment/qnn_inputs/vn3k_text_calib_500/raw/00076_pid336_00337_00010720_attention_mask.raw,28
77,1266,train,HoGuom_01/01267_00004440.jpg,"Một người đàn ông tóc màu đen, đeo balo, mặc áo màu hồng, mặc quần màu tím và đi giày màu xám.",/Users/phamtunglam/Documents/Projects/mSigLIP/code/artifacts/deployment/qnn_inputs/vn3k_text_calib_500/raw/00077_pid1266_01267_00004440_input_ids.raw,/Users/phamtunglam/Documents/Projects/mSigLIP/code/artifacts/deployment/qnn_inputs/vn3k_text_calib_500/raw/00077_pid1266_01267_00004440_attention_mask.raw,46
78,1957,train,DHGTVT_00/01958_00014460.jpg,"nam tóc ngắn màu đen, mặc áo phông cộc tay màu xanh xám, mặc quần bò màu đen đi giầy thể thao màu trắng có viền đen sau gót.",/Users/phamtunglam/Documents/Projects/mSigLIP/code/artifacts/deployment/qnn_inputs/vn3k_text_calib_500/raw/00078_pid1957_01958_00014460_input_ids.raw,/Users/phamtunglam/Documents/Projects/mSigLIP/code/artifacts/deployment/qnn_inputs/vn3k_text_calib_500/raw/00078_pid1957_01958_00014460_attention_mask.raw,60
79,122,train,HoGuom_00/00123_00002520.jpg,"nam thanh niên tóc cắt ngắn, mặc áo phông trắng, quần bò màu xanh, đi giày thể thao đen.",/Users/phamtunglam/Documents/Projects/mSigLIP/code/artifacts/deployment/qnn_inputs/vn3k_text_calib_500/raw/00079_pid122_00123_00002520_input_ids.raw,/Users/phamtunglam/Documents/Projects/mSigLIP/code/artifacts/deployment/qnn_inputs/vn3k_text_calib_500/raw/00079_pid122_00123_00002520_attention_mask.raw,40
80,273,train,HoGuom_00/00274_00008700.jpg,"nam sơ vin mặc áo trắng ngắn ta, quần dài màu đen.",/Users/phamtunglam/Documents/Projects/mSigLIP/code/artifacts/deployment/qnn_inputs/vn3k_text_calib_500/raw/00080_pid273_00274_00008700_input_ids.raw,/Users/phamtunglam/Documents/Projects/mSigLIP/code/artifacts/deployment/qnn_inputs/vn3k_text_calib_500/raw/00080_pid273_00274_00008700_attention_mask.raw,25
81,1664,train,DHHN_HVBCVT_00/01665_00046755.jpg,"người đàn ông tóc ngắn màu đen, khẩu trang màu xanh da trời, mặc áo dài tay màu xanh rêu, tay áo màu đen, trước ngực màu trắng, quần dài màu xanh đen có sọc dọc màu trắng, đi dép màu đen.",/Users/phamtunglam/Documents/Projects/mSigLIP/code/artifacts/deployment/qnn_inputs/vn3k_text_calib_500/raw/00081_pid1664_01665_00046755_input_ids.raw,/Users/phamtunglam/Documents/Projects/mSigLIP/code/artifacts/deployment/qnn_inputs/vn3k_text_calib_500/raw/00081_pid1664_01665_00046755_attention_mask.raw,64
82,699,train,HoGuom_00/00700_00010315.jpg,"người đàn ông tóc ngắn màu đen, mặc áo phông ngắn tay có cổ màu xám và nâu, mặc quần sooc màu xanh, đi dép màu nâu.",/Users/phamtunglam/Documents/Projects/mSigLIP/code/artifacts/deployment/qnn_inputs/vn3k_text_calib_500/raw/00082_pid699_00700_00010315_input_ids.raw,/Users/phamtunglam/Documents/Projects/mSigLIP/code/artifacts/deployment/qnn_inputs/vn3k_text_calib_500/raw/00082_pid699_00700_00010315_attention_mask.raw,56
83,1041,train,HoGuom_01/01042_0000013.jpg,"nam tóc ngắn, mặc áo phông cổ tròn cộc tay màu lông chuột, trước ngực có hai dòng chữ và hình cái kính, mặc quần sooc bò dài đến gối, đi dép lê, tay phải vung về phía trước, chân trái bước trước, chân phải phía sau.",/Users/phamtunglam/Documents/Projects/mSigLIP/code/artifacts/deployment/qnn_inputs/vn3k_text_calib_500/raw/00083_pid1041_01042_0000013_input_ids.raw,/Users/phamtunglam/Documents/Projects/mSigLIP/code/artifacts/deployment/qnn_inputs/vn3k_text_calib_500/raw/00083_pid1041_01042_0000013_attention_mask.raw,64
84,804,train,HoGuom_01/00805_00002475.jpg,"nữ tóc dài để xõa, mặc áo cộc tay màu đỏ, đeo túi màu trắng bên vai trái, mặc quần sooc màu đen, đi giầy thể thao màu trắng.",/Users/phamtunglam/Documents/Projects/mSigLIP/code/artifacts/deployment/qnn_inputs/vn3k_text_calib_500/raw/00084_pid804_00805_00002475_input_ids.raw,/Users/phamtunglam/Documents/Projects/mSigLIP/code/artifacts/deployment/qnn_inputs/vn3k_text_calib_500/raw/00084_pid804_00805_00002475_attention_mask.raw,64
85,1210,train,HoGuom_01/01211_00002955.jpg,"Một người phụ nữ tóc ngắn ngang vai màu đen, mặc váy gần đến đầu gối màu đen, đi giày màu trắng, đeo túi màu nâu.",/Users/phamtunglam/Documents/Projects/mSigLIP/code/artifacts/deployment/qnn_inputs/vn3k_text_calib_500/raw/00085_pid1210_01211_00002955_input_ids.raw,/Users/phamtunglam/Documents/Projects/mSigLIP/code/artifacts/deployment/qnn_inputs/vn3k_text_calib_500/raw/00085_pid1210_01211_00002955_attention_mask.raw,55
86,627,train,HoGuom_00/00628_00007285.jpg,"người đàn ông tóc ngắn màu vàng, đeo kính, mặc áo phông ngắn tay có cổ màu da cam, quần sooc màu nâu, đi dép tông màu đen.",/Users/phamtunglam/Documents/Projects/mSigLIP/code/artifacts/deployment/qnn_inputs/vn3k_text_calib_500/raw/00086_pid627_00628_00007285_input_ids.raw,/Users/phamtunglam/Documents/Projects/mSigLIP/code/artifacts/deployment/qnn_inputs/vn3k_text_calib_500/raw/00086_pid627_00628_00007285_attention_mask.raw,55
87,388,train,HoGuom_00/00389_00013330.jpg,"nam thanh niên đi giày thể thao đỏ, mặc áo phông đỏ, quần ngố xám.",/Users/phamtunglam/Documents/Projects/mSigLIP/code/artifacts/deployment/qnn_inputs/vn3k_text_calib_500/raw/00087_pid388_00389_00013330_input_ids.raw,/Users/phamtunglam/Documents/Projects/mSigLIP/code/artifacts/deployment/qnn_inputs/vn3k_text_calib_500/raw/00087_pid388_00389_00013330_attention_mask.raw,32
88,1843,train,HoGuom_00/01844_00014315.jpg,"nữ đeo kính mặc áo phông màu vàng, quần đùi màu đen.",/Users/phamtunglam/Documents/Projects/mSigLIP/code/artifacts/deployment/qnn_inputs/vn3k_text_calib_500/raw/00088_pid1843_01844_00014315_input_ids.raw,/Users/phamtunglam/Documents/Projects/mSigLIP/code/artifacts/deployment/qnn_inputs/vn3k_text_calib_500/raw/00088_pid1843_01844_00014315_attention_mask.raw,29
89,47,train,TEST_DATA/Person48.2/output_6.jpg,"Một cô gái trẻ đi dép lê màu đen, mặc một chiếc quần dài màu đen, mặc một chiếc áo phông đỏ bó lấy người, tóc cô để xõa đến vai trong đó có một phần tóc ở bên trái được gài qua tai, tóc mái của cô dài và rẽ ngôi giữa.",/Users/phamtunglam/Documents/Projects/mSigLIP/code/artifacts/deployment/qnn_inputs/vn3k_text_calib_500/raw/00089_pid47_output_6_input_ids.raw,/Users/phamtunglam/Documents/Projects/mSigLIP/code/artifacts/deployment/qnn_inputs/vn3k_text_calib_500/raw/00089_pid47_output_6_attention_mask.raw,64
90,1606,train,DHHN_HVBCVT_00/01607_00020040.jpg,"nữ đeo ba lô đỏ, đeo khẩu trang màu xanh, mặc áo khoác trắng sọc ngang đen, quần dài màu đen có sọc trắng 2 bên, đi giày thể thao đỏ.",/Users/phamtunglam/Documents/Projects/mSigLIP/code/artifacts/deployment/qnn_inputs/vn3k_text_calib_500/raw/00090_pid1606_01607_00020040_input_ids.raw,/Users/phamtunglam/Documents/Projects/mSigLIP/code/artifacts/deployment/qnn_inputs/vn3k_text_calib_500/raw/00090_pid1606_01607_00020040_attention_mask.raw,64
91,1464,train,HoGuom_01/01465_2.jpg,"Một cô gái tóc ngắn ngang vai màu khói, mặc áo khoác bò màu xanh nhạt, mặc quần short bò màu xanh đậm, đi giầy thể thao màu trắng, đi tất màu trắng.",/Users/phamtunglam/Documents/Projects/mSigLIP/code/artifacts/deployment/qnn_inputs/vn3k_text_calib_500/raw/00091_pid1464_01465_2_input_ids.raw,/Users/phamtunglam/Documents/Projects/mSigLIP/code/artifacts/deployment/qnn_inputs/vn3k_text_calib_500/raw/00091_pid1464_01465_2_attention_mask.raw,64
92,909,train,HoGuom_01/00910_00003450.jpg,"nữ tóc màu hạt dẻ cắt đầu vuông buộc ít tóc cao, mặc áo cộc tay màu đỏ, hai tay cầm điện thoại trước ngực, mặc chân váy dài qua gối màu hồng, đi giầy thể thao màu trắng, chân trái co gối phía sau chân phải bước phía trước.",/Users/phamtunglam/Documents/Projects/mSigLIP/code/artifacts/deployment/qnn_inputs/vn3k_text_calib_500/raw/00092_pid909_00910_00003450_input_ids.raw,/Users/phamtunglam/Documents/Projects/mSigLIP/code/artifacts/deployment/qnn_inputs/vn3k_text_calib_500/raw/00092_pid909_00910_00003450_attention_mask.raw,64
93,832,train,HoGuom_01/00833_00007515.jpg,"nữ thanh niên, đeo khẩu trang dưới cằm, đeo kính trắng, mặc áo khoác bò màu xanh bên ngoài, bên trong mặc váy chấm bi màu đen, màu trắng dài qua gối, đi guốc có nơ, tóc đen.",/Users/phamtunglam/Documents/Projects/mSigLIP/code/artifacts/deployment/qnn_inputs/vn3k_text_calib_500/raw/00093_pid832_00833_00007515_input_ids.raw,/Users/phamtunglam/Documents/Projects/mSigLIP/code/artifacts/deployment/qnn_inputs/vn3k_text_calib_500/raw/00093_pid832_00833_00007515_attention_mask.raw,64
94,929,train,HoGuom_01/00930_00009631.jpg,"nữ tóc màu hạt dẻ, mặc áo váy hai dây váy dài đến gối màu trắng, vai phải đeo túi quai túi màu đen, trên cánh tay phải treo áo màu trắng, tay phải cầm một vật màu đen, đi giầy thể thao màu trắng đen.",/Users/phamtunglam/Documents/Projects/mSigLIP/code/artifacts/deployment/qnn_inputs/vn3k_text_calib_500/raw/00094_pid929_00930_00009631_input_ids.raw,/Users/phamtunglam/Documents/Projects/mSigLIP/code/artifacts/deployment/qnn_inputs/vn3k_text_calib_500/raw/00094_pid929_00930_00009631_attention_mask.raw,64
95,512,train,HoGuom_00/00513_00001750.jpg,"người đàn ông tóc màu đen, cởi trần, quần đùi caro xanh đen, tất đen, giày trắng.",/Users/phamtunglam/Documents/Projects/mSigLIP/code/artifacts/deployment/qnn_inputs/vn3k_text_calib_500/raw/00095_pid512_00513_00001750_input_ids.raw,/Users/phamtunglam/Documents/Projects/mSigLIP/code/artifacts/deployment/qnn_inputs/vn3k_text_calib_500/raw/00095_pid512_00513_00001750_attention_mask.raw,35
96,1823,train,DHHN_HVBCVT_00/01824_00022260.jpg,"cô gái tóc búi gọn đằng sau, mặc áo nỉ chui đầu màu ghi, quần dài bó màu đen, đi sục màu trắng, đeo túi quai chéo màu đen.",/Users/phamtunglam/Documents/Projects/mSigLIP/code/artifacts/deployment/qnn_inputs/vn3k_text_calib_500/raw/00096_pid1823_01824_00022260_input_ids.raw,/Users/phamtunglam/Documents/Projects/mSigLIP/code/artifacts/deployment/qnn_inputs/vn3k_text_calib_500/raw/00096_pid1823_01824_00022260_attention_mask.raw,62
97,981,train,HoGuom_01/00982_00007065.jpg,"nữ tóc dài buộc sau gáy, mặc áo cộc tay màu trắng, mặc quần dài màu đen, hai tay đưa về phía trước, hai chân bước rộng.",/Users/phamtunglam/Documents/Projects/mSigLIP/code/artifacts/deployment/qnn_inputs/vn3k_text_calib_500/raw/00097_pid981_00982_00007065_input_ids.raw,/Users/phamtunglam/Documents/Projects/mSigLIP/code/artifacts/deployment/qnn_inputs/vn3k_text_calib_500/raw/00097_pid981_00982_00007065_attention_mask.raw,56
98,1585,train,DHHN_HVBCVT_00/01586_00008235.jpg,"nữ mặc áo khoác đen có mũ, áo trong màu đen, mặc quấn sọc đen trắng, đeo khẩu trang, chân đi dép lê.",/Users/phamtunglam/Documents/Projects/mSigLIP/code/artifacts/deployment/qnn_inputs/vn3k_text_calib_500/raw/00098_pid1585_01586_00008235_input_ids.raw,/Users/phamtunglam/Documents/Projects/mSigLIP/code/artifacts/deployment/qnn_inputs/vn3k_text_calib_500/raw/00098_pid1585_01586_00008235_attention_mask.raw,51
99,1452,train,DANgoc_01/03042_1.jpg,"nữ mặc áo màu xanh lá cây nhạt, quần ngố màu xanh lá cây nhạt, đi dép quai màu hồng sẫm.",/Users/phamtunglam/Documents/Projects/mSigLIP/code/artifacts/deployment/qnn_inputs/vn3k_text_calib_500/raw/00099_pid1452_03042_1_input_ids.raw,/Users/phamtunglam/Documents/Projects/mSigLIP/code/artifacts/deployment/qnn_inputs/vn3k_text_calib_500/raw/00099_pid1452_03042_1_attention_mask.raw,46
100,516,train,HoGuom_00/00517_00002140.jpg,"nam thanh niên tóc ngắn màu đen, sơ mi ngắn tay màu trắng, quần jean màu xanh nhạt, khoác ba lô quai đen, đi giày màu xám.",/Users/phamtunglam/Documents/Projects/mSigLIP/code/artifacts/deployment/qnn_inputs/vn3k_text_calib_500/raw/00100_pid516_00517_00002140_input_ids.raw,/Users/phamtunglam/Documents/Projects/mSigLIP/code/artifacts/deployment/qnn_inputs/vn3k_text_calib_500/raw/00100_pid516_00517_00002140_attention_mask.raw,53
101,225,train,HoGuom_00/00226_00006345.jpg,"nữ đeo kính, mặc áo màu cam, quần đùi bò màu xanh.",/Users/phamtunglam/Documents/Projects/mSigLIP/code/artifacts/deployment/qnn_inputs/vn3k_text_calib_500/raw/00101_pid225_00226_00006345_input_ids.raw,/Users/phamtunglam/Documents/Projects/mSigLIP/code/artifacts/deployment/qnn_inputs/vn3k_text_calib_500/raw/00101_pid225_00226_00006345_attention_mask.raw,28
102,1820,train,DHHN_HVBCVT_00/01821_00019560.jpg,"nam mặc áo khoác gió màu đỏ pha trắng, đeo khẩu trang màu xanh da trời, đeo ba lô đen, mặc quần dài màu đen, đi giày thể thao đen.",/Users/phamtunglam/Documents/Projects/mSigLIP/code/artifacts/deployment/qnn_inputs/vn3k_text_calib_500/raw/00102_pid1820_01821_00019560_input_ids.raw,/Users/phamtunglam/Documents/Projects/mSigLIP/code/artifacts/deployment/qnn_inputs/vn3k_text_calib_500/raw/00102_pid1820_01821_00019560_attention_mask.raw,61
103,9,train,TRAINNING_DATA/Person10/output_2.jpg,"Một cô gái mặc áo trắng dài tay, quần màu đen, đi giày thể thao nhãn hiệu Nike màu xanh đậm, tóc dài để ở phía sau.",/Users/phamtunglam/Documents/Projects/mSigLIP/code/artifacts/deployment/qnn_inputs/vn3k_text_calib_500/raw/00103_pid9_output_2_input_ids.raw,/Users/phamtunglam/Documents/Projects/mSigLIP/code/artifacts/deployment/qnn_inputs/vn3k_text_calib_500/raw/00103_pid9_output_2_attention_mask.raw,53
104,3,train,TEST_DATA/Person4.2/output_12.jpg,"Một người phụ nữ, tóc ngang vai, áo cộc tay màu xanh dương quần màu đen, giầy thể thao màu tím hồng, có đế màu trắng.",/Users/phamtunglam/Documents/Projects/mSigLIP/code/artifacts/deployment/qnn_inputs/vn3k_text_calib_500/raw/00104_pid3_output_12_input_ids.raw,/Users/phamtunglam/Documents/Projects/mSigLIP/code/artifacts/deployment/qnn_inputs/vn3k_text_calib_500/raw/00104_pid3_output_12_attention_mask.raw,51
105,1617,train,DHHN_HVBCVT_00/01618_00023460.jpg,"nam, tóc ngắn màu đen, khẩu trang màu trắng, áo khoác dài tay màu đỏ trắng, khoác ba lô màu đen, quần dài màu đen, giày thể thao màu trắng.",/Users/phamtunglam/Documents/Projects/mSigLIP/code/artifacts/deployment/qnn_inputs/vn3k_text_calib_500/raw/00105_pid1617_01618_00023460_input_ids.raw,/Users/phamtunglam/Documents/Projects/mSigLIP/code/artifacts/deployment/qnn_inputs/vn3k_text_calib_500/raw/00105_pid1617_01618_00023460_attention_mask.raw,59
106,292,train,HoGuom_00/00293_00009300.jpg,"nam mặc áo phông trắng, quần ngố đen, đi giày thể thao.",/Users/phamtunglam/Documents/Projects/mSigLIP/code/artifacts/deployment/qnn_inputs/vn3k_text_calib_500/raw/00106_pid292_00293_00009300_input_ids.raw,/Users/phamtunglam/Documents/Projects/mSigLIP/code/artifacts/deployment/qnn_inputs/vn3k_text_calib_500/raw/00106_pid292_00293_00009300_attention_mask.raw,25
107,212,train,HoGuom_00/00213_00005690.jpg,"nam thanh niên đeo kính, đeo túi đen chéo vai, mặc áo phông trắng quần đen, đi giày thể thao.",/Users/phamtunglam/Documents/Projects/mSigLIP/code/artifacts/deployment/qnn_inputs/vn3k_text_calib_500/raw/00107_pid212_00213_00005690_input_ids.raw,/Users/phamtunglam/Documents/Projects/mSigLIP/code/artifacts/deployment/qnn_inputs/vn3k_text_calib_500/raw/00107_pid212_00213_00005690_attention_mask.raw,43
108,3,train,TEST_DATA/Person4.2/output_2.jpg,"Một phụ nữ tóc màu đen được cắt ngắn ngang cổ, mặc áo phông ngắn tay màu xanh dương, quần màu đen và đi giày thể thao màu đen.",/Users/phamtunglam/Documents/Projects/mSigLIP/code/artifacts/deployment/qnn_inputs/vn3k_text_calib_500/raw/00108_pid3_output_2_input_ids.raw,/Users/phamtunglam/Documents/Projects/mSigLIP/code/artifacts/deployment/qnn_inputs/vn3k_text_calib_500/raw/00108_pid3_output_2_attention_mask.raw,60
109,810,train,HoGuom_01/00811_00002865.jpg,"nam chụp từ phía sau, tóc đen cắt cao, đeo kính trắng, da trắng, dáng cao và đậm người, áo phông có cổ nền xanh đậm kẻ ngang các màu trắng, đỏ, đeo cặp phía trước bụng, chắp tay sau lưng, mặc quần sooc dài quá đầu gối, đi dép crocs màu đỏ có vệt trắng, bước chân phải lên trước, chân trái duỗi.",/Users/phamtunglam/Documents/Projects/mSigLIP/code/artifacts/deployment/qnn_inputs/vn3k_text_calib_500/raw/00109_pid810_00811_00002865_input_ids.raw,/Users/phamtunglam/Documents/Projects/mSigLIP/code/artifacts/deployment/qnn_inputs/vn3k_text_calib_500/raw/00109_pid810_00811_00002865_attention_mask.raw,64
110,1707,train,DHHN_HVBCVT_00/01708_00008130.jpg,"nữ, đội mũ màu đỏ, áo khoác màu trắng, quần hoa màu đen trắng, đi giày màu trắng.",/Users/phamtunglam/Documents/Projects/mSigLIP/code/artifacts/deployment/qnn_inputs/vn3k_text_calib_500/raw/00110_pid1707_01708_00008130_input_ids.raw,/Users/phamtunglam/Documents/Projects/mSigLIP/code/artifacts/deployment/qnn_inputs/vn3k_text_calib_500/raw/00110_pid1707_01708_00008130_attention_mask.raw,37
111,1054,train,HoGuom_01/01055_00001320.jpg,"nữ đeo khẩu trang màu trắng, mặc áo phông màu xanh da trời cộc tay, đeo túi vắt chéo vai dây màu đen, túi màu vàng da, mặc chân váy ngắn trên gối màu trắng, đi giầy thể thao màu trắng, tay phải đeo đồng hồ và cầm điện thoại màu đen.",/Users/phamtunglam/Documents/Projects/mSigLIP/code/artifacts/deployment/qnn_inputs/vn3k_text_calib_500/raw/00111_pid1054_01055_00001320_input_ids.raw,/Users/phamtunglam/Documents/Projects/mSigLIP/code/artifacts/deployment/qnn_inputs/vn3k_text_calib_500/raw/00111_pid1054_01055_00001320_attention_mask.raw,64
112,1735,train,DHHN_HVBCVT_00/01736_00013935.jpg,"Một người phụ nữ có mái tóc màu đen, đeo khẩu trang màu xanh nước biển, mặc áo khoác màu hồng, mặc quần kẻ màu vàng, đi dép màu trắng.",/Users/phamtunglam/Documents/Projects/mSigLIP/code/artifacts/deployment/qnn_inputs/vn3k_text_calib_500/raw/00112_pid1735_01736_00013935_input_ids.raw,/Users/phamtunglam/Documents/Projects/mSigLIP/code/artifacts/deployment/qnn_inputs/vn3k_text_calib_500/raw/00112_pid1735_01736_00013935_attention_mask.raw,61
113,1722,train,DHHN_HVBCVT_00/01723_00012210.jpg,"nữ, tóc dài màu đen buộc sau gáy, áo khoác màu xanh nhạt, quần jean màu xanh đậm, đi giày màu xám.",/Users/phamtunglam/Documents/Projects/mSigLIP/code/artifacts/deployment/qnn_inputs/vn3k_text_calib_500/raw/00113_pid1722_01723_00012210_input_ids.raw,/Users/phamtunglam/Documents/Projects/mSigLIP/code/artifacts/deployment/qnn_inputs/vn3k_text_calib_500/raw/00113_pid1722_01723_00012210_attention_mask.raw,49
114,506,train,HoGuom_00/00507_00000980.jpg,"cô gái tóc ngắn, mặc áo phông ngắn tay màu vàng, quần jean dài màu xanh đậm, khoác ba lô dây đen sau lưng.",/Users/phamtunglam/Documents/Projects/mSigLIP/code/artifacts/deployment/qnn_inputs/vn3k_text_calib_500/raw/00114_pid506_00507_00000980_input_ids.raw,/Users/phamtunglam/Documents/Projects/mSigLIP/code/artifacts/deployment/qnn_inputs/vn3k_text_calib_500/raw/00114_pid506_00507_00000980_attention_mask.raw,48
115,1833,train,DHHN_HVBCVT_00/01834_00029370.jpg,"nam mặc áo khoác đen, mặc áo phông đen bên trong, quần bò dài màu đen, đi dép quai màu nâu, đeo ba lô màu đen.",/Users/phamtunglam/Documents/Projects/mSigLIP/code/artifacts/deployment/qnn_inputs/vn3k_text_calib_500/raw/00115_pid1833_01834_00029370_input_ids.raw,/Users/phamtunglam/Documents/Projects/mSigLIP/code/artifacts/deployment/qnn_inputs/vn3k_text_calib_500/raw/00115_pid1833_01834_00029370_attention_mask.raw,55
116,1639,train,DHHN_HVBCVT_00/01640_00034935.jpg,"nam, tóc ngắn màu đen, áo khoác ngoài màu đen, quần jean màu xanh đen, giày màu đen.",/Users/phamtunglam/Documents/Projects/mSigLIP/code/artifacts/deployment/qnn_inputs/vn3k_text_calib_500/raw/00116_pid1639_01640_00034935_input_ids.raw,/Users/phamtunglam/Documents/Projects/mSigLIP/code/artifacts/deployment/qnn_inputs/vn3k_text_calib_500/raw/00116_pid1639_01640_00034935_attention_mask.raw,37
117,80,train,HoGuom_00/00081_00000825.jpg,"người đàn ông tóc bạc, đeo kính, mặc áo may ô, quần ngố màu trắng, đi giày màu trắng.",/Users/phamtunglam/Documents/Projects/mSigLIP/code/artifacts/deployment/qnn_inputs/vn3k_text_calib_500/raw/00117_pid80_00081_00000825_input_ids.raw,/Users/phamtunglam/Documents/Projects/mSigLIP/code/artifacts/deployment/qnn_inputs/vn3k_text_calib_500/raw/00117_pid80_00081_00000825_attention_mask.raw,39
118,1200,train,HoGuom_01/01201_00003375.jpg,"Một cô gái tóc màu đen, mặc áo sơ mi màu xanh nước biển, mặc quần dài màu đen, đi giày thể thao màu trắng, đeo khẩu trang màu xanh, đeo túi màu đen.",/Users/phamtunglam/Documents/Projects/mSigLIP/code/artifacts/deployment/qnn_inputs/vn3k_text_calib_500/raw/00118_pid1200_01201_00003375_input_ids.raw,/Users/phamtunglam/Documents/Projects/mSigLIP/code/artifacts/deployment/qnn_inputs/vn3k_text_calib_500/raw/00118_pid1200_01201_00003375_attention_mask.raw,64
119,1394,train,HoGuom_01/01395_2.jpg,"Một người phụ nữ có mái tóc ngắn chớm vai màu đen, mặc áo màu đen, mặc quần màu đen, đi giày màu đen, đeo balo màu xanh nước biển đang đi bộ.",/Users/phamtunglam/Documents/Projects/mSigLIP/code/artifacts/deployment/qnn_inputs/vn3k_text_calib_500/raw/00119_pid1394_01395_2_input_ids.raw,/Users/phamtunglam/Documents/Projects/mSigLIP/code/artifacts/deployment/qnn_inputs/vn3k_text_calib_500/raw/00119_pid1394_01395_2_attention_mask.raw,64
120,721,train,HoGuom_00/00722_00011670.jpg,"người đàn ông tóc ngắn màu đen, đeo kính màu đen, mặc áo ngắn tay màu xám, quần jean dài màu xanh, đi giày màu đen.",/Users/phamtunglam/Documents/Projects/mSigLIP/code/artifacts/deployment/qnn_inputs/vn3k_text_calib_500/raw/00120_pid721_00722_00011670_input_ids.raw,/Users/phamtunglam/Documents/Projects/mSigLIP/code/artifacts/deployment/qnn_inputs/vn3k_text_calib_500/raw/00120_pid721_00722_00011670_attention_mask.raw,54
121,23,train,TRAINNING_DATA/Person24/output_6.jpg,"Một người đàn ông mặc chiếc áo khoác có mũ đằng sau, màu hồng-tím với chiếc quần dài màu đen, chân đi đôi giày màu đen.",/Users/phamtunglam/Documents/Projects/mSigLIP/code/artifacts/deployment/qnn_inputs/vn3k_text_calib_500/raw/00121_pid23_output_6_input_ids.raw,/Users/phamtunglam/Documents/Projects/mSigLIP/code/artifacts/deployment/qnn_inputs/vn3k_text_calib_500/raw/00121_pid23_output_6_attention_mask.raw,55
122,1732,train,DHHN_HVBCVT_00/01733_00013635.jpg,"Một cô gái mặc áo khoác có mũ màu đen, mặc quần màu đen, đi giày màu trắng.",/Users/phamtunglam/Documents/Projects/mSigLIP/code/artifacts/deployment/qnn_inputs/vn3k_text_calib_500/raw/00122_pid1732_01733_00013635_input_ids.raw,/Users/phamtunglam/Documents/Projects/mSigLIP/code/artifacts/deployment/qnn_inputs/vn3k_text_calib_500/raw/00122_pid1732_01733_00013635_attention_mask.raw,37
123,700,train,HoGuom_00/00701_00010240.jpg,"cô gái tóc dài màu đen, buộc tóc cao sau gáy, mặc áo hoa màu xanh đen, khoác túi xách màu đen, mặc quần sooc màu xanh than, đi giày bệt màu ghi.",/Users/phamtunglam/Documents/Projects/mSigLIP/code/artifacts/deployment/qnn_inputs/vn3k_text_calib_500/raw/00123_pid700_00701_00010240_input_ids.raw,/Users/phamtunglam/Documents/Projects/mSigLIP/code/artifacts/deployment/qnn_inputs/vn3k_text_calib_500/raw/00123_pid700_00701_00010240_attention_mask.raw,64
124,303,train,HoGuom_00/00304_00009830.jpg,"Bé trai đi giày thể thao, mặc quần đùi đen, áo phông màu trắng.",/Users/phamtunglam/Documents/Projects/mSigLIP/code/artifacts/deployment/qnn_inputs/vn3k_text_calib_500/raw/00124_pid303_00304_00009830_input_ids.raw,/Users/phamtunglam/Documents/Projects/mSigLIP/code/artifacts/deployment/qnn_inputs/vn3k_text_calib_500/raw/00124_pid303_00304_00009830_attention_mask.raw,28
125,1990,train,TamChuc_01/01991_1.jpg,"nam đội mũ màu trắng, mặc áo phông cộc tay màu anh lá cây nhạt, mặc quần màu đen dài.",/Users/phamtunglam/Documents/Projects/mSigLIP/code/artifacts/deployment/qnn_inputs/vn3k_text_calib_500/raw/00125_pid1990_01991_1_input_ids.raw,/Users/phamtunglam/Documents/Projects/mSigLIP/code/artifacts/deployment/qnn_inputs/vn3k_text_calib_500/raw/00125_pid1990_01991_1_attention_mask.raw,42
126,402,train,HoGuom_00/00403_00013585.jpg,"nam mặc áo sơ mi trắng ngắn tay, quần kaki màu vàng.",/Users/phamtunglam/Documents/Projects/mSigLIP/code/artifacts/deployment/qnn_inputs/vn3k_text_calib_500/raw/00126_pid402_00403_00013585_input_ids.raw,/Users/phamtunglam/Documents/Projects/mSigLIP/code/artifacts/deployment/qnn_inputs/vn3k_text_calib_500/raw/00126_pid402_00403_00013585_attention_mask.raw,24
127,410,train,HoGuom_00/00411_00013860.jpg,"nữ thanh niên, mặc áo phông xanh, quần thể thao màu đen, đi giày thể thao đen.",/Users/phamtunglam/Documents/Projects/mSigLIP/code/artifacts/deployment/qnn_inputs/vn3k_text_calib_500/raw/00127_pid410_00411_00013860_input_ids.raw,/Users/phamtunglam/Documents/Projects/mSigLIP/code/artifacts/deployment/qnn_inputs/vn3k_text_calib_500/raw/00127_pid410_00411_00013860_attention_mask.raw,37
128,762,train,HoGuom_00/00763_00013450.jpg,"cô gái tóc ngắn ngang vai màu nâu, mặc váy hai dây dài màu vàng, đi giày thể thao màu trắng.",/Users/phamtunglam/Documents/Projects/mSigLIP/code/artifacts/deployment/qnn_inputs/vn3k_text_calib_500/raw/00128_pid762_00763_00013450_input_ids.raw,/Users/phamtunglam/Documents/Projects/mSigLIP/code/artifacts/deployment/qnn_inputs/vn3k_text_calib_500/raw/00128_pid762_00763_00013450_attention_mask.raw,40
129,11,train,TRAINNING_DATA/Person12/output_9.jpg,"Một thanh niên nam tóc cắt ngắn, mặc áo khoác màu đen có mũ ở phía sau, quần màu đen có nẹp túi màu trắng, đi dép tông đen.",/Users/phamtunglam/Documents/Projects/mSigLIP/code/artifacts/deployment/qnn_inputs/vn3k_text_calib_500/raw/00129_pid11_output_9_input_ids.raw,/Users/phamtunglam/Documents/Projects/mSigLIP/code/artifacts/deployment/qnn_inputs/vn3k_text_calib_500/raw/00129_pid11_output_9_attention_mask.raw,58
130,240,train,HoGuom_00/00241_00008265.jpg,"nữ mặc áo cộc tay, quần đùi màu ghi, đeo túi màu đen.",/Users/phamtunglam/Documents/Projects/mSigLIP/code/artifacts/deployment/qnn_inputs/vn3k_text_calib_500/raw/00130_pid240_00241_00008265_input_ids.raw,/Users/phamtunglam/Documents/Projects/mSigLIP/code/artifacts/deployment/qnn_inputs/vn3k_text_calib_500/raw/00130_pid240_00241_00008265_attention_mask.raw,30
131,1838,train,DHHN_HVBCVT_00/01839_00031065.jpg,"nam thanh niên mặc áo khoác dạ dài màu đen, mặc quần bò dài màu đen, đi giày da đen, đeo khẩu trang trắng, đeo ba lô màu nâu.",/Users/phamtunglam/Documents/Projects/mSigLIP/code/artifacts/deployment/qnn_inputs/vn3k_text_calib_500/raw/00131_pid1838_01839_00031065_input_ids.raw,/Users/phamtunglam/Documents/Projects/mSigLIP/code/artifacts/deployment/qnn_inputs/vn3k_text_calib_500/raw/00131_pid1838_01839_00031065_attention_mask.raw,61
132,1265,train,HoGuom_01/01266_00005220.jpg,"Một cô gái có mái tóc búi màu nâu, mặc một chiếc váy màu tím và đi một đôi dép màu đen đế trắng.",/Users/phamtunglam/Documents/Projects/mSigLIP/code/artifacts/deployment/qnn_inputs/vn3k_text_calib_500/raw/00132_pid1265_01266_00005220_input_ids.raw,/Users/phamtunglam/Documents/Projects/mSigLIP/code/artifacts/deployment/qnn_inputs/vn3k_text_calib_500/raw/00132_pid1265_01266_00005220_attention_mask.raw,47
133,46,train,TEST_DATA/Person47.2/output_6.jpg,"Một cậu con trai đi dép lê tổ ong màu vàng nhạt, mặc quần đùi kẻ ô to với đường kẻ màu đen trên nền vải màu xanh nhạt, mặc một chiếc áo phông màu trắng có hình cây dừa màu xanh và dòng chữ màu đỏ nhạt ở giữa áo, tóc đen cắt ngắn với mái để bằng giữa trán.",/Users/phamtunglam/Documents/Projects/mSigLIP/code/artifacts/deployment/qnn_inputs/vn3k_text_calib_500/raw/00133_pid46_output_6_input_ids.raw,/Users/phamtunglam/Documents/Projects/mSigLIP/code/artifacts/deployment/qnn_inputs/vn3k_text_calib_500/raw/00133_pid46_output_6_attention_mask.raw,64
134,944,train,HoGuom_01/00945_00000825.jpg,"Bé trai tóc ngắn mầu đen, mặc áo sơ mi màu trắng cộc tay, mặc quần dài màu rêu, hai chân bước rộng.",/Users/phamtunglam/Documents/Projects/mSigLIP/code/artifacts/deployment/qnn_inputs/vn3k_text_calib_500/raw/00134_pid944_00945_00000825_input_ids.raw,/Users/phamtunglam/Documents/Projects/mSigLIP/code/artifacts/deployment/qnn_inputs/vn3k_text_calib_500/raw/00134_pid944_00945_00000825_attention_mask.raw,48
135,563,train,HoGuom_00/00564_00004695.jpg,"người đàn ông tóc ngắn màu đen, mặc áo phông màu trắng ngắn tay cổ tròn, mặc quần xám, đi giày màu đen.",/Users/phamtunglam/Documents/Projects/mSigLIP/code/artifacts/deployment/qnn_inputs/vn3k_text_calib_500/raw/00135_pid563_00564_00004695_input_ids.raw,/Users/phamtunglam/Documents/Projects/mSigLIP/code/artifacts/deployment/qnn_inputs/vn3k_text_calib_500/raw/00135_pid563_00564_00004695_attention_mask.raw,48
136,1516,train,DHHN_HVBCVT_00/01517_00017760.jpg,"nữ tóc chấm vai màu đen, đeo ba lô phía sau lưng màu xám, mặc áo khoác màu xanh da trời nhạt, mặc quần dài màu đen, đi giầy thể thao màu đen.",/Users/phamtunglam/Documents/Projects/mSigLIP/code/artifacts/deployment/qnn_inputs/vn3k_text_calib_500/raw/00136_pid1516_01517_00017760_input_ids.raw,/Users/phamtunglam/Documents/Projects/mSigLIP/code/artifacts/deployment/qnn_inputs/vn3k_text_calib_500/raw/00136_pid1516_01517_00017760_attention_mask.raw,64
137,1017,train,HoGuom_01/01018_00001845.jpg,"nữ đeo kính, đeo khẩu trang màu xanh nhạt, mặc áo dài tay màu nâu, mặc quần dài màu trắng, đi giầy đen trên mũi giầy có vòng tròn màu trắng.",/Users/phamtunglam/Documents/Projects/mSigLIP/code/artifacts/deployment/qnn_inputs/vn3k_text_calib_500/raw/00137_pid1017_01018_00001845_input_ids.raw,/Users/phamtunglam/Documents/Projects/mSigLIP/code/artifacts/deployment/qnn_inputs/vn3k_text_calib_500/raw/00137_pid1017_01018_00001845_attention_mask.raw,64
138,1190,train,HoGuom_01/01191_00001965.jpg,"Một cô gái tóc màu đen xõa ngang vai, mặc váy dây màu xanh nước biển trùng đến đầu gối, bên trong mặc một chiếc áo phông màu trắng, đi đôi giày thể thao màu ghi.",/Users/phamtunglam/Documents/Projects/mSigLIP/code/artifacts/deployment/qnn_inputs/vn3k_text_calib_500/raw/00138_pid1190_01191_00001965_input_ids.raw,/Users/phamtunglam/Documents/Projects/mSigLIP/code/artifacts/deployment/qnn_inputs/vn3k_text_calib_500/raw/00138_pid1190_01191_00001965_attention_mask.raw,64
139,380,train,HoGuom_00/00381_00012930.jpg,"nữ tóc ngắn, đội mũ chìa đen, mặc áo phông trắng, quần bò màu xanh.",/Users/phamtunglam/Documents/Projects/mSigLIP/code/artifacts/deployment/qnn_inputs/vn3k_text_calib_500/raw/00139_pid380_00381_00012930_input_ids.raw,/Users/phamtunglam/Documents/Projects/mSigLIP/code/artifacts/deployment/qnn_inputs/vn3k_text_calib_500/raw/00139_pid380_00381_00012930_attention_mask.raw,35
140,1181,train,HoGuom_01/01182_00001185.jpg,"Một đứa bé tóc màu đen, mặc bộ quần áo màu vàng, đi giày màu xanh nõn chuối có sọc màu đen.",/Users/phamtunglam/Documents/Projects/mSigLIP/code/artifacts/deployment/qnn_inputs/vn3k_text_calib_500/raw/00140_pid1181_01182_00001185_input_ids.raw,/Users/phamtunglam/Documents/Projects/mSigLIP/code/artifacts/deployment/qnn_inputs/vn3k_text_calib_500/raw/00140_pid1181_01182_00001185_attention_mask.raw,46
141,1268,train,HoGuom_01/01269_00004965.jpg,"Một cô gái tóc màu đen, mặc áo màu tím, đeo túi sách, mặc quần jean màu xanh và đi đôi dép quai hậu.",/Users/phamtunglam/Documents/Projects/mSigLIP/code/artifacts/deployment/qnn_inputs/vn3k_text_calib_500/raw/00141_pid1268_01269_00004965_input_ids.raw,/Users/phamtunglam/Documents/Projects/mSigLIP/code/artifacts/deployment/qnn_inputs/vn3k_text_calib_500/raw/00141_pid1268_01269_00004965_attention_mask.raw,51
142,716,train,HoGuom_00/00717_00011705.jpg,"cô gái tóc dài màu nâu buộc cao sau gáy, mặc áo phông ngắn tay màu đen kẻ trắng, khoác ba lô quai màu đen, ba lô màu nâu kẻ đen, mặc quần dài màu đen, đi giày màu trắng.",/Users/phamtunglam/Documents/Projects/mSigLIP/code/artifacts/deployment/qnn_inputs/vn3k_text_calib_500/raw/00142_pid716_00717_00011705_input_ids.raw,/Users/phamtunglam/Documents/Projects/mSigLIP/code/artifacts/deployment/qnn_inputs/vn3k_text_calib_500/raw/00142_pid716_00717_00011705_attention_mask.raw,64
143,165,train,HoGuom_00/00166_00004410.jpg,"nam thanh niên đi giày thể thao đen đế trắng, mặc quần bò đen, áo phông ngắn tay màu đen có hoa văn trắng.",/Users/phamtunglam/Documents/Projects/mSigLIP/code/artifacts/deployment/qnn_inputs/vn3k_text_calib_500/raw/00143_pid165_00166_00004410_input_ids.raw,/Users/phamtunglam/Documents/Projects/mSigLIP/code/artifacts/deployment/qnn_inputs/vn3k_text_calib_500/raw/00143_pid165_00166_00004410_attention_mask.raw,46
144,932,train,HoGuom_01/00933_00016381.jpg,"nữ đeo khẩu trang màu hồng, mặc bên trong áo sơ mi trắng, bên ngoài mặc áo khoác màu đen, dọc hai cánh tay có hàng chữ màu trắng, mặc quần dài màu đen đi giầy thể thao màu trắng, đeo ba lô đỏ sau lưng.",/Users/phamtunglam/Documents/Projects/mSigLIP/code/artifacts/deployment/qnn_inputs/vn3k_text_calib_500/raw/00144_pid932_00933_00016381_input_ids.raw,/Users/phamtunglam/Documents/Projects/mSigLIP/code/artifacts/deployment/qnn_inputs/vn3k_text_calib_500/raw/00144_pid932_00933_00016381_attention_mask.raw,64
145,1021,train,HoGuom_01/01022_00001200.jpg,"nữ tóc buộc sau gáy, mặc áo cộc tay màu đen, trên vai phải đeo túi đựng vật gì đó màu xanh màu cam, mặc quần dài màu đen, hai tay để trước bụng.",/Users/phamtunglam/Documents/Projects/mSigLIP/code/artifacts/deployment/qnn_inputs/vn3k_text_calib_500/raw/00145_pid1021_01022_00001200_input_ids.raw,/Users/phamtunglam/Documents/Projects/mSigLIP/code/artifacts/deployment/qnn_inputs/vn3k_text_calib_500/raw/00145_pid1021_01022_00001200_attention_mask.raw,64
146,62,train,TEST_DATA/Person63.2/output_9.jpg,"Một cô gái mặc bộ đồ màu đen, áo ngắn tay, cổ tròn, có chữ phía trước ngực, chiếc quần dài màu đen, tóc buộc cao phía sau.",/Users/phamtunglam/Documents/Projects/mSigLIP/code/artifacts/deployment/qnn_inputs/vn3k_text_calib_500/raw/00146_pid62_output_9_input_ids.raw,/Users/phamtunglam/Documents/Projects/mSigLIP/code/artifacts/deployment/qnn_inputs/vn3k_text_calib_500/raw/00146_pid62_output_9_attention_mask.raw,54
147,1726,train,DHHN_HVBCVT_00/01727_00012855.jpg,"thanh niên đội mũ áo màu đỏ, áo khoác màu tím than kẻ sọc trắng ngang sau lưng, đi giày thể thao màu trắng gót vàng nâu, mặc quần dài đen.",/Users/phamtunglam/Documents/Projects/mSigLIP/code/artifacts/deployment/qnn_inputs/vn3k_text_calib_500/raw/00147_pid1726_01727_00012855_input_ids.raw,/Users/phamtunglam/Documents/Projects/mSigLIP/code/artifacts/deployment/qnn_inputs/vn3k_text_calib_500/raw/00147_pid1726_01727_00012855_attention_mask.raw,63
148,592,train,HoGuom_00/00593_00006390.jpg,"người đàn ông tóc ngắn màu đen, mặc áo phông ngắn tay màu trắng, có in hình trước ngực, mặc quần sooc màu vàng, đi dép màu đen.",/Users/phamtunglam/Documents/Projects/mSigLIP/code/artifacts/deployment/qnn_inputs/vn3k_text_calib_500/raw/00148_pid592_00593_00006390_input_ids.raw,/Users/phamtunglam/Documents/Projects/mSigLIP/code/artifacts/deployment/qnn_inputs/vn3k_text_calib_500/raw/00148_pid592_00593_00006390_attention_mask.raw,53
149,14,train,TEST_DATA/Person15.2/output_9.jpg,"cô gái có mái tóc màu đen buộc đuôi ngựa đằng sau với tóc mái rẽ ngôi giữa đằng trước trán, tay trái có đeo một chiếc đồng hồ dây màu đen, mặc một chiếc áo phông màu đen có trang trí hình và chữ màu trắng ở trước ngực áo, mặc quần bò xắn gấu qua mắt cá chân, đi đôi giày thể thao màu đen có viền trắng bên cạnh.",/Users/phamtunglam/Documents/Projects/mSigLIP/code/artifacts/deployment/qnn_inputs/vn3k_text_calib_500/raw/00149_pid14_output_9_input_ids.raw,/Users/phamtunglam/Documents/Projects/mSigLIP/code/artifacts/deployment/qnn_inputs/vn3k_text_calib_500/raw/00149_pid14_output_9_attention_mask.raw,64
150,473,train,HoGuom_00/00474_00016445.jpg,"người đàn ông tóc ngắn, mặc áo dài tay màu xám, mặc quần jean dài màu xanh nhạt.",/Users/phamtunglam/Documents/Projects/mSigLIP/code/artifacts/deployment/qnn_inputs/vn3k_text_calib_500/raw/00150_pid473_00474_00016445_input_ids.raw,/Users/phamtunglam/Documents/Projects/mSigLIP/code/artifacts/deployment/qnn_inputs/vn3k_text_calib_500/raw/00150_pid473_00474_00016445_attention_mask.raw,40
151,1042,train,HoGuom_01/01043_00000885.jpg,"nữ tóc ngắn màu hạt dẻ, đeo khẩu trang màu xanh da trời, mặc áo phông cộc tay màu đỏ, đeo túi trước bụng màu nâu, đáy túi màu vàng da, mặc quần bò dài màu xanh nước biển nhạt, đi giầy ba ta màu xanh đen đế màu trắng.",/Users/phamtunglam/Documents/Projects/mSigLIP/code/artifacts/deployment/qnn_inputs/vn3k_text_calib_500/raw/00151_pid1042_01043_00000885_input_ids.raw,/Users/phamtunglam/Documents/Projects/mSigLIP/code/artifacts/deployment/qnn_inputs/vn3k_text_calib_500/raw/00151_pid1042_01043_00000885_attention_mask.raw,64
152,1818,train,DHHN_HVBCVT_00/01819_00018120.jpg,"nam thanh niên mặc áo khoác màu đen cao cổ, quần bò màu xanh da trời, đi giày thể thao màu đen.",/Users/phamtunglam/Documents/Projects/mSigLIP/code/artifacts/deployment/qnn_inputs/vn3k_text_calib_500/raw/00152_pid1818_01819_00018120_input_ids.raw,/Users/phamtunglam/Documents/Projects/mSigLIP/code/artifacts/deployment/qnn_inputs/vn3k_text_calib_500/raw/00152_pid1818_01819_00018120_attention_mask.raw,43
153,707,train,HoGuom_00/00708_00010380.jpg,"người đàn ông tóc ngắn màu đen, râu quai nón màu đen, mặc áo phông ngắn tay màu trắng xám, khoác ba lô quai màu đen, quần sooc màu ghi, đi dép màu đen.",/Users/phamtunglam/Documents/Projects/mSigLIP/code/artifacts/deployment/qnn_inputs/vn3k_text_calib_500/raw/00153_pid707_00708_00010380_input_ids.raw,/Users/phamtunglam/Documents/Projects/mSigLIP/code/artifacts/deployment/qnn_inputs/vn3k_text_calib_500/raw/00153_pid707_00708_00010380_attention_mask.raw,64
154,1701,train,DHHN_HVBCVT_00/01702_00007065.jpg,"nam thanh niên mặc áo có mũ màu đen, quần dài màu đen, giày màu đen.",/Users/phamtunglam/Documents/Projects/mSigLIP/code/artifacts/deployment/qnn_inputs/vn3k_text_calib_500/raw/00154_pid1701_01702_00007065_input_ids.raw,/Users/phamtunglam/Documents/Projects/mSigLIP/code/artifacts/deployment/qnn_inputs/vn3k_text_calib_500/raw/00154_pid1701_01702_00007065_attention_mask.raw,33
155,719,train,HoGuom_00/00720_00011345.jpg,"nam thanh niên tóc ngắn màu đen đeo kính, mặc áo phông ngắn tay màu vàng, mặc quần dài màu đen, đi giày màu đen đế trắng.",/Users/phamtunglam/Documents/Projects/mSigLIP/code/artifacts/deployment/qnn_inputs/vn3k_text_calib_500/raw/00155_pid719_00720_00011345_input_ids.raw,/Users/phamtunglam/Documents/Projects/mSigLIP/code/artifacts/deployment/qnn_inputs/vn3k_text_calib_500/raw/00155_pid719_00720_00011345_attention_mask.raw,56
156,1412,train,HoGuom_01/01413_2.jpg,"Một người phụ nữ có mái tóc màu đen, mặc áo màu đen, mặc quần dài màu đen, đi guốc màu đen.",/Users/phamtunglam/Documents/Projects/mSigLIP/code/artifacts/deployment/qnn_inputs/vn3k_text_calib_500/raw/00156_pid1412_01413_2_input_ids.raw,/Users/phamtunglam/Documents/Projects/mSigLIP/code/artifacts/deployment/qnn_inputs/vn3k_text_calib_500/raw/00156_pid1412_01413_2_attention_mask.raw,47
157,40,train,TEST_DATA/Person41.2/output_9.jpg,"Một nam thanh niên tóc ngắn, mặc bộ đồ thể thao màu xanh pha trắng, có in nhãn hiệu ở trước ngực, chân đi giày thể thao màu đen, tất cao cổ màu đen.",/Users/phamtunglam/Documents/Projects/mSigLIP/code/artifacts/deployment/qnn_inputs/vn3k_text_calib_500/raw/00157_pid40_output_9_input_ids.raw,/Users/phamtunglam/Documents/Projects/mSigLIP/code/artifacts/deployment/qnn_inputs/vn3k_text_calib_500/raw/00157_pid40_output_9_attention_mask.raw,63
158,1868,train,DHGTVT_00/01869_00003650.jpg,"nam tóc ngắn màu đen, đeo khẩu trang màu xám, mặc áo cộc tay màu đen, mặc quần dài màu đen, đi dép hai quai màu đen.",/Users/phamtunglam/Documents/Projects/mSigLIP/code/artifacts/deployment/qnn_inputs/vn3k_text_calib_500/raw/00158_pid1868_01869_00003650_input_ids.raw,/Users/phamtunglam/Documents/Projects/mSigLIP/code/artifacts/deployment/qnn_inputs/vn3k_text_calib_500/raw/00158_pid1868_01869_00003650_attention_mask.raw,56
159,1977,train,DHGTVT_00/01978_00028790.jpg,"nam tóc ngắn màu đen, đi giầy thể thao màu xám, mặc quần dài màu đen, mặc áo trong cổ tròn màu đen khoác áo ngoài màu xanh tím than, đeo ba lô sau lưng quai màu đen.",/Users/phamtunglam/Documents/Projects/mSigLIP/code/artifacts/deployment/qnn_inputs/vn3k_text_calib_500/raw/00159_pid1977_01978_00028790_input_ids.raw,/Users/phamtunglam/Documents/Projects/mSigLIP/code/artifacts/deployment/qnn_inputs/vn3k_text_calib_500/raw/00159_pid1977_01978_00028790_attention_mask.raw,64
160,1001,train,HoGuom_01/01002_00000750.jpg,"Bé trai tóc ngắn, mặc áo dài tay cổ tròn thân áo màu trắng có hàng chữ đỏ và đen phía dưới áo có hình con thú, mặc quần dài màu xanh rêu nhạt, đi giầy thể thao màu trắng.",/Users/phamtunglam/Documents/Projects/mSigLIP/code/artifacts/deployment/qnn_inputs/vn3k_text_calib_500/raw/00160_pid1001_01002_00000750_input_ids.raw,/Users/phamtunglam/Documents/Projects/mSigLIP/code/artifacts/deployment/qnn_inputs/vn3k_text_calib_500/raw/00160_pid1001_01002_00000750_attention_mask.raw,64
161,1071,train,HoGuom_01/01072_00004740.jpg,"nam tóc ngắn, màu đen, mặc áo sơ mi có cổ cộc tay màu ghi, sơ vin trong quần, mặc quần dài màu đen, đi giầy thể thao màu đen đế giầy màu trắng, tay phải dắt một bé gái tóc dài chấm vai màu đen, bé gái mặc áo xanh họa tiết, tay phải bé gái cầm một đồ chơi có hình tròn màu xanh.",/Users/phamtunglam/Documents/Projects/mSigLIP/code/artifacts/deployment/qnn_inputs/vn3k_text_calib_500/raw/00161_pid1071_01072_00004740_input_ids.raw,/Users/phamtunglam/Documents/Projects/mSigLIP/code/artifacts/deployment/qnn_inputs/vn3k_text_calib_500/raw/00161_pid1071_01072_00004740_attention_mask.raw,64
162,1808,train,DHHN_HVBCVT_00/01809_00007065.jpg,"nam thanh niên mặc áo khoác phao màu ghi, đeo ba lô đen, mặc quần đen dài ống bó, đi giày thể thao màu đen.",/Users/phamtunglam/Documents/Projects/mSigLIP/code/artifacts/deployment/qnn_inputs/vn3k_text_calib_500/raw/00162_pid1808_01809_00007065_input_ids.raw,/Users/phamtunglam/Documents/Projects/mSigLIP/code/artifacts/deployment/qnn_inputs/vn3k_text_calib_500/raw/00162_pid1808_01809_00007065_attention_mask.raw,50
163,42,train,TEST_DATA/Person43.2/output_6.jpg,"Một người đàn ông tóc cắt ngắn tròn màu đen, chân đi giày thể thao màu đen, mặc quần dài kaki màu vàng nhạt, tay phải xách túi màu đỏ, mặc áo nỉ dài tay màu xanh lá cây, có chữ trắng bên phải ngực áo.",/Users/phamtunglam/Documents/Projects/mSigLIP/code/artifacts/deployment/qnn_inputs/vn3k_text_calib_500/raw/00163_pid42_output_6_input_ids.raw,/Users/phamtunglam/Documents/Projects/mSigLIP/code/artifacts/deployment/qnn_inputs/vn3k_text_calib_500/raw/00163_pid42_output_6_attention_mask.raw,64
164,1389,train,HoGuom_01/01390_2.jpg,"Một người phụ nữ có mái tóc dài ngang lưng màu đen, mặc áo phông màu tím, mặc quần màu đen, đi giày màu trắng.",/Users/phamtunglam/Documents/Projects/mSigLIP/code/artifacts/deployment/qnn_inputs/vn3k_text_calib_500/raw/00164_pid1389_01390_2_input_ids.raw,/Users/phamtunglam/Documents/Projects/mSigLIP/code/artifacts/deployment/qnn_inputs/vn3k_text_calib_500/raw/00164_pid1389_01390_2_attention_mask.raw,50
165,1105,train,HoGuom_01/01106_00001290.jpg,"nữ tóc màu hạt dẻ dài buộc phía sau, đeo khẩu trang màu xanh da trời, mặc áo khoác màu đen cộc tay, tay màu trắng, gấu áo và gấu tay có viền đen trắng, bên trong mặc váy ngắn màu da người, đi giầy màu da người, chân trái co gối.",/Users/phamtunglam/Documents/Projects/mSigLIP/code/artifacts/deployment/qnn_inputs/vn3k_text_calib_500/raw/00165_pid1105_01106_00001290_input_ids.raw,/Users/phamtunglam/Documents/Projects/mSigLIP/code/artifacts/deployment/qnn_inputs/vn3k_text_calib_500/raw/00165_pid1105_01106_00001290_attention_mask.raw,64
166,1416,train,HoGuom_01/01417_1.jpg,"Một cô gái có mái tóc ngắn màu đen, mặc áo phông màu trắng, mặc quần lửng màu ghi, đi dép màu đen.",/Users/phamtunglam/Documents/Projects/mSigLIP/code/artifacts/deployment/qnn_inputs/vn3k_text_calib_500/raw/00166_pid1416_01417_1_input_ids.raw,/Users/phamtunglam/Documents/Projects/mSigLIP/code/artifacts/deployment/qnn_inputs/vn3k_text_calib_500/raw/00166_pid1416_01417_1_attention_mask.raw,47
167,1164,train,HoGuom_01/01165_00000780.jpg,"Một thanh niên tóc đen, mặc áo khoác màu đen có sọc trắng, mặc quần dài màu đen, đi giày màu trắng, đeo khẩu trang màu trắng, khoác balo màu đen.",/Users/phamtunglam/Documents/Projects/mSigLIP/code/artifacts/deployment/qnn_inputs/vn3k_text_calib_500/raw/00167_pid1164_01165_00000780_input_ids.raw,/Users/phamtunglam/Documents/Projects/mSigLIP/code/artifacts/deployment/qnn_inputs/vn3k_text_calib_500/raw/00167_pid1164_01165_00000780_attention_mask.raw,64
168,1522,train,DHHN_HVBCVT_00/01523_00001935.jpg,"nữ tóc màu hạt dẻ, mặc áo khoác màu vàng nhạt, có mũ sau lưng, đeo ba lô màu sáng phía sau lưng, mặc quần dài bó sát màu đen, đi giầy thể thao màu trắng.",/Users/phamtunglam/Documents/Projects/mSigLIP/code/artifacts/deployment/qnn_inputs/vn3k_text_calib_500/raw/00168_pid1522_01523_00001935_input_ids.raw,/Users/phamtunglam/Documents/Projects/mSigLIP/code/artifacts/deployment/qnn_inputs/vn3k_text_calib_500/raw/00168_pid1522_01523_00001935_attention_mask.raw,64
169,459,train,HoGuom_00/00460_00016170.jpg,"Bạn nữ tóc ngắn, áo phông kẻ ngang sọc trắng đen, quần ngắn màu đen, đi giày đen.",/Users/phamtunglam/Documents/Projects/mSigLIP/code/artifacts/deployment/qnn_inputs/vn3k_text_calib_500/raw/00169_pid459_00460_00016170_input_ids.raw,/Users/phamtunglam/Documents/Projects/mSigLIP/code/artifacts/deployment/qnn_inputs/vn3k_text_calib_500/raw/00169_pid459_00460_00016170_attention_mask.raw,38
170,808,train,HoGuom_01/00809_00002745.jpg,"nữ búi tóc,đang đi,đeo kính gọng màu trắng,mặc áo cộc màu vàng nõn chuối,đeo túi màu trắng bên tay trái,quần màu trắng,đi giày thể thao, màu xám đế trắng,đang đi.",/Users/phamtunglam/Documents/Projects/mSigLIP/code/artifacts/deployment/qnn_inputs/vn3k_text_calib_500/raw/00170_pid808_00809_00002745_input_ids.raw,/Users/phamtunglam/Documents/Projects/mSigLIP/code/artifacts/deployment/qnn_inputs/vn3k_text_calib_500/raw/00170_pid808_00809_00002745_attention_mask.raw,64
171,84,train,HoGuom_00/00085_00000770.jpg,"Bé trai khoảng 12, 13 tuổi mặc áo phông màu xanh lá cây, mặc quần ngố bò màu xanh dương, tóc đen.",/Users/phamtunglam/Documents/Projects/mSigLIP/code/artifacts/deployment/qnn_inputs/vn3k_text_calib_500/raw/00171_pid84_00085_00000770_input_ids.raw,/Users/phamtunglam/Documents/Projects/mSigLIP/code/artifacts/deployment/qnn_inputs/vn3k_text_calib_500/raw/00171_pid84_00085_00000770_attention_mask.raw,44
172,137,train,HoGuom_00/00138_00002640.jpg,"nam mặc áo phông đen, quần ngố bò màu xanh, đi dép lê màu trắng.",/Users/phamtunglam/Documents/Projects/mSigLIP/code/artifacts/deployment/qnn_inputs/vn3k_text_calib_500/raw/00172_pid137_00138_00002640_input_ids.raw,/Users/phamtunglam/Documents/Projects/mSigLIP/code/artifacts/deployment/qnn_inputs/vn3k_text_calib_500/raw/00172_pid137_00138_00002640_attention_mask.raw,29
173,1771,train,DHHN_HVBCVT_00/01772_00001335.jpg,"Một cô gái có mái tóc màu đen, đeo khẩu trang màu xanh, mặc áo khoác màu xanh tím than, đeo khăn quàng cổ màu xám, mặc quần dài màu xanh, đi giày màu đen có dây giày màu trắng.",/Users/phamtunglam/Documents/Projects/mSigLIP/code/artifacts/deployment/qnn_inputs/vn3k_text_calib_500/raw/00173_pid1771_01772_00001335_input_ids.raw,/Users/phamtunglam/Documents/Projects/mSigLIP/code/artifacts/deployment/qnn_inputs/vn3k_text_calib_500/raw/00173_pid1771_01772_00001335_attention_mask.raw,64
174,942,train,HoGuom_01/00943_00000315.jpg,"Bé trai tóc ngắn, màu đen, mặc áo sơ mi cộc tay màu trắng, mặc quần dài màu xám, đi dép xăng đan, chân phải co gối phía trước, tay phải vung phía sau.",/Users/phamtunglam/Documents/Projects/mSigLIP/code/artifacts/deployment/qnn_inputs/vn3k_text_calib_500/raw/00174_pid942_00943_00000315_input_ids.raw,/Users/phamtunglam/Documents/Projects/mSigLIP/code/artifacts/deployment/qnn_inputs/vn3k_text_calib_500/raw/00174_pid942_00943_00000315_attention_mask.raw,64
175,1121,train,HoGuom_01/01122_00002175.jpg,"nữ chụp ngang từ phía sau bên phải, tóc dài màu hạt dẻ dài chấm lưng, mặc áo trắng dài tay, váy đen dài đến hết bắp chân, đi giày thể thao xanh vệt trắng, dây đeo túi màu đen bắt chéo từ vai trái, tay phải đưa lên vuốt tóc, đang bước chân phải lên trước, chân trái phía sau.",/Users/phamtunglam/Documents/Projects/mSigLIP/code/artifacts/deployment/qnn_inputs/vn3k_text_calib_500/raw/00175_pid1121_01122_00002175_input_ids.raw,/Users/phamtunglam/Documents/Projects/mSigLIP/code/artifacts/deployment/qnn_inputs/vn3k_text_calib_500/raw/00175_pid1121_01122_00002175_attention_mask.raw,64
176,67,train,TEST_DATA/Person68.2/output_2.jpg,"Một cô con gái mặc quần dài màu đen, áo phông trắng ngắn tay cổ tròn, có in hình trang trí màu đen trước ngực áo, tóc đen dài ngang vai để xõa, một phần tóc được đặt trên ngực trái, tóc mái dài rẽ ngôi bên phải.",/Users/phamtunglam/Documents/Projects/mSigLIP/code/artifacts/deployment/qnn_inputs/vn3k_text_calib_500/raw/00176_pid67_output_2_input_ids.raw,/Users/phamtunglam/Documents/Projects/mSigLIP/code/artifacts/deployment/qnn_inputs/vn3k_text_calib_500/raw/00176_pid67_output_2_attention_mask.raw,64
177,1049,train,HoGuom_01/01050_00002265.jpg,"nam đội mũ lưỡi trai màu xanh đen có hàng chữ màu trắng, đeo khẩu trang màu xanh da trời, mặc áo phông cổ tròn viền vàng, cộc tay, tay trái đưa ngang ngực, tay phải vung phía trước, mặc quần sooc bò đến gối màu xanh nước biển, đi giầy thể thao màu đen đế màu trắng.",/Users/phamtunglam/Documents/Projects/mSigLIP/code/artifacts/deployment/qnn_inputs/vn3k_text_calib_500/raw/00177_pid1049_01050_00002265_input_ids.raw,/Users/phamtunglam/Documents/Projects/mSigLIP/code/artifacts/deployment/qnn_inputs/vn3k_text_calib_500/raw/00177_pid1049_01050_00002265_attention_mask.raw,64
178,281,train,HoGuom_00/00282_00008810.jpg,"nam đi giày thể thao, áo phông trắng, quần màu đen.",/Users/phamtunglam/Documents/Projects/mSigLIP/code/artifacts/deployment/qnn_inputs/vn3k_text_calib_500/raw/00178_pid281_00282_00008810_input_ids.raw,/Users/phamtunglam/Documents/Projects/mSigLIP/code/artifacts/deployment/qnn_inputs/vn3k_text_calib_500/raw/00178_pid281_00282_00008810_attention_mask.raw,22
179,190,train,HoGuom_00/00191_00004670.jpg,"nam thanh niên, đi giày âu đen, mặc quần đen, áo vest mà tối, áo trong màu sáng.",/Users/phamtunglam/Documents/Projects/mSigLIP/code/artifacts/deployment/qnn_inputs/vn3k_text_calib_500/raw/00179_pid190_00191_00004670_input_ids.raw,/Users/phamtunglam/Documents/Projects/mSigLIP/code/artifacts/deployment/qnn_inputs/vn3k_text_calib_500/raw/00179_pid190_00191_00004670_attention_mask.raw,38
180,509,train,HoGuom_00/00510_00001210.jpg,"cô gái tóc dài màu đen, đeo kính màu đen, áo sơ mi dài tay kẻ caro màu trắng xanh, quần dài màu đen, khoác ba lô đen.",/Users/phamtunglam/Documents/Projects/mSigLIP/code/artifacts/deployment/qnn_inputs/vn3k_text_calib_500/raw/00180_pid509_00510_00001210_input_ids.raw,/Users/phamtunglam/Documents/Projects/mSigLIP/code/artifacts/deployment/qnn_inputs/vn3k_text_calib_500/raw/00180_pid509_00510_00001210_attention_mask.raw,55
181,1938,train,DHGTVT_00/01939_00011110.jpg,"nam tóc ngắn màu đen, mặc áo phông cộc tay cổ tròn màu trắng, mặc quần dài màu đen.",/Users/phamtunglam/Documents/Projects/mSigLIP/code/artifacts/deployment/qnn_inputs/vn3k_text_calib_500/raw/00181_pid1938_01939_00011110_input_ids.raw,/Users/phamtunglam/Documents/Projects/mSigLIP/code/artifacts/deployment/qnn_inputs/vn3k_text_calib_500/raw/00181_pid1938_01939_00011110_attention_mask.raw,41
182,50,train,TRAINNING_DATA/Person51/output_2.jpg,"Một nam thanh niên tóc ngắn, áo cộc tay màu đen, quần cộc màu đen, chân đi dép tông.",/Users/phamtunglam/Documents/Projects/mSigLIP/code/artifacts/deployment/qnn_inputs/vn3k_text_calib_500/raw/00182_pid50_output_2_input_ids.raw,/Users/phamtunglam/Documents/Projects/mSigLIP/code/artifacts/deployment/qnn_inputs/vn3k_text_calib_500/raw/00182_pid50_output_2_attention_mask.raw,39
183,1622,train,DHHN_HVBCVT_00/01623_00026835.jpg,"nam, mũ bảo hiểm màu trắng, khẩu trang màu xanh da trời, ba lô màu xanh nước biển, áo dài tay màu đen, quần dài màu đen, giày màu đen.",/Users/phamtunglam/Documents/Projects/mSigLIP/code/artifacts/deployment/qnn_inputs/vn3k_text_calib_500/raw/00183_pid1622_01623_00026835_input_ids.raw,/Users/phamtunglam/Documents/Projects/mSigLIP/code/artifacts/deployment/qnn_inputs/vn3k_text_calib_500/raw/00183_pid1622_01623_00026835_attention_mask.raw,58
184,71,train,TEST_DATA/Person72.2/output_2.jpg,"Một nam thanh niên tóc đen cắt ngắn với phần tóc từ giữa đầu tới gáy được húi cua, mặc một chiếc áo phông màu trắng đục cộc tay không cổ, mặc quần đùi đen dài trên gối với ống quần bên trái có in một hình nhỏ màu trắng ở gần gấu quần, đi giày thể thao màu đen.",/Users/phamtunglam/Documents/Projects/mSigLIP/code/artifacts/deployment/qnn_inputs/vn3k_text_calib_500/raw/00184_pid71_output_2_input_ids.raw,/Users/phamtunglam/Documents/Projects/mSigLIP/code/artifacts/deployment/qnn_inputs/vn3k_text_calib_500/raw/00184_pid71_output_2_attention_mask.raw,64
185,823,train,HoGuom_01/00824_00004365.jpg,"nam thanh niên mặc áo phông trắng cộc tay, gấu tay có viền đen, mặc quần sóc trắng kẻ cao trên gối, hai chân đang bước rộng.",/Users/phamtunglam/Documents/Projects/mSigLIP/code/artifacts/deployment/qnn_inputs/vn3k_text_calib_500/raw/00185_pid823_00824_00004365_input_ids.raw,/Users/phamtunglam/Documents/Projects/mSigLIP/code/artifacts/deployment/qnn_inputs/vn3k_text_calib_500/raw/00185_pid823_00824_00004365_attention_mask.raw,57
186,1291,train,HoGuom_01/01292_00005445.jpg,"Một người đàn ông tóc màu đen, mặc áo phông ngắn tay màu trắng, mặc quần short màu đen, đi dép màu tím.",/Users/phamtunglam/Documents/Projects/mSigLIP/code/artifacts/deployment/qnn_inputs/vn3k_text_calib_500/raw/00186_pid1291_01292_00005445_input_ids.raw,/Users/phamtunglam/Documents/Projects/mSigLIP/code/artifacts/deployment/qnn_inputs/vn3k_text_calib_500/raw/00186_pid1291_01292_00005445_attention_mask.raw,44
187,688,train,HoGuom_00/00689_00009905.jpg,"người đàn ông tóc ngắn màu đen, mặc áo ba lỗ màu đỏ, quần sooc màu đen, đi dép xăng đan màu đen.",/Users/phamtunglam/Documents/Projects/mSigLIP/code/artifacts/deployment/qnn_inputs/vn3k_text_calib_500/raw/00187_pid688_00689_00009905_input_ids.raw,/Users/phamtunglam/Documents/Projects/mSigLIP/code/artifacts/deployment/qnn_inputs/vn3k_text_calib_500/raw/00187_pid688_00689_00009905_attention_mask.raw,47
188,668,train,HoGuom_00/00669_00008560.jpg,"cô gái tóc dài màu nâu, dáng người to béo, mặc áo tay lỡ màu trắng, quần jean dài màu đen, đi giày thể thao màu ghi.",/Users/phamtunglam/Documents/Projects/mSigLIP/code/artifacts/deployment/qnn_inputs/vn3k_text_calib_500/raw/00188_pid668_00669_00008560_input_ids.raw,/Users/phamtunglam/Documents/Projects/mSigLIP/code/artifacts/deployment/qnn_inputs/vn3k_text_calib_500/raw/00188_pid668_00669_00008560_attention_mask.raw,53
189,547,train,HoGuom_00/00548_00004040.jpg,"Bé gái tóc ngắn màu đen, mặc váy hoa màu hồng, đi dép xăng đan màu trắng.",/Users/phamtunglam/Documents/Projects/mSigLIP/code/artifacts/deployment/qnn_inputs/vn3k_text_calib_500/raw/00189_pid547_00548_00004040_input_ids.raw,/Users/phamtunglam/Documents/Projects/mSigLIP/code/artifacts/deployment/qnn_inputs/vn3k_text_calib_500/raw/00189_pid547_00548_00004040_attention_mask.raw,33
190,1028,train,HoGuom_01/01029_00000120.jpg,"nữ tóc dài để tóc trước ngực, đeo kính, mặc áo tay lỡ màu trắng, mặc quần ống sớ màu đen, giữa ống quần có vệt kẻ trắng nằm ngang, tay phải co bên sườn và đeo một túi xách màu đen.",/Users/phamtunglam/Documents/Projects/mSigLIP/code/artifacts/deployment/qnn_inputs/vn3k_text_calib_500/raw/00190_pid1028_01029_00000120_input_ids.raw,/Users/phamtunglam/Documents/Projects/mSigLIP/code/artifacts/deployment/qnn_inputs/vn3k_text_calib_500/raw/00190_pid1028_01029_00000120_attention_mask.raw,64
191,1081,train,HoGuom_01/01082_00005280.jpg,"Bé gái tóc cắt mái bằng mặc áo trắng cộc tay, mặc chân váy màu xám xếp li, đi tất đỏ có viền màu nâu vàng, đi giầy thể thao màu nâu đen có viền trắng, tay phải đưa lên đầu, tay trái cầm túi bóng màu trắng.",/Users/phamtunglam/Documents/Projects/mSigLIP/code/artifacts/deployment/qnn_inputs/vn3k_text_calib_500/raw/00191_pid1081_01082_00005280_input_ids.raw,/Users/phamtunglam/Documents/Projects/mSigLIP/code/artifacts/deployment/qnn_inputs/vn3k_text_calib_500/raw/00191_pid1081_01082_00005280_attention_mask.raw,64
192,549,train,HoGuom_00/00550_00004355.jpg,"cô gái tóc ngắn màu đen buộc cao, áo ngắn tay màu hồng, mặc quần jean màu xanh, chân đi tông, tay cầm mũ màu trắng.",/Users/phamtunglam/Documents/Projects/mSigLIP/code/artifacts/deployment/qnn_inputs/vn3k_text_calib_500/raw/00192_pid549_00550_00004355_input_ids.raw,/Users/phamtunglam/Documents/Projects/mSigLIP/code/artifacts/deployment/qnn_inputs/vn3k_text_calib_500/raw/00192_pid549_00550_00004355_attention_mask.raw,53
193,726,train,HoGuom_00/00727_00012285.jpg,"người đàn ông tóc ngắn màu trắng, mặc áo phông ngắn tay màu xanh da trời, mặc quần jean dài màu xanh đen.",/Users/phamtunglam/Documents/Projects/mSigLIP/code/artifacts/deployment/qnn_inputs/vn3k_text_calib_500/raw/00193_pid726_00727_00012285_input_ids.raw,/Users/phamtunglam/Documents/Projects/mSigLIP/code/artifacts/deployment/qnn_inputs/vn3k_text_calib_500/raw/00193_pid726_00727_00012285_attention_mask.raw,47
194,899,train,HoGuom_01/00900_00016215.jpg,"nữ tóc màu hạt dẻ, đeo kính, đeo khẩu trang màu trắng dưới cằm, mặc áo phông cổ tròn cộc tay màu trắng, bên ngực trái có họa tiết màu nâu, mặc quần bò dài màu xanh, bên vai trái đeo túi, đi giầy màu nâu.",/Users/phamtunglam/Documents/Projects/mSigLIP/code/artifacts/deployment/qnn_inputs/vn3k_text_calib_500/raw/00194_pid899_00900_00016215_input_ids.raw,/Users/phamtunglam/Documents/Projects/mSigLIP/code/artifacts/deployment/qnn_inputs/vn3k_text_calib_500/raw/00194_pid899_00900_00016215_attention_mask.raw,64
195,1625,train,DHHN_HVBCVT_00/01626_00028860.jpg,"nam thanh niên tóc ngắn màu đen, đeo kính, mặc áo khoác màu trắng và da cam, khoác ba lô đen, quần dài màu đen, đi giày đen.",/Users/phamtunglam/Documents/Projects/mSigLIP/code/artifacts/deployment/qnn_inputs/vn3k_text_calib_500/raw/00195_pid1625_01626_00028860_input_ids.raw,/Users/phamtunglam/Documents/Projects/mSigLIP/code/artifacts/deployment/qnn_inputs/vn3k_text_calib_500/raw/00195_pid1625_01626_00028860_attention_mask.raw,55
196,694,train,HoGuom_00/00695_00010115.jpg,"người đàn ông tóc ngắn màu đen, mặc áo phông ngắn tay màu trắng, quần sooc màu ghi sáng, đi dép màu đen.",/Users/phamtunglam/Documents/Projects/mSigLIP/code/artifacts/deployment/qnn_inputs/vn3k_text_calib_500/raw/00196_pid694_00695_00010115_input_ids.raw,/Users/phamtunglam/Documents/Projects/mSigLIP/code/artifacts/deployment/qnn_inputs/vn3k_text_calib_500/raw/00196_pid694_00695_00010115_attention_mask.raw,45
197,1929,train,DHGTVT_00/01930_00010660.jpg,"nam đội mũ lưỡi trai màu đen có hai chấm trắng trên mũ, đeo khẩu trang màu xanh nước biển, mặc áo trong kẻ ngang màu xám và đen, khoác ngoài áo khoác đen, mặc quần dài màu đen, đi giầy thể thao màu đen buộc dây màu trắng.",/Users/phamtunglam/Documents/Projects/mSigLIP/code/artifacts/deployment/qnn_inputs/vn3k_text_calib_500/raw/00197_pid1929_01930_00010660_input_ids.raw,/Users/phamtunglam/Documents/Projects/mSigLIP/code/artifacts/deployment/qnn_inputs/vn3k_text_calib_500/raw/00197_pid1929_01930_00010660_attention_mask.raw,64
198,280,train,HoGuom_00/00281_00008800.jpg,"nam mặc áo phông xanh, quần ngố màu trắng.",/Users/phamtunglam/Documents/Projects/mSigLIP/code/artifacts/deployment/qnn_inputs/vn3k_text_calib_500/raw/00198_pid280_00281_00008800_input_ids.raw,/Users/phamtunglam/Documents/Projects/mSigLIP/code/artifacts/deployment/qnn_inputs/vn3k_text_calib_500/raw/00198_pid280_00281_00008800_attention_mask.raw,20
199,1977,train,DHGTVT_00/01978_00028780.jpg,"nam tóc ngắn màu đen, bên trong mặc áo phông màu đen áo khoác ngoài màu xanh đen, đeo ba lô sau lưng quai màu đen, mặc quần dài màu đen, đi giầy thể thao màu xám.",/Users/phamtunglam/Documents/Projects/mSigLIP/code/artifacts/deployment/qnn_inputs/vn3k_text_calib_500/raw/00199_pid1977_01978_00028780_input_ids.raw,/Users/phamtunglam/Documents/Projects/mSigLIP/code/artifacts/deployment/qnn_inputs/vn3k_text_calib_500/raw/00199_pid1977_01978_00028780_attention_mask.raw,64
200,947,train,HoGuom_01/00948_00001440.jpg,"nữ tóc dài để xõa, tay trái đeo đồng hồ tay đưa lên đầu, mặc áo trắng tay lỡ, mặc chân váy ngắn màu nâu vàng kẻ ca rô, đi giầy màu vàng, chân trái hơi co gối, tay phải cầm điện thoại và ôm một túi màu tím hồng trước ngực.",/Users/phamtunglam/Documents/Projects/mSigLIP/code/artifacts/deployment/qnn_inputs/vn3k_text_calib_500/raw/00200_pid947_00948_00001440_input_ids.raw,/Users/phamtunglam/Documents/Projects/mSigLIP/code/artifacts/deployment/qnn_inputs/vn3k_text_calib_500/raw/00200_pid947_00948_00001440_attention_mask.raw,64
201,1096,train,HoGuom_01/01097_00005670.jpg,"nữ tóc đen cắt đầu vuông, mặc áo phông bó cổ tròn cộc tay, vai phải đeo túi xách màu vang, tay co ngang ngực cầm cái gì đó, mặc quần bò màu xanh xám, đi giầy màu đen.",/Users/phamtunglam/Documents/Projects/mSigLIP/code/artifacts/deployment/qnn_inputs/vn3k_text_calib_500/raw/00201_pid1096_01097_00005670_input_ids.raw,/Users/phamtunglam/Documents/Projects/mSigLIP/code/artifacts/deployment/qnn_inputs/vn3k_text_calib_500/raw/00201_pid1096_01097_00005670_attention_mask.raw,64
202,639,train,HoGuom_00/00640_00007685.jpg,"người phụ nữ tóc ngắn ngang vai màu đen, mặc váy hoa màu xanh lá cây, đi giày màu đen.",/Users/phamtunglam/Documents/Projects/mSigLIP/code/artifacts/deployment/qnn_inputs/vn3k_text_calib_500/raw/00202_pid639_00640_00007685_input_ids.raw,/Users/phamtunglam/Documents/Projects/mSigLIP/code/artifacts/deployment/qnn_inputs/vn3k_text_calib_500/raw/00202_pid639_00640_00007685_attention_mask.raw,37
203,787,train,HoGuom_01/00788_00001636.jpg,"Phụ nữ mặc áo trắng, tóc dài, quần mầu xanh đen, đi giầy đen.",/Users/phamtunglam/Documents/Projects/mSigLIP/code/artifacts/deployment/qnn_inputs/vn3k_text_calib_500/raw/00203_pid787_00788_00001636_input_ids.raw,/Users/phamtunglam/Documents/Projects/mSigLIP/code/artifacts/deployment/qnn_inputs/vn3k_text_calib_500/raw/00203_pid787_00788_00001636_attention_mask.raw,32
204,1238,train,HoGuom_01/01239_00003915.jpg,"Một người phụ nữ tóc đen, mặc áo màu trắng, mặc quần màu đen, đeo khẩu trang màu xanh.",/Users/phamtunglam/Documents/Projects/mSigLIP/code/artifacts/deployment/qnn_inputs/vn3k_text_calib_500/raw/00204_pid1238_01239_00003915_input_ids.raw,/Users/phamtunglam/Documents/Projects/mSigLIP/code/artifacts/deployment/qnn_inputs/vn3k_text_calib_500/raw/00204_pid1238_01239_00003915_attention_mask.raw,43
205,67,train,TEST_DATA/Person68.2/output_9.jpg,"Một cô gái trẻ tóc dài, chân đi đôi dép lê mặc chiếc áo phông cộc tay màu trắng, có hình phía trước ngực cùng chiếc quần dài màu đen, xắn gấu.",/Users/phamtunglam/Documents/Projects/mSigLIP/code/artifacts/deployment/qnn_inputs/vn3k_text_calib_500/raw/00205_pid67_output_9_input_ids.raw,/Users/phamtunglam/Documents/Projects/mSigLIP/code/artifacts/deployment/qnn_inputs/vn3k_text_calib_500/raw/00205_pid67_output_9_attention_mask.raw,64
206,323,train,HoGuom_00/00324_00010385.jpg,"cô gái tóc ngắn ngang vai, áo dạ ngắn kẻ ca rô nâu trắng, chân váy xòe màu đen có ren đi giày cao gót màu hồng đất, tay cầm túi màu đỏ.",/Users/phamtunglam/Documents/Projects/mSigLIP/code/artifacts/deployment/qnn_inputs/vn3k_text_calib_500/raw/00206_pid323_00324_00010385_input_ids.raw,/Users/phamtunglam/Documents/Projects/mSigLIP/code/artifacts/deployment/qnn_inputs/vn3k_text_calib_500/raw/00206_pid323_00324_00010385_attention_mask.raw,64
207,609,train,HoGuom_00/00610_00007280.jpg,"Cậu bé tóc ngắn màu đen, mặc áo phông ngắn tay màu đen, ngực áo có hình trái tim màu đỏ, chữ màu trắng, mặc quần sooc màu xanh đen, đi giày màu đen trắng.",/Users/phamtunglam/Documents/Projects/mSigLIP/code/artifacts/deployment/qnn_inputs/vn3k_text_calib_500/raw/00207_pid609_00610_00007280_input_ids.raw,/Users/phamtunglam/Documents/Projects/mSigLIP/code/artifacts/deployment/qnn_inputs/vn3k_text_calib_500/raw/00207_pid609_00610_00007280_attention_mask.raw,64
208,1847,train,HoGuom_01/01848_00000676.jpg,"nữ tóc dài để xõa màu đen, mặc áo phông cộc tay màu nâu nhạt, mặc quần sooc ngắn màu xanh nhạt, chân trước chân sau.",/Users/phamtunglam/Documents/Projects/mSigLIP/code/artifacts/deployment/qnn_inputs/vn3k_text_calib_500/raw/00208_pid1847_01848_00000676_input_ids.raw,/Users/phamtunglam/Documents/Projects/mSigLIP/code/artifacts/deployment/qnn_inputs/vn3k_text_calib_500/raw/00208_pid1847_01848_00000676_attention_mask.raw,60
209,479,train,HoGuom_00/00480_00017115.jpg,"người đàn ông đội mũ màu nâu, tóc màu đen cắt ngắn, mặc áo sơ mi kẻ sọc màu trắng xanh đen, đeo túi chéo màu nâu, mặc quần màu xanh nhạt.",/Users/phamtunglam/Documents/Projects/mSigLIP/code/artifacts/deployment/qnn_inputs/vn3k_text_calib_500/raw/00209_pid479_00480_00017115_input_ids.raw,/Users/phamtunglam/Documents/Projects/mSigLIP/code/artifacts/deployment/qnn_inputs/vn3k_text_calib_500/raw/00209_pid479_00480_00017115_attention_mask.raw,64
210,802,train,HoGuom_01/00803_00002266.jpg,"nam thanh niên đeo khẩu trang màu xanh lơ, mặc áo phông trắng cộc tay trước ngực có dòng chữ đỏ, tay cầm áo màu đen, mặc quần sooc trắng, chân đi dép tông sẫm màu.",/Users/phamtunglam/Documents/Projects/mSigLIP/code/artifacts/deployment/qnn_inputs/vn3k_text_calib_500/raw/00210_pid802_00803_00002266_input_ids.raw,/Users/phamtunglam/Documents/Projects/mSigLIP/code/artifacts/deployment/qnn_inputs/vn3k_text_calib_500/raw/00210_pid802_00803_00002266_attention_mask.raw,64
211,20,train,TEST_DATA/Person21.2/output_9.jpg,"Một nam thanh niên mặc áo thể thao màu đỏ, tay áo màu đỏ đậm, quần màu đen, đi dép tông màu đen.",/Users/phamtunglam/Documents/Projects/mSigLIP/code/artifacts/deployment/qnn_inputs/vn3k_text_calib_500/raw/00211_pid20_output_9_input_ids.raw,/Users/phamtunglam/Documents/Projects/mSigLIP/code/artifacts/deployment/qnn_inputs/vn3k_text_calib_500/raw/00211_pid20_output_9_attention_mask.raw,48
212,1180,train,HoGuom_01/01181_00002055.jpg,"Một người phụ nữ tóc ngắn màu đen, đeo khẩu trang màu trắng, mặc váy màu đen có các họa tiết hoa nhiều màu, tay cầm một chiếc ví màu nâu.",/Users/phamtunglam/Documents/Projects/mSigLIP/code/artifacts/deployment/qnn_inputs/vn3k_text_calib_500/raw/00212_pid1180_01181_00002055_input_ids.raw,/Users/phamtunglam/Documents/Projects/mSigLIP/code/artifacts/deployment/qnn_inputs/vn3k_text_calib_500/raw/00212_pid1180_01181_00002055_attention_mask.raw,64
213,1220,train,HoGuom_01/01221_00003705.jpg,"Một cô gái tóc màu đen, mặc áo phông màu trắng, mặc quần short màu đen, đi dép màu đen, đeo túi màu đen.",/Users/phamtunglam/Documents/Projects/mSigLIP/code/artifacts/deployment/qnn_inputs/vn3k_text_calib_500/raw/00213_pid1220_01221_00003705_input_ids.raw,/Users/phamtunglam/Documents/Projects/mSigLIP/code/artifacts/deployment/qnn_inputs/vn3k_text_calib_500/raw/00213_pid1220_01221_00003705_attention_mask.raw,49
214,603,train,HoGuom_00/00604_00006585.jpg,"cô gái tóc dài màu đen, mặc áo phông ngắn tay màu trắng, chân váy jean màu xanh da trời, đi giày màu trắng.",/Users/phamtunglam/Documents/Projects/mSigLIP/code/artifacts/deployment/qnn_inputs/vn3k_text_calib_500/raw/00214_pid603_00604_00006585_input_ids.raw,/Users/phamtunglam/Documents/Projects/mSigLIP/code/artifacts/deployment/qnn_inputs/vn3k_text_calib_500/raw/00214_pid603_00604_00006585_attention_mask.raw,47
215,1120,train,HoGuom_01/01121_00001680.jpg,"nam thanh niên chụp ngang từ phía sau bên phải, tóc dài che gáy, đeo khẩu trang, mặc áo phông đen không cổ có họa tiết sau lưng, quần dài đen, đi giày thể thao đen viền trắng, tất đen, đang bước chân phải thẳng, chân trái co lại về sau, tay phải co ngang khuỷu, cầm một vật gì đó.",/Users/phamtunglam/Documents/Projects/mSigLIP/code/artifacts/deployment/qnn_inputs/vn3k_text_calib_500/raw/00215_pid1120_01121_00001680_input_ids.raw,/Users/phamtunglam/Documents/Projects/mSigLIP/code/artifacts/deployment/qnn_inputs/vn3k_text_calib_500/raw/00215_pid1120_01121_00001680_attention_mask.raw,64
216,1756,train,DHHN_HVBCVT_00/01757_01757020.jpg,"Một nam thanh niên có mái tóc màu đen, đeo khẩu trang màu trắng, mặc áo khoác màu trắng, mặc quần dài màu đen, đi giày màu trắng.",/Users/phamtunglam/Documents/Projects/mSigLIP/code/artifacts/deployment/qnn_inputs/vn3k_text_calib_500/raw/00216_pid1756_01757_01757020_input_ids.raw,/Users/phamtunglam/Documents/Projects/mSigLIP/code/artifacts/deployment/qnn_inputs/vn3k_text_calib_500/raw/00216_pid1756_01757_01757020_attention_mask.raw,58
217,68,train,TEST_DATA/Person69.2/output_9.jpg,"Một nam thanh niên cắt tóc ngắn, mặc áo phông ngắn tay, cổ tròn màu trắng cùng chiếc quần dài màu đen, xắn gấu, chân đi đôi dép lê có sọc kẻ trắng-đen.",/Users/phamtunglam/Documents/Projects/mSigLIP/code/artifacts/deployment/qnn_inputs/vn3k_text_calib_500/raw/00217_pid68_output_9_input_ids.raw,/Users/phamtunglam/Documents/Projects/mSigLIP/code/artifacts/deployment/qnn_inputs/vn3k_text_calib_500/raw/00217_pid68_output_9_attention_mask.raw,64
218,1057,train,HoGuom_01/01058_00001680.jpg,"nữ tóc cắt vuông màu hạt dẻ, đeo kính, đeo khẩu trang màu ghi dưới cằm, vài phải đeo túi dây mầu đen túi màu đỏ, tay phải đeo đồng hồ đưa tay lên vai, mặc áo dài tay màu đen, mặc chân váy dài qua gối màu đi, đi ủng bốt màu đen.",/Users/phamtunglam/Documents/Projects/mSigLIP/code/artifacts/deployment/qnn_inputs/vn3k_text_calib_500/raw/00218_pid1057_01058_00001680_input_ids.raw,/Users/phamtunglam/Documents/Projects/mSigLIP/code/artifacts/deployment/qnn_inputs/vn3k_text_calib_500/raw/00218_pid1057_01058_00001680_attention_mask.raw,64
219,1930,train,DHGTVT_00/01931_00010510.jpg,"nam đội mũ lưỡi trai màu đen trên mũ có logo màu trắng, mặc áo trong màu trắng, khoác áo ngoài màu đen viền ống tay màu trắng, mặc quần bò màu đen, đi dép sục màu xám.",/Users/phamtunglam/Documents/Projects/mSigLIP/code/artifacts/deployment/qnn_inputs/vn3k_text_calib_500/raw/00219_pid1930_01931_00010510_input_ids.raw,/Users/phamtunglam/Documents/Projects/mSigLIP/code/artifacts/deployment/qnn_inputs/vn3k_text_calib_500/raw/00219_pid1930_01931_00010510_attention_mask.raw,64
220,515,train,HoGuom_00/00516_00002485.jpg,"người đàn ông to béo tóc ngắn màu đen, mặc áo phông có cổ màu hồng, mặc quần sooc màu ghi.",/Users/phamtunglam/Documents/Projects/mSigLIP/code/artifacts/deployment/qnn_inputs/vn3k_text_calib_500/raw/00220_pid515_00516_00002485_input_ids.raw,/Users/phamtunglam/Documents/Projects/mSigLIP/code/artifacts/deployment/qnn_inputs/vn3k_text_calib_500/raw/00220_pid515_00516_00002485_attention_mask.raw,42
221,1532,train,DHHN_HVBCVT_00/01533_00004905.jpg,"nam tóc ngắn màu đen, đeo kính cận, mặc áo khoác màu đen, đeo balo phía sau lưng màu xám đen, mặc quần dài màu đen.",/Users/phamtunglam/Documents/Projects/mSigLIP/code/artifacts/deployment/qnn_inputs/vn3k_text_calib_500/raw/00221_pid1532_01533_00004905_input_ids.raw,/Users/phamtunglam/Documents/Projects/mSigLIP/code/artifacts/deployment/qnn_inputs/vn3k_text_calib_500/raw/00221_pid1532_01533_00004905_attention_mask.raw,56
222,452,train,HoGuom_00/00453_00015930.jpg,"Bạn trai đội mũ lưỡi trai màu đen, áo phông ngắn tay trắng, quần sooc màu đen, giày màu trắng.",/Users/phamtunglam/Documents/Projects/mSigLIP/code/artifacts/deployment/qnn_inputs/vn3k_text_calib_500/raw/00222_pid452_00453_00015930_input_ids.raw,/Users/phamtunglam/Documents/Projects/mSigLIP/code/artifacts/deployment/qnn_inputs/vn3k_text_calib_500/raw/00222_pid452_00453_00015930_attention_mask.raw,40
223,767,train,HoGuom_01/00768_00000450.jpg,"người đàn ông tóc ngắn màu vàng, mặc áo sơ mi dài tay màu vàng, quần dài màu đen, đi giày da màu đen.",/Users/phamtunglam/Documents/Projects/mSigLIP/code/artifacts/deployment/qnn_inputs/vn3k_text_calib_500/raw/00223_pid767_00768_00000450_input_ids.raw,/Users/phamtunglam/Documents/Projects/mSigLIP/code/artifacts/deployment/qnn_inputs/vn3k_text_calib_500/raw/00223_pid767_00768_00000450_attention_mask.raw,47
224,34,train,TRAINNING_DATA/Person35/output_9.jpg,"Một cậu thanh niên mặc áo phông trắng, phía sau có in số to, quần đùi màu đen, có sọc trắng ở bên hông, chân đi dép lê.",/Users/phamtunglam/Documents/Projects/mSigLIP/code/artifacts/deployment/qnn_inputs/vn3k_text_calib_500/raw/00224_pid34_output_9_input_ids.raw,/Users/phamtunglam/Documents/Projects/mSigLIP/code/artifacts/deployment/qnn_inputs/vn3k_text_calib_500/raw/00224_pid34_output_9_attention_mask.raw,54
225,406,train,HoGuom_00/00407_00013885.jpg,"nam thanh niên đeo kính gọng đen, áo phông màu xám, quần dài màu đen, đi dép da đen.",/Users/phamtunglam/Documents/Projects/mSigLIP/code/artifacts/deployment/qnn_inputs/vn3k_text_calib_500/raw/00225_pid406_00407_00013885_input_ids.raw,/Users/phamtunglam/Documents/Projects/mSigLIP/code/artifacts/deployment/qnn_inputs/vn3k_text_calib_500/raw/00225_pid406_00407_00013885_attention_mask.raw,39
226,1387,train,HoGuom_01/01388_2.jpg,"Một người đàn ông có mái tóc màu đen, đeo khẩu trang màu xanh nước biển, mặc áo khoác màu đen bên ngoài, mặc quần dài màu đen, đi giày màu trắng.",/Users/phamtunglam/Documents/Projects/mSigLIP/code/artifacts/deployment/qnn_inputs/vn3k_text_calib_500/raw/00226_pid1387_01388_2_input_ids.raw,/Users/phamtunglam/Documents/Projects/mSigLIP/code/artifacts/deployment/qnn_inputs/vn3k_text_calib_500/raw/00226_pid1387_01388_2_attention_mask.raw,64
227,1897,train,DHGTVT_00/01898_00006470.jpg,"nữ tóc màu đen chấm vai, đeo kính cận, mặc áo sơ mi kẻ sọc màu nâu và màu nâu nhạt, mặc chân váy ngắn màu nâu nhạt, tay trái đeo đồng hồ và cầm ví màu đen, đi giầy cao gót màu đen.",/Users/phamtunglam/Documents/Projects/mSigLIP/code/artifacts/deployment/qnn_inputs/vn3k_text_calib_500/raw/00227_pid1897_01898_00006470_input_ids.raw,/Users/phamtunglam/Documents/Projects/mSigLIP/code/artifacts/deployment/qnn_inputs/vn3k_text_calib_500/raw/00227_pid1897_01898_00006470_attention_mask.raw,64
228,1754,train,DHHN_HVBCVT_00/01755_00015765.jpg,"Một cô gái có mái tóc màu đen, mặc áo khoác màu hồng có mũ, đang đội mũ áo, mặc quần dài màu xanh, đi giày màu trắng đang đi bộ.",/Users/phamtunglam/Documents/Projects/mSigLIP/code/artifacts/deployment/qnn_inputs/vn3k_text_calib_500/raw/00228_pid1754_01755_00015765_input_ids.raw,/Users/phamtunglam/Documents/Projects/mSigLIP/code/artifacts/deployment/qnn_inputs/vn3k_text_calib_500/raw/00228_pid1754_01755_00015765_attention_mask.raw,62
229,572,train,HoGuom_00/00573_00005280.jpg,"người đàn ông tóc ngắn màu đen, mặc áo phông cổ tròn, ngắn tay màu trắng, quần đùi màu trắng.",/Users/phamtunglam/Documents/Projects/mSigLIP/code/artifacts/deployment/qnn_inputs/vn3k_text_calib_500/raw/00229_pid572_00573_00005280_input_ids.raw,/Users/phamtunglam/Documents/Projects/mSigLIP/code/artifacts/deployment/qnn_inputs/vn3k_text_calib_500/raw/00229_pid572_00573_00005280_attention_mask.raw,41
230,458,train,HoGuom_00/00459_00016155.jpg,"Bạn nữ tóc ngắn màu đen, mặc áo phông màu đen, quần dài màu đen.",/Users/phamtunglam/Documents/Projects/mSigLIP/code/artifacts/deployment/qnn_inputs/vn3k_text_calib_500/raw/00230_pid458_00459_00016155_input_ids.raw,/Users/phamtunglam/Documents/Projects/mSigLIP/code/artifacts/deployment/qnn_inputs/vn3k_text_calib_500/raw/00230_pid458_00459_00016155_attention_mask.raw,34
231,1392,train,HoGuom_01/01393_1.jpg,"Một nam thanh niên có mái tóc màu đen, mặc áo phông có sọc màu đen sọc màu trắng, mặc quần màu nâu, đi giày màu trắng.",/Users/phamtunglam/Documents/Projects/mSigLIP/code/artifacts/deployment/qnn_inputs/vn3k_text_calib_500/raw/00231_pid1392_01393_1_input_ids.raw,/Users/phamtunglam/Documents/Projects/mSigLIP/code/artifacts/deployment/qnn_inputs/vn3k_text_calib_500/raw/00231_pid1392_01393_1_attention_mask.raw,57
232,567,train,HoGuom_00/00568_00005120.jpg,"cô gái tóc ngắn màu đen, mặc áo ngắn tay sáng màu, quần jean dài màu xanh đậm, đi giày thể thao màu trắng.",/Users/phamtunglam/Documents/Projects/mSigLIP/code/artifacts/deployment/qnn_inputs/vn3k_text_calib_500/raw/00232_pid567_00568_00005120_input_ids.raw,/Users/phamtunglam/Documents/Projects/mSigLIP/code/artifacts/deployment/qnn_inputs/vn3k_text_calib_500/raw/00232_pid567_00568_00005120_attention_mask.raw,50
233,19,train,TRAINNING_DATA/Person20/output_6.jpg,"Một bạn gái đi đôi dép màu hồng, tay cầm điện thoại, tóc buộc đằng sau, mặc áo phông cộc tay màu trắng có tay áo màu vàng, và quần thể thao có kẻ sọc.",/Users/phamtunglam/Documents/Projects/mSigLIP/code/artifacts/deployment/qnn_inputs/vn3k_text_calib_500/raw/00233_pid19_output_6_input_ids.raw,/Users/phamtunglam/Documents/Projects/mSigLIP/code/artifacts/deployment/qnn_inputs/vn3k_text_calib_500/raw/00233_pid19_output_6_attention_mask.raw,64
234,1728,train,DHHN_HVBCVT_00/01729_00013320.jpg,"nữ tóc màu đen, áo dài tay màu đen, khoác ba lô màu nâu, quần dài màu đen, đi giày màu nâu.",/Users/phamtunglam/Documents/Projects/mSigLIP/code/artifacts/deployment/qnn_inputs/vn3k_text_calib_500/raw/00234_pid1728_01729_00013320_input_ids.raw,/Users/phamtunglam/Documents/Projects/mSigLIP/code/artifacts/deployment/qnn_inputs/vn3k_text_calib_500/raw/00234_pid1728_01729_00013320_attention_mask.raw,46
235,784,train,HoGuom_01/00785_00000525.jpg,"nam tóc ngắn màu đen, đeo khẩu trang màu xanh da trời, mặc áo phông màu vàng kẻ ngang màu đen cộc tay, mặc quần dài màu đen, đi giầy thể thao màu đen đế màu trắng, vai trái đeo túi quai túi màu đen.",/Users/phamtunglam/Documents/Projects/mSigLIP/code/artifacts/deployment/qnn_inputs/vn3k_text_calib_500/raw/00235_pid784_00785_00000525_input_ids.raw,/Users/phamtunglam/Documents/Projects/mSigLIP/code/artifacts/deployment/qnn_inputs/vn3k_text_calib_500/raw/00235_pid784_00785_00000525_attention_mask.raw,64
236,716,train,HoGuom_00/00717_00011740.jpg,"cô gái tóc màu nâu, đeo kính màu đen, mặc áo phông ngắn tay màu đen kẻ ngang màu trắng, quần dài màu đen, đi giày màu trắng.",/Users/phamtunglam/Documents/Projects/mSigLIP/code/artifacts/deployment/qnn_inputs/vn3k_text_calib_500/raw/00236_pid716_00717_00011740_input_ids.raw,/Users/phamtunglam/Documents/Projects/mSigLIP/code/artifacts/deployment/qnn_inputs/vn3k_text_calib_500/raw/00236_pid716_00717_00011740_attention_mask.raw,57
237,1645,train,DHHN_HVBCVT_00/01646_00040845.jpg,"nam thanh niên tóc ngắn màu đen, áo khoác ngoài màu đỏ và trắng, quần dài màu đen, đi dép màu trắng.",/Users/phamtunglam/Documents/Projects/mSigLIP/code/artifacts/deployment/qnn_inputs/vn3k_text_calib_500/raw/00237_pid1645_01646_00040845_input_ids.raw,/Users/phamtunglam/Documents/Projects/mSigLIP/code/artifacts/deployment/qnn_inputs/vn3k_text_calib_500/raw/00237_pid1645_01646_00040845_attention_mask.raw,43
238,371,train,HoGuom_00/00372_00012740.jpg,"nam thanh niên đi tông, mặc áo phông màu hồng, đi dép tông, quần ngố bó màu xanh.",/Users/phamtunglam/Documents/Projects/mSigLIP/code/artifacts/deployment/qnn_inputs/vn3k_text_calib_500/raw/00238_pid371_00372_00012740_input_ids.raw,/Users/phamtunglam/Documents/Projects/mSigLIP/code/artifacts/deployment/qnn_inputs/vn3k_text_calib_500/raw/00238_pid371_00372_00012740_attention_mask.raw,36
239,1087,train,HoGuom_01/01088_00001695.jpg,"nam tóc xoăn, đeo kính, đeo khẩu trang màu xám, mặc áo khoác màu đen, mặc quần dài màu đen, đi giầy mầu xám đế trắng, hai chân bước rộng.",/Users/phamtunglam/Documents/Projects/mSigLIP/code/artifacts/deployment/qnn_inputs/vn3k_text_calib_500/raw/00239_pid1087_01088_00001695_input_ids.raw,/Users/phamtunglam/Documents/Projects/mSigLIP/code/artifacts/deployment/qnn_inputs/vn3k_text_calib_500/raw/00239_pid1087_01088_00001695_attention_mask.raw,64
240,409,train,HoGuom_00/00410_00013870.jpg,"nam đi dép lê, đeo kính, mặc áo phông xanh, quần ngố màu đen.",/Users/phamtunglam/Documents/Projects/mSigLIP/code/artifacts/deployment/qnn_inputs/vn3k_text_calib_500/raw/00240_pid409_00410_00013870_input_ids.raw,/Users/phamtunglam/Documents/Projects/mSigLIP/code/artifacts/deployment/qnn_inputs/vn3k_text_calib_500/raw/00240_pid409_00410_00013870_attention_mask.raw,28
241,1769,train,DHHN_HVBCVT_00/01770_00000390.jpg,"Một nam sinh viên có mái tóc màu đen, đeo khẩu trang màu xám, mặc áo màu xanh nước biển, mặc quần màu đen, đi giày màu trắng.",/Users/phamtunglam/Documents/Projects/mSigLIP/code/artifacts/deployment/qnn_inputs/vn3k_text_calib_500/raw/00241_pid1769_01770_00000390_input_ids.raw,/Users/phamtunglam/Documents/Projects/mSigLIP/code/artifacts/deployment/qnn_inputs/vn3k_text_calib_500/raw/00241_pid1769_01770_00000390_attention_mask.raw,57
242,205,train,HoGuom_00/00206_00005240.jpg,"cô bé mặc áo trắng, quần đùi bò màu xanh, đeo túi đỏ.",/Users/phamtunglam/Documents/Projects/mSigLIP/code/artifacts/deployment/qnn_inputs/vn3k_text_calib_500/raw/00242_pid205_00206_00005240_input_ids.raw,/Users/phamtunglam/Documents/Projects/mSigLIP/code/artifacts/deployment/qnn_inputs/vn3k_text_calib_500/raw/00242_pid205_00206_00005240_attention_mask.raw,28
243,950,train,HoGuom_01/00951_00003390.jpg,"nam tóc ngắn màu đen, mặc áo phông cộc tay màu đỏ, mặc quần sooc màu xám, đi giầy thể thao màu trắng.",/Users/phamtunglam/Documents/Projects/mSigLIP/code/artifacts/deployment/qnn_inputs/vn3k_text_calib_500/raw/00243_pid950_00951_00003390_input_ids.raw,/Users/phamtunglam/Documents/Projects/mSigLIP/code/artifacts/deployment/qnn_inputs/vn3k_text_calib_500/raw/00243_pid950_00951_00003390_attention_mask.raw,50
244,1162,train,HoGuom_01/01163_00001290.jpg,"Một người đàn ông mặc áo phông màu xám, mặc quần dài màu đen,đi đôi giày màu trắng, đội mũ phớt màu đen, đeo vòng cổ màu đen có mặt màu trắng.",/Users/phamtunglam/Documents/Projects/mSigLIP/code/artifacts/deployment/qnn_inputs/vn3k_text_calib_500/raw/00244_pid1162_01163_00001290_input_ids.raw,/Users/phamtunglam/Documents/Projects/mSigLIP/code/artifacts/deployment/qnn_inputs/vn3k_text_calib_500/raw/00244_pid1162_01163_00001290_attention_mask.raw,64
245,375,train,HoGuom_00/00376_00012985.jpg,"nữ đi giày đen, mặc áo đen, mặc quần đùi bò đen.",/Users/phamtunglam/Documents/Projects/mSigLIP/code/artifacts/deployment/qnn_inputs/vn3k_text_calib_500/raw/00245_pid375_00376_00012985_input_ids.raw,/Users/phamtunglam/Documents/Projects/mSigLIP/code/artifacts/deployment/qnn_inputs/vn3k_text_calib_500/raw/00245_pid375_00376_00012985_attention_mask.raw,28
246,386,train,HoGuom_00/00387_00012930.jpg,"nữ thanh niên, đi giày thể thao trắng, mặc quần đùi đen, áo phông đen, tóc dài đen qua vai.",/Users/phamtunglam/Documents/Projects/mSigLIP/code/artifacts/deployment/qnn_inputs/vn3k_text_calib_500/raw/00246_pid386_00387_00012930_input_ids.raw,/Users/phamtunglam/Documents/Projects/mSigLIP/code/artifacts/deployment/qnn_inputs/vn3k_text_calib_500/raw/00246_pid386_00387_00012930_attention_mask.raw,41
247,1086,train,HoGuom_01/01087_00002085.jpg,"nữ thanh niên tóc dài làm xoăn, tay phải cầm một cái gì đó đưa ngang ngực, mặc áo bó ngắn màu đen dài tay, mặc quần bó dài màu đen, đi giầy thể thao màu trắng.",/Users/phamtunglam/Documents/Projects/mSigLIP/code/artifacts/deployment/qnn_inputs/vn3k_text_calib_500/raw/00247_pid1086_01087_00002085_input_ids.raw,/Users/phamtunglam/Documents/Projects/mSigLIP/code/artifacts/deployment/qnn_inputs/vn3k_text_calib_500/raw/00247_pid1086_01087_00002085_attention_mask.raw,64
248,1753,train,DHHN_HVBCVT_00/01754_00013830.jpg,"Một người phụ nữ có mái tóc màu đen, đeo khẩu trang màu xanh, mặc áo khoác màu cam, mặc quần màu đen, đi giày màu đen.",/Users/phamtunglam/Documents/Projects/mSigLIP/code/artifacts/deployment/qnn_inputs/vn3k_text_calib_500/raw/00248_pid1753_01754_00013830_input_ids.raw,/Users/phamtunglam/Documents/Projects/mSigLIP/code/artifacts/deployment/qnn_inputs/vn3k_text_calib_500/raw/00248_pid1753_01754_00013830_attention_mask.raw,56
249,98,train,HoGuom_00/00099_00001580.jpg,"nam thanh niên, mặc quần ngố bò màu xanh, áo phông đen cổ đỏ.",/Users/phamtunglam/Documents/Projects/mSigLIP/code/artifacts/deployment/qnn_inputs/vn3k_text_calib_500/raw/00249_pid98_00099_00001580_input_ids.raw,/Users/phamtunglam/Documents/Projects/mSigLIP/code/artifacts/deployment/qnn_inputs/vn3k_text_calib_500/raw/00249_pid98_00099_00001580_attention_mask.raw,30
250,69,train,TEST_DATA/Person70.2/output_9.jpg,"Một người đàn ông mặc áo cộc tay màu đỏ, quần đùi thể thao màu xanh nước biển, chân đi dép lê.",/Users/phamtunglam/Documents/Projects/mSigLIP/code/artifacts/deployment/qnn_inputs/vn3k_text_calib_500/raw/00250_pid69_output_9_input_ids.raw,/Users/phamtunglam/Documents/Projects/mSigLIP/code/artifacts/deployment/qnn_inputs/vn3k_text_calib_500/raw/00250_pid69_output_9_attention_mask.raw,42
251,354,train,HoGuom_00/00355_00011905.jpg,"Bé trai mặc áo ba lỗ trắng, quần đùi màu xám, đi dép quai hậu đỏ.",/Users/phamtunglam/Documents/Projects/mSigLIP/code/artifacts/deployment/qnn_inputs/vn3k_text_calib_500/raw/00251_pid354_00355_00011905_input_ids.raw,/Users/phamtunglam/Documents/Projects/mSigLIP/code/artifacts/deployment/qnn_inputs/vn3k_text_calib_500/raw/00251_pid354_00355_00011905_attention_mask.raw,33
252,1972,train,DHGTVT_00/01973_00028460.jpg,"nam tóc ngắn màu đen, đi giầy thể thao màu đen viền trắng mũi màu trắng, mặc bộ quần áo bên trong màu xanh xám, mặc áo khoác ngoài màu đen dọc ống tay có vạch màu trắng.",/Users/phamtunglam/Documents/Projects/mSigLIP/code/artifacts/deployment/qnn_inputs/vn3k_text_calib_500/raw/00252_pid1972_01973_00028460_input_ids.raw,/Users/phamtunglam/Documents/Projects/mSigLIP/code/artifacts/deployment/qnn_inputs/vn3k_text_calib_500/raw/00252_pid1972_01973_00028460_attention_mask.raw,64
253,718,train,HoGuom_00/00719_00011380.jpg,"cô gái tóc búi cao màu đen, mặc váy dài sát nách màu đen, đeo túi xách màu đen, đi dép màu đen.",/Users/phamtunglam/Documents/Projects/mSigLIP/code/artifacts/deployment/qnn_inputs/vn3k_text_calib_500/raw/00253_pid718_00719_00011380_input_ids.raw,/Users/phamtunglam/Documents/Projects/mSigLIP/code/artifacts/deployment/qnn_inputs/vn3k_text_calib_500/raw/00253_pid718_00719_00011380_attention_mask.raw,46
254,421,train,HoGuom_00/00422_00014505.jpg,"nữ đeo kính, đi tông, tóc màu đen cột sau vai, áo phông trắng quần đùi ghi.",/Users/phamtunglam/Documents/Projects/mSigLIP/code/artifacts/deployment/qnn_inputs/vn3k_text_calib_500/raw/00254_pid421_00422_00014505_input_ids.raw,/Users/phamtunglam/Documents/Projects/mSigLIP/code/artifacts/deployment/qnn_inputs/vn3k_text_calib_500/raw/00254_pid421_00422_00014505_attention_mask.raw,35
255,289,train,HoGuom_00/00290_00009235.jpg,"nam mặc áo đen, quần màu sáng, đi giày thể thao trắng.",/Users/phamtunglam/Documents/Projects/mSigLIP/code/artifacts/deployment/qnn_inputs/vn3k_text_calib_500/raw/00255_pid289_00290_00009235_input_ids.raw,/Users/phamtunglam/Documents/Projects/mSigLIP/code/artifacts/deployment/qnn_inputs/vn3k_text_calib_500/raw/00255_pid289_00290_00009235_attention_mask.raw,26
256,982,train,HoGuom_01/00983_00007830.jpg,"nữ cắt tóc đầu vuông, đeo kính, đeo khẩu trang màu xanh da trời, mặc váy dài trên gối màu vàng, khoác áo ngoài dài tay màu đen, đi giầy bệt màu trắng, tay phải để ngang bụng.",/Users/phamtunglam/Documents/Projects/mSigLIP/code/artifacts/deployment/qnn_inputs/vn3k_text_calib_500/raw/00256_pid982_00983_00007830_input_ids.raw,/Users/phamtunglam/Documents/Projects/mSigLIP/code/artifacts/deployment/qnn_inputs/vn3k_text_calib_500/raw/00256_pid982_00983_00007830_attention_mask.raw,64
257,332,train,HoGuom_00/00333_00010605.jpg,"nữ tóc búi sau, mặc áo nâu có thuê hoa, quần màu nâu.",/Users/phamtunglam/Documents/Projects/mSigLIP/code/artifacts/deployment/qnn_inputs/vn3k_text_calib_500/raw/00257_pid332_00333_00010605_input_ids.raw,/Users/phamtunglam/Documents/Projects/mSigLIP/code/artifacts/deployment/qnn_inputs/vn3k_text_calib_500/raw/00257_pid332_00333_00010605_attention_mask.raw,29
258,1642,train,DHHN_HVBCVT_00/01643_00038820.jpg,"người đàn ông tóc ngắn màu đen, mặc áo dài tay màu đen có kẻ ngang màu trắng ở ngực, quần dài màu đen, dép màu xám.",/Users/phamtunglam/Documents/Projects/mSigLIP/code/artifacts/deployment/qnn_inputs/vn3k_text_calib_500/raw/00258_pid1642_01643_00038820_input_ids.raw,/Users/phamtunglam/Documents/Projects/mSigLIP/code/artifacts/deployment/qnn_inputs/vn3k_text_calib_500/raw/00258_pid1642_01643_00038820_attention_mask.raw,53
259,510,train,HoGuom_00/00511_00001365.jpg,"người phụ nữ đeo kính, tóc màu đen buộc cao, áo phông ngắn tay màu đen, mặc quần dài màu xanh than kẻ sọc trắng, giày đen, khoác ba lô quai đỏ.",/Users/phamtunglam/Documents/Projects/mSigLIP/code/artifacts/deployment/qnn_inputs/vn3k_text_calib_500/raw/00259_pid510_00511_00001365_input_ids.raw,/Users/phamtunglam/Documents/Projects/mSigLIP/code/artifacts/deployment/qnn_inputs/vn3k_text_calib_500/raw/00259_pid510_00511_00001365_attention_mask.raw,64
260,1547,train,DHHN_HVBCVT_00/01548_00000420.jpg,"nam cắt tóc ngắn màu đen, mặc áo phông cổ tròn cộc tay màu đen, trên ngực trái có một chấm trắng, mặc quần dài màu xám, đi dép lê màu đen.",/Users/phamtunglam/Documents/Projects/mSigLIP/code/artifacts/deployment/qnn_inputs/vn3k_text_calib_500/raw/00260_pid1547_01548_00000420_input_ids.raw,/Users/phamtunglam/Documents/Projects/mSigLIP/code/artifacts/deployment/qnn_inputs/vn3k_text_calib_500/raw/00260_pid1547_01548_00000420_attention_mask.raw,64
261,1286,train,HoGuom_01/01287_00008685.jpg,"Một em trai để tóc đầu cua, mặc áo màu trắng, mặc quần màu đen và đi dép.",/Users/phamtunglam/Documents/Projects/mSigLIP/code/artifacts/deployment/qnn_inputs/vn3k_text_calib_500/raw/00261_pid1286_01287_00008685_input_ids.raw,/Users/phamtunglam/Documents/Projects/mSigLIP/code/artifacts/deployment/qnn_inputs/vn3k_text_calib_500/raw/00261_pid1286_01287_00008685_attention_mask.raw,35
262,1530,train,DHHN_HVBCVT_00/01531_00010425.jpg,"nam tóc ngắn màu đen, mặc áo dài tay màu xám, mặc quần dài màu đen, đi giầy da màu đen, tay phải vung về phía trước.",/Users/phamtunglam/Documents/Projects/mSigLIP/code/artifacts/deployment/qnn_inputs/vn3k_text_calib_500/raw/00262_pid1530_01531_00010425_input_ids.raw,/Users/phamtunglam/Documents/Projects/mSigLIP/code/artifacts/deployment/qnn_inputs/vn3k_text_calib_500/raw/00262_pid1530_01531_00010425_attention_mask.raw,54
263,1991,train,TamChuc_01/01992_2.jpg,"nữ đeo khẩu trang y tế màu xanh da trời, mặc áo nhiều họa tiết màu vàng nâu, hai tay cầm điện thoại và một tờ giấy màu trắng, đeo túi đen nhỏ trước bụng, mặc quần dài màu đen, đi giầy màu đen.",/Users/phamtunglam/Documents/Projects/mSigLIP/code/artifacts/deployment/qnn_inputs/vn3k_text_calib_500/raw/00263_pid1991_01992_2_input_ids.raw,/Users/phamtunglam/Documents/Projects/mSigLIP/code/artifacts/deployment/qnn_inputs/vn3k_text_calib_500/raw/00263_pid1991_01992_2_attention_mask.raw,64
264,1465,train,HoGuom_01/01466_2.jpg,"Một cô gái tóc dài qua vai màu nâu, mặc áo phông cổ tròn tay lỡ màu xanh nhạt có in hình bông hoa, mặc quần dài ống rộng màu đen, đi dép màu đen quai màu đỏ, Đeo khẩu trang y tế màu đen.",/Users/phamtunglam/Documents/Projects/mSigLIP/code/artifacts/deployment/qnn_inputs/vn3k_text_calib_500/raw/00264_pid1465_01466_2_input_ids.raw,/Users/phamtunglam/Documents/Projects/mSigLIP/code/artifacts/deployment/qnn_inputs/vn3k_text_calib_500/raw/00264_pid1465_01466_2_attention_mask.raw,64
265,818,train,HoGuom_01/00819_00004020.jpg,"nữ được nhìn trực tiếp từ phía trước, tóc đen, đeo khẩu trang màu xanh da trời, mặc áo màu đen tay lỡ, quần sooc màu đen cao trên gối, tay trái cầm điện thoại đưa ngang ngực, chân trái co, chân phải thẳng, đang bước đi.",/Users/phamtunglam/Documents/Projects/mSigLIP/code/artifacts/deployment/qnn_inputs/vn3k_text_calib_500/raw/00265_pid818_00819_00004020_input_ids.raw,/Users/phamtunglam/Documents/Projects/mSigLIP/code/artifacts/deployment/qnn_inputs/vn3k_text_calib_500/raw/00265_pid818_00819_00004020_attention_mask.raw,64
266,594,train,HoGuom_00/00595_00006185.jpg,"người đàn ông đội mũ lưỡi trai màu trắng, mặc áo ngắn tay có cổ mà trắng, quần sooc màu đen, đi giày màu đen.",/Users/phamtunglam/Documents/Projects/mSigLIP/code/artifacts/deployment/qnn_inputs/vn3k_text_calib_500/raw/00266_pid594_00595_00006185_input_ids.raw,/Users/phamtunglam/Documents/Projects/mSigLIP/code/artifacts/deployment/qnn_inputs/vn3k_text_calib_500/raw/00266_pid594_00595_00006185_attention_mask.raw,48
267,734,train,HoGuom_00/00735_00012790.jpg,"cô gái tóc ngắn màu đen, đeo kính gọng màu đen, mặc áo dài tay có cổ màu đen, đeo túi chéo màu đen, mặc quần dài màu đen.",/Users/phamtunglam/Documents/Projects/mSigLIP/code/artifacts/deployment/qnn_inputs/vn3k_text_calib_500/raw/00267_pid734_00735_00012790_input_ids.raw,/Users/phamtunglam/Documents/Projects/mSigLIP/code/artifacts/deployment/qnn_inputs/vn3k_text_calib_500/raw/00267_pid734_00735_00012790_attention_mask.raw,63
268,922,train,HoGuom_01/00923_00010320.jpg,"nữ tóc dài chấm vai màu đen, đeo kính, mặc áo tay lỡ màu xám nâu, trước ngực có hình tròn màu trắng chấm đen ở trong, đeo túi chéo vai, túi bên sườn phải, hai tay để sau lưng, mặc chân váy ngắn màu xanh nước biển, đi giầy thể thao màu trắng.",/Users/phamtunglam/Documents/Projects/mSigLIP/code/artifacts/deployment/qnn_inputs/vn3k_text_calib_500/raw/00268_pid922_00923_00010320_input_ids.raw,/Users/phamtunglam/Documents/Projects/mSigLIP/code/artifacts/deployment/qnn_inputs/vn3k_text_calib_500/raw/00268_pid922_00923_00010320_attention_mask.raw,64
269,743,train,HoGuom_00/00744_00012105.jpg,"người đàn ông tóc ngắn màu đen, mặc áo ngắn tay màu đen có họa tiết nhiều màu, quần sooc màu đen, đi dép màu đen.",/Users/phamtunglam/Documents/Projects/mSigLIP/code/artifacts/deployment/qnn_inputs/vn3k_text_calib_500/raw/00269_pid743_00744_00012105_input_ids.raw,/Users/phamtunglam/Documents/Projects/mSigLIP/code/artifacts/deployment/qnn_inputs/vn3k_text_calib_500/raw/00269_pid743_00744_00012105_attention_mask.raw,50
270,766,train,HoGuom_00/00767_00005860.jpg,"cô gái tóc dài màu nâu, mặc áo hoa màu đỏ đen, quần sooc màu đen, cổ tay có đeo vòng màu đen, đi giày cao cổ màu đen.",/Users/phamtunglam/Documents/Projects/mSigLIP/code/artifacts/deployment/qnn_inputs/vn3k_text_calib_500/raw/00270_pid766_00767_00005860_input_ids.raw,/Users/phamtunglam/Documents/Projects/mSigLIP/code/artifacts/deployment/qnn_inputs/vn3k_text_calib_500/raw/00270_pid766_00767_00005860_attention_mask.raw,57
271,1255,train,HoGuom_01/01256_00004755.jpg,"Một thanh niên đội mũ màu đen, mặc áo phông màu ghi, mặc quần màu đen, đi giày màu đen.",/Users/phamtunglam/Documents/Projects/mSigLIP/code/artifacts/deployment/qnn_inputs/vn3k_text_calib_500/raw/00271_pid1255_01256_00004755_input_ids.raw,/Users/phamtunglam/Documents/Projects/mSigLIP/code/artifacts/deployment/qnn_inputs/vn3k_text_calib_500/raw/00271_pid1255_01256_00004755_attention_mask.raw,42
272,1207,train,HoGuom_01/01208_00003495.jpg,"Một người phụ nữ tóc màu đen, mặc áo phông màu trắng, mặc quần dài qua đầu gối màu đen, đi giày thể thao màu đen.",/Users/phamtunglam/Documents/Projects/mSigLIP/code/artifacts/deployment/qnn_inputs/vn3k_text_calib_500/raw/00272_pid1207_01208_00003495_input_ids.raw,/Users/phamtunglam/Documents/Projects/mSigLIP/code/artifacts/deployment/qnn_inputs/vn3k_text_calib_500/raw/00272_pid1207_01208_00003495_attention_mask.raw,55
273,1213,train,HoGuom_01/01214_00003270.jpg,"Một cô gái tóc màu đen, mặc áo màu đen có sọc trắng, mặc quần dài màu đen, đi giày màu ghi, tay cầm áo khoác.",/Users/phamtunglam/Documents/Projects/mSigLIP/code/artifacts/deployment/qnn_inputs/vn3k_text_calib_500/raw/00273_pid1213_01214_00003270_input_ids.raw,/Users/phamtunglam/Documents/Projects/mSigLIP/code/artifacts/deployment/qnn_inputs/vn3k_text_calib_500/raw/00273_pid1213_01214_00003270_attention_mask.raw,54
274,248,train,HoGuom_00/00249_00007905.jpg,"nữ tóc đen cắt ngắn, mặc áo khoác trắng ngoài, trong mặc váy liền thân màu đen.",/Users/phamtunglam/Documents/Projects/mSigLIP/code/artifacts/deployment/qnn_inputs/vn3k_text_calib_500/raw/00274_pid248_00249_00007905_input_ids.raw,/Users/phamtunglam/Documents/Projects/mSigLIP/code/artifacts/deployment/qnn_inputs/vn3k_text_calib_500/raw/00274_pid248_00249_00007905_attention_mask.raw,41
275,1405,train,HoGuom_01/01406_1.jpg,"Một người phụ nữ lớn tuổi có mái tóc ngắn màu đen, đeo khẩu trang màu xanh nước biển nhạt, mặc áo dài tối màu, mặc quần dài bên trong màu đen, đi giày màu đen.",/Users/phamtunglam/Documents/Projects/mSigLIP/code/artifacts/deployment/qnn_inputs/vn3k_text_calib_500/raw/00275_pid1405_01406_1_input_ids.raw,/Users/phamtunglam/Documents/Projects/mSigLIP/code/artifacts/deployment/qnn_inputs/vn3k_text_calib_500/raw/00275_pid1405_01406_1_attention_mask.raw,64
276,1347,train,HoGuom_01/01348_00007740.jpg,"Một nam thanh niên có mái tóc màu đen, mặc áo sơ mi màu trắng, mặc quần dài màu đen, đi giày màu nâu.",/Users/phamtunglam/Documents/Projects/mSigLIP/code/artifacts/deployment/qnn_inputs/vn3k_text_calib_500/raw/00276_pid1347_01348_00007740_input_ids.raw,/Users/phamtunglam/Documents/Projects/mSigLIP/code/artifacts/deployment/qnn_inputs/vn3k_text_calib_500/raw/00276_pid1347_01348_00007740_attention_mask.raw,50
277,1663,train,DHHN_HVBCVT_00/01664_00046125.jpg,"nữ, tóc dài màu đen, áo khoác ngoài màu đen, chữ màu trắng ở lưng áo, chân váy màu nâu, tất màu đen, giày màu da, xách túi màu nâu.",/Users/phamtunglam/Documents/Projects/mSigLIP/code/artifacts/deployment/qnn_inputs/vn3k_text_calib_500/raw/00277_pid1663_01664_00046125_input_ids.raw,/Users/phamtunglam/Documents/Projects/mSigLIP/code/artifacts/deployment/qnn_inputs/vn3k_text_calib_500/raw/00277_pid1663_01664_00046125_attention_mask.raw,64
278,1133,train,HoGuom_01/01134_00000690.jpg,"Một nữ thanh niên buộc tóc mặt tròn, mặc áo cổ tròn dài tay màu hồng phấn, tay phải cầm cái gì đó, đeo một túi xách nhỏ màu đen, mặc quần dài ống rộng màu ghi, chân đi giầy màu da.",/Users/phamtunglam/Documents/Projects/mSigLIP/code/artifacts/deployment/qnn_inputs/vn3k_text_calib_500/raw/00278_pid1133_01134_00000690_input_ids.raw,/Users/phamtunglam/Documents/Projects/mSigLIP/code/artifacts/deployment/qnn_inputs/vn3k_text_calib_500/raw/00278_pid1133_01134_00000690_attention_mask.raw,64
279,793,train,HoGuom_01/00794_00002130.jpg,"Phụ nữ tóc dài nhuộm màu hạt dẻ để xõa, đeo khẩu trang, mặc áo trắng dài tay, đeo áo trên cánh tay, đeo túi màu đen, mặc quần sooc ngắn, đi giầy màu trắng.",/Users/phamtunglam/Documents/Projects/mSigLIP/code/artifacts/deployment/qnn_inputs/vn3k_text_calib_500/raw/00279_pid793_00794_00002130_input_ids.raw,/Users/phamtunglam/Documents/Projects/mSigLIP/code/artifacts/deployment/qnn_inputs/vn3k_text_calib_500/raw/00279_pid793_00794_00002130_attention_mask.raw,64
280,555,train,HoGuom_00/00556_00004400.jpg,"người phụ nữ trung niên có tóc đen búi cao, mặc áo khoác dài tay màu tím than, phía trên áo màu trắng, tay áo có sọc kẻ màu trắng, mặc quần dài màu đen, đi giày màu đen.",/Users/phamtunglam/Documents/Projects/mSigLIP/code/artifacts/deployment/qnn_inputs/vn3k_text_calib_500/raw/00280_pid555_00556_00004400_input_ids.raw,/Users/phamtunglam/Documents/Projects/mSigLIP/code/artifacts/deployment/qnn_inputs/vn3k_text_calib_500/raw/00280_pid555_00556_00004400_attention_mask.raw,64
281,1788,train,DHHN_HVBCVT_00/01789_00002040.jpg,"nam thanh niên mặc áo khoác phao màu đen, đeo ba lô màu ghi đậm, mặc quần màu đen xám khói, đi giầy thể thao màu xám đậm, đang xỏ tay túi áo.",/Users/phamtunglam/Documents/Projects/mSigLIP/code/artifacts/deployment/qnn_inputs/vn3k_text_calib_500/raw/00281_pid1788_01789_00002040_input_ids.raw,/Users/phamtunglam/Documents/Projects/mSigLIP/code/artifacts/deployment/qnn_inputs/vn3k_text_calib_500/raw/00281_pid1788_01789_00002040_attention_mask.raw,64
282,720,train,HoGuom_00/00721_00011355.jpg,"nam thanh niên tóc ngắn màu đen, mặc áo sơ mi dài tay màu trắng, khoác ba lô màu đen, quần jean dài màu xanh đen, đi giày màu xanh.",/Users/phamtunglam/Documents/Projects/mSigLIP/code/artifacts/deployment/qnn_inputs/vn3k_text_calib_500/raw/00282_pid720_00721_00011355_input_ids.raw,/Users/phamtunglam/Documents/Projects/mSigLIP/code/artifacts/deployment/qnn_inputs/vn3k_text_calib_500/raw/00282_pid720_00721_00011355_attention_mask.raw,59
283,58,train,TEST_DATA/Person59.2/output_6.jpg,"Một cậu con trai có mái tóc đen cắt ngắn, mặc một chiếc áo phông đen cộc tay có in hình nhiều màu sắc ở trước ngực áo, đi đôi giày thể thao màu đỏ, mặc một chiếc quần đùi màu trắng pha lẫn các đường kẻ đỏ ở ống quần và gấu quần.",/Users/phamtunglam/Documents/Projects/mSigLIP/code/artifacts/deployment/qnn_inputs/vn3k_text_calib_500/raw/00283_pid58_output_6_input_ids.raw,/Users/phamtunglam/Documents/Projects/mSigLIP/code/artifacts/deployment/qnn_inputs/vn3k_text_calib_500/raw/00283_pid58_output_6_attention_mask.raw,64
284,1201,train,HoGuom_01/01202_00004035.jpg,"Một cô gái tóc đen ngắn, buộc tóc màu trắng, mặc áo phông màu tím, mặc quần dài màu đen, đi giày màu trắng, đeo túi có dây màu vàng.",/Users/phamtunglam/Documents/Projects/mSigLIP/code/artifacts/deployment/qnn_inputs/vn3k_text_calib_500/raw/00284_pid1201_01202_00004035_input_ids.raw,/Users/phamtunglam/Documents/Projects/mSigLIP/code/artifacts/deployment/qnn_inputs/vn3k_text_calib_500/raw/00284_pid1201_01202_00004035_attention_mask.raw,62
285,1436,train,HoGuom_01/01437_2.jpg,"một người đàn ông da ngăm đen, mặc áo sơ mi cộc tay màu trắng kẻ caro màu xanh tím đậm, mặc quần đùi màu xanh rêu, đi tông màu đen.",/Users/phamtunglam/Documents/Projects/mSigLIP/code/artifacts/deployment/qnn_inputs/vn3k_text_calib_500/raw/00285_pid1436_01437_2_input_ids.raw,/Users/phamtunglam/Documents/Projects/mSigLIP/code/artifacts/deployment/qnn_inputs/vn3k_text_calib_500/raw/00285_pid1436_01437_2_attention_mask.raw,63
286,1082,train,HoGuom_01/01083_00001965.jpg,"nam tóc ngắn, áo trong màu trắng, mặc áo khoác ngoài dài tay màu da, đeo túi chéo vai, mặc quần bò dài màu xanh, đi giầy thể thao màu nâu có viền xám.",/Users/phamtunglam/Documents/Projects/mSigLIP/code/artifacts/deployment/qnn_inputs/vn3k_text_calib_500/raw/00286_pid1082_01083_00001965_input_ids.raw,/Users/phamtunglam/Documents/Projects/mSigLIP/code/artifacts/deployment/qnn_inputs/vn3k_text_calib_500/raw/00286_pid1082_01083_00001965_attention_mask.raw,64
287,667,train,HoGuom_00/00668_00008515.jpg,"người phụ nữ tóc màu đen, áo sơ mi ngắn tay màu trắng xanh, mặc quần lửng màu đen, đi giày màu đen.",/Users/phamtunglam/Documents/Projects/mSigLIP/code/artifacts/deployment/qnn_inputs/vn3k_text_calib_500/raw/00287_pid667_00668_00008515_input_ids.raw,/Users/phamtunglam/Documents/Projects/mSigLIP/code/artifacts/deployment/qnn_inputs/vn3k_text_calib_500/raw/00287_pid667_00668_00008515_attention_mask.raw,49
288,1723,train,DHHN_HVBCVT_00/01724_00012180.jpg,"người đàn ông đội mũ màu xanh đen, khẩu trang màu xám, mặc áo màu xanh ngọc có kẻ sọc ở tay áo màu nâu, quần dài màu đen, đi giày màu trắng.",/Users/phamtunglam/Documents/Projects/mSigLIP/code/artifacts/deployment/qnn_inputs/vn3k_text_calib_500/raw/00288_pid1723_01724_00012180_input_ids.raw,/Users/phamtunglam/Documents/Projects/mSigLIP/code/artifacts/deployment/qnn_inputs/vn3k_text_calib_500/raw/00288_pid1723_01724_00012180_attention_mask.raw,64
289,1941,train,DHGTVT_00/01942_00011020.jpg,"nam thanh niên đeo khẩu trang màu trắng, đeo túi màu đen, mặc áo trong màu đen bên ngoài có một chiếc ào khoác màu xám, mặc quần dài màu đen, đi giày màu trắng.",/Users/phamtunglam/Documents/Projects/mSigLIP/code/artifacts/deployment/qnn_inputs/vn3k_text_calib_500/raw/00289_pid1941_01942_00011020_input_ids.raw,/Users/phamtunglam/Documents/Projects/mSigLIP/code/artifacts/deployment/qnn_inputs/vn3k_text_calib_500/raw/00289_pid1941_01942_00011020_attention_mask.raw,64
290,57,train,TEST_DATA/Person58.2/output_6.jpg,"Một cô gái trẻ tóc dài đen ngang vai để xõa, tóc mái dài rẽ ngôi sang phải, mặc một chiếc áo phông ngắn màu vàng có in hình trắng ở trước ngực áo, mặc một chiếc quần bó màu đen dài, đi giày thể thao màu đen có viền trắng chữ V ở bên cạnh.",/Users/phamtunglam/Documents/Projects/mSigLIP/code/artifacts/deployment/qnn_inputs/vn3k_text_calib_500/raw/00290_pid57_output_6_input_ids.raw,/Users/phamtunglam/Documents/Projects/mSigLIP/code/artifacts/deployment/qnn_inputs/vn3k_text_calib_500/raw/00290_pid57_output_6_attention_mask.raw,64
291,1042,train,HoGuom_01/01043_00000930.jpg,"nữ tóc ngắn làm xoăn màu hạt dẻ, mặc áo phông cộc tay màu đỏ, đeo khẩu trang màu xanh da trời, đeo túi vắt chéo vai, túi màu nâu đáy túi màu da, mặc quần bò dài màu xanh nước biển nhạt, đi giầy ba ta màu đen đế màu trắng.",/Users/phamtunglam/Documents/Projects/mSigLIP/code/artifacts/deployment/qnn_inputs/vn3k_text_calib_500/raw/00291_pid1042_01043_00000930_input_ids.raw,/Users/phamtunglam/Documents/Projects/mSigLIP/code/artifacts/deployment/qnn_inputs/vn3k_text_calib_500/raw/00291_pid1042_01043_00000930_attention_mask.raw,64
292,1594,train,DHHN_HVBCVT_00/01595_00013185.jpg,"nam thanh niên đeo kính, mặc áo khoác phao màu đỏ, đeo ba lô đen, mặc quần bò màu xanh, đi giày thể thao đen.",/Users/phamtunglam/Documents/Projects/mSigLIP/code/artifacts/deployment/qnn_inputs/vn3k_text_calib_500/raw/00292_pid1594_01595_00013185_input_ids.raw,/Users/phamtunglam/Documents/Projects/mSigLIP/code/artifacts/deployment/qnn_inputs/vn3k_text_calib_500/raw/00292_pid1594_01595_00013185_attention_mask.raw,53
293,962,train,HoGuom_01/00963_00004155.jpg,"nam đeo mũ lưỡi trai màu đen, đeo khẩu trang màu đen, mặc áo phông có cổ cộc tay màu ghi, tay trái đeo đồng hồ và cầm một chiếc túi màu đen, tay phải gập phía sau lưng, mặc quần sooc màu gạch non.",/Users/phamtunglam/Documents/Projects/mSigLIP/code/artifacts/deployment/qnn_inputs/vn3k_text_calib_500/raw/00293_pid962_00963_00004155_input_ids.raw,/Users/phamtunglam/Documents/Projects/mSigLIP/code/artifacts/deployment/qnn_inputs/vn3k_text_calib_500/raw/00293_pid962_00963_00004155_attention_mask.raw,64
294,133,train,HoGuom_00/00134_00002470.jpg,"Bé trai mặc áo phông ngắn tay, quần bò ngố màu xanh, chân đi tông.",/Users/phamtunglam/Documents/Projects/mSigLIP/code/artifacts/deployment/qnn_inputs/vn3k_text_calib_500/raw/00294_pid133_00134_00002470_input_ids.raw,/Users/phamtunglam/Documents/Projects/mSigLIP/code/artifacts/deployment/qnn_inputs/vn3k_text_calib_500/raw/00294_pid133_00134_00002470_attention_mask.raw,30
295,1791,train,DHHN_HVBCVT_00/01792_00001785.jpg,"nam thanh niên mặc áo khoác dài tay màu ghi nhạt, đeo ba lô màu đen, mặc quần bò dài màu xanh biển nhạt, đi giầy thể thao màu đen.",/Users/phamtunglam/Documents/Projects/mSigLIP/code/artifacts/deployment/qnn_inputs/vn3k_text_calib_500/raw/00295_pid1791_01792_00001785_input_ids.raw,/Users/phamtunglam/Documents/Projects/mSigLIP/code/artifacts/deployment/qnn_inputs/vn3k_text_calib_500/raw/00295_pid1791_01792_00001785_attention_mask.raw,63
296,213,train,HoGuom_00/00214_00005855.jpg,"nữ tóc ngắn, đeo túi màu trắng, mặc áo trắng quần đen, đi giày thể thao.",/Users/phamtunglam/Documents/Projects/mSigLIP/code/artifacts/deployment/qnn_inputs/vn3k_text_calib_500/raw/00296_pid213_00214_00005855_input_ids.raw,/Users/phamtunglam/Documents/Projects/mSigLIP/code/artifacts/deployment/qnn_inputs/vn3k_text_calib_500/raw/00296_pid213_00214_00005855_attention_mask.raw,36
297,1,train,TRAINNING_DATA/Person2/output_6.jpg,"Một cô gái tóc ngang vai, mặc áo dài tay màu hồng, quần dài màu đen, và đi đôi giày màu đen.",/Users/phamtunglam/Documents/Projects/mSigLIP/code/artifacts/deployment/qnn_inputs/vn3k_text_calib_500/raw/00297_pid1_output_6_input_ids.raw,/Users/phamtunglam/Documents/Projects/mSigLIP/code/artifacts/deployment/qnn_inputs/vn3k_text_calib_500/raw/00297_pid1_output_6_attention_mask.raw,42
298,1732,train,DHHN_HVBCVT_00/01733_00013875.jpg,"Một người phụ nữ mặc áo khoác có mũ màu đen, mặc quần màu đen, đi giày màu trắng.",/Users/phamtunglam/Documents/Projects/mSigLIP/code/artifacts/deployment/qnn_inputs/vn3k_text_calib_500/raw/00298_pid1732_01733_00013875_input_ids.raw,/Users/phamtunglam/Documents/Projects/mSigLIP/code/artifacts/deployment/qnn_inputs/vn3k_text_calib_500/raw/00298_pid1732_01733_00013875_attention_mask.raw,40
299,1398,train,HoGuom_01/01399_2.jpg,"Một bé gái có mái tóc ngắn màu đen, mặc áo màu trắng, đeo khăn màu cam, mặc quần màu xanh nước biển đậm, đi giày màu nâu.",/Users/phamtunglam/Documents/Projects/mSigLIP/code/artifacts/deployment/qnn_inputs/vn3k_text_calib_500/raw/00299_pid1398_01399_2_input_ids.raw,/Users/phamtunglam/Documents/Projects/mSigLIP/code/artifacts/deployment/qnn_inputs/vn3k_text_calib_500/raw/00299_pid1398_01399_2_attention_mask.raw,58
300,1864,train,DHGTVT_00/01865_00003480.jpg,"nam tóc ngắn màu đen, mặc áo khoác kéo khóa màu xám, mặc quần dài màu đen, đi dép lê màu đen.",/Users/phamtunglam/Documents/Projects/mSigLIP/code/artifacts/deployment/qnn_inputs/vn3k_text_calib_500/raw/00300_pid1864_01865_00003480_input_ids.raw,/Users/phamtunglam/Documents/Projects/mSigLIP/code/artifacts/deployment/qnn_inputs/vn3k_text_calib_500/raw/00300_pid1864_01865_00003480_attention_mask.raw,46
301,184,train,HoGuom_00/00185_00004540.jpg,"nam thanh niên mặc áo phông màu đen, trước ngực có hàng chữ màu trắng, mặc quần ngố màu vàng đất, lưng đeo ba lô.",/Users/phamtunglam/Documents/Projects/mSigLIP/code/artifacts/deployment/qnn_inputs/vn3k_text_calib_500/raw/00301_pid184_00185_00004540_input_ids.raw,/Users/phamtunglam/Documents/Projects/mSigLIP/code/artifacts/deployment/qnn_inputs/vn3k_text_calib_500/raw/00301_pid184_00185_00004540_attention_mask.raw,50
302,949,train,HoGuom_01/00950_00002490.jpg,"nam tóc ngắn đeo khẩu trang màu xanh da trời, mặc áo phông cộc tay màu hồng, mặc quần bò dài màu đen trên ống có các vệt màu trắng, trên vai có quai của ba lô màu đen, đi giầy thể thao màu đen, tay phải co khuỷu tay về phía sau.",/Users/phamtunglam/Documents/Projects/mSigLIP/code/artifacts/deployment/qnn_inputs/vn3k_text_calib_500/raw/00302_pid949_00950_00002490_input_ids.raw,/Users/phamtunglam/Documents/Projects/mSigLIP/code/artifacts/deployment/qnn_inputs/vn3k_text_calib_500/raw/00302_pid949_00950_00002490_attention_mask.raw,64
303,647,train,HoGuom_00/00648_00008010.jpg,"Cậu bé tóc ngắn màu đen, áo ba lỗ kẻ ngang màu trắng hồng có hình màu xanh lá cây trước ngực, quần sooc jean màu xanh đậm, đi xăng đan màu đen.",/Users/phamtunglam/Documents/Projects/mSigLIP/code/artifacts/deployment/qnn_inputs/vn3k_text_calib_500/raw/00303_pid647_00648_00008010_input_ids.raw,/Users/phamtunglam/Documents/Projects/mSigLIP/code/artifacts/deployment/qnn_inputs/vn3k_text_calib_500/raw/00303_pid647_00648_00008010_attention_mask.raw,64
304,1591,train,DHHN_HVBCVT_00/01592_00013185.jpg,"nam thanh niên đeo ba lô đen, mặc áo khoác màu vàng, đeo khẩu trang xám, mặc quần bò màu xanh nhạt, đi dép màu xanh.",/Users/phamtunglam/Documents/Projects/mSigLIP/code/artifacts/deployment/qnn_inputs/vn3k_text_calib_500/raw/00304_pid1591_01592_00013185_input_ids.raw,/Users/phamtunglam/Documents/Projects/mSigLIP/code/artifacts/deployment/qnn_inputs/vn3k_text_calib_500/raw/00304_pid1591_01592_00013185_attention_mask.raw,56
305,1884,train,DHGTVT_00/01885_00003830.jpg,"nam tóc ngắn màu đen, đeo khẩu trang màu trắng, mặc áo phông cộc tay phần cổ và thân màu xanh cô ban, ngực áo và tay áo màu trắng, mặc quần thể thao màu đen dọc hai bên ống quần có viền màu trắng, hai tay cầm điện thoại trước bụng, vai phải đeo ba lô màu đen, đi dép màu trắng.",/Users/phamtunglam/Documents/Projects/mSigLIP/code/artifacts/deployment/qnn_inputs/vn3k_text_calib_500/raw/00305_pid1884_01885_00003830_input_ids.raw,/Users/phamtunglam/Documents/Projects/mSigLIP/code/artifacts/deployment/qnn_inputs/vn3k_text_calib_500/raw/00305_pid1884_01885_00003830_attention_mask.raw,64
306,1673,train,DHHN_HVBCVT_00/01674_00052695.jpg,"nữ, tóc màu đen, đeo túi màu đen, áo màu trắng, tay cầm áo khoác màu vàng, chân váy màu xanh nhạt, đi giày màu ghi, đế giày màu trắng.",/Users/phamtunglam/Documents/Projects/mSigLIP/code/artifacts/deployment/qnn_inputs/vn3k_text_calib_500/raw/00306_pid1673_01674_00052695_input_ids.raw,/Users/phamtunglam/Documents/Projects/mSigLIP/code/artifacts/deployment/qnn_inputs/vn3k_text_calib_500/raw/00306_pid1673_01674_00052695_attention_mask.raw,64
307,820,train,HoGuom_01/00821_00004620.jpg,"nam thanh niên đeo kính, mặc áo phông đen trước ngực có vệt trắng, áo khoác ngoài màu đen, tay trái cầm áo khóa, mặc quần dài màu đen, đi giầy trắng.",/Users/phamtunglam/Documents/Projects/mSigLIP/code/artifacts/deployment/qnn_inputs/vn3k_text_calib_500/raw/00307_pid820_00821_00004620_input_ids.raw,/Users/phamtunglam/Documents/Projects/mSigLIP/code/artifacts/deployment/qnn_inputs/vn3k_text_calib_500/raw/00307_pid820_00821_00004620_attention_mask.raw,64
308,1925,train,DHGTVT_00/01926_00010180.jpg,"nam tóc ngắn màu đen, đi giầy thể thao màu ghi, mặc quần dài màu đen, mặc áo trong cổ tròn màu đen, khoác bên ngoài áo thân màu đen, phần ngực và ống tay vải màu trắng, tay phải cầm một vật màu đen.",/Users/phamtunglam/Documents/Projects/mSigLIP/code/artifacts/deployment/qnn_inputs/vn3k_text_calib_500/raw/00308_pid1925_01926_00010180_input_ids.raw,/Users/phamtunglam/Documents/Projects/mSigLIP/code/artifacts/deployment/qnn_inputs/vn3k_text_calib_500/raw/00308_pid1925_01926_00010180_attention_mask.raw,64
309,1980,train,DHGTVT_00/01981_00030620.jpg,"nam tóc ngắn màu đen, mặc áo tròn cổ tròn màu đen, khoác áo bên ngoài màu trắng, đeo ba lô sau lưng quai màu đen, mặc quần dài màu đen, đi giầy thể thao màu trắng.",/Users/phamtunglam/Documents/Projects/mSigLIP/code/artifacts/deployment/qnn_inputs/vn3k_text_calib_500/raw/00309_pid1980_01981_00030620_input_ids.raw,/Users/phamtunglam/Documents/Projects/mSigLIP/code/artifacts/deployment/qnn_inputs/vn3k_text_calib_500/raw/00309_pid1980_01981_00030620_attention_mask.raw,64
310,465,train,HoGuom_00/00466_00016385.jpg,"Bạn gái tóc ngắn màu nâu, mặc áo màu hồng, chân váy màu hồng, đeo túi xách màu đen.",/Users/phamtunglam/Documents/Projects/mSigLIP/code/artifacts/deployment/qnn_inputs/vn3k_text_calib_500/raw/00310_pid465_00466_00016385_input_ids.raw,/Users/phamtunglam/Documents/Projects/mSigLIP/code/artifacts/deployment/qnn_inputs/vn3k_text_calib_500/raw/00310_pid465_00466_00016385_attention_mask.raw,44
311,566,train,HoGuom_00/00567_00005430.jpg,"người phụ nữ tóc dài màu đen, buộc tóc sau gáy, mặc áo chống nắng hoa màu trắng, đeo ba lô màu đen, mặc quần jean màu xanh nhạt, đi dép màu trắng.",/Users/phamtunglam/Documents/Projects/mSigLIP/code/artifacts/deployment/qnn_inputs/vn3k_text_calib_500/raw/00311_pid566_00567_00005430_input_ids.raw,/Users/phamtunglam/Documents/Projects/mSigLIP/code/artifacts/deployment/qnn_inputs/vn3k_text_calib_500/raw/00311_pid566_00567_00005430_attention_mask.raw,64
312,1014,train,HoGuom_01/01015_00000780.jpg,"nữ tóc màu vàng hoe, tóc chấm vai đằng sau buộc cao, mặc áo dài tay màu trắng.",/Users/phamtunglam/Documents/Projects/mSigLIP/code/artifacts/deployment/qnn_inputs/vn3k_text_calib_500/raw/00312_pid1014_01015_00000780_input_ids.raw,/Users/phamtunglam/Documents/Projects/mSigLIP/code/artifacts/deployment/qnn_inputs/vn3k_text_calib_500/raw/00312_pid1014_01015_00000780_attention_mask.raw,38
313,63,train,TRAINNING_DATA/Person64/output_9.jpg,"Một cô gái búi tóc đằng sau, mặc bộ đồ màu đen, áo cộc tay cổ tròn, quần dài.",/Users/phamtunglam/Documents/Projects/mSigLIP/code/artifacts/deployment/qnn_inputs/vn3k_text_calib_500/raw/00313_pid63_output_9_input_ids.raw,/Users/phamtunglam/Documents/Projects/mSigLIP/code/artifacts/deployment/qnn_inputs/vn3k_text_calib_500/raw/00313_pid63_output_9_attention_mask.raw,39
314,319,train,HoGuom_00/00320_00010335.jpg,"Bé trai mặc áo phông đỏ không cổ, đi dép tông, mặc quần ngố màu tối.",/Users/phamtunglam/Documents/Projects/mSigLIP/code/artifacts/deployment/qnn_inputs/vn3k_text_calib_500/raw/00314_pid319_00320_00010335_input_ids.raw,/Users/phamtunglam/Documents/Projects/mSigLIP/code/artifacts/deployment/qnn_inputs/vn3k_text_calib_500/raw/00314_pid319_00320_00010335_attention_mask.raw,33
315,669,train,HoGuom_00/00670_00008635.jpg,"Bé trai tóc ngắn màu đen, mặc áo ba lỗ màu trắng viền màu nâu, quần đùi màu vàng có hình màu đen, đi dép màu xám.",/Users/phamtunglam/Documents/Projects/mSigLIP/code/artifacts/deployment/qnn_inputs/vn3k_text_calib_500/raw/00315_pid669_00670_00008635_input_ids.raw,/Users/phamtunglam/Documents/Projects/mSigLIP/code/artifacts/deployment/qnn_inputs/vn3k_text_calib_500/raw/00315_pid669_00670_00008635_attention_mask.raw,54
316,1279,train,HoGuom_01/01280_00008355.jpg,"Một cô gái có mái dài tóc màu nâu, đội mũ màu đỏ, mặc váy màu xanh, tay đeo vòng bạc và đi giày màu trắng.",/Users/phamtunglam/Documents/Projects/mSigLIP/code/artifacts/deployment/qnn_inputs/vn3k_text_calib_500/raw/00316_pid1279_01280_00008355_input_ids.raw,/Users/phamtunglam/Documents/Projects/mSigLIP/code/artifacts/deployment/qnn_inputs/vn3k_text_calib_500/raw/00316_pid1279_01280_00008355_attention_mask.raw,52
317,6,train,TEST_DATA/Person7.2/output_2.jpg,"Một người đàn ông tóc cắt ngắn, mặc áo bò dài tay màu xám và có hai nắp túi ở ngực, mặc quần bò màu xanh tím than.",/Users/phamtunglam/Documents/Projects/mSigLIP/code/artifacts/deployment/qnn_inputs/vn3k_text_calib_500/raw/00317_pid6_output_2_input_ids.raw,/Users/phamtunglam/Documents/Projects/mSigLIP/code/artifacts/deployment/qnn_inputs/vn3k_text_calib_500/raw/00317_pid6_output_2_attention_mask.raw,58
318,1135,train,HoGuom_01/01136_00000841.jpg,"Một phụ nữ búi tóc sau gáy, mặc áo hoa cộc tay cổ thuyền, tay phải vung phía sau, tay trái vung phía trước, mặc quần ống rộng màu đen, đi dép lê thập mầu đen.",/Users/phamtunglam/Documents/Projects/mSigLIP/code/artifacts/deployment/qnn_inputs/vn3k_text_calib_500/raw/00318_pid1135_01136_00000841_input_ids.raw,/Users/phamtunglam/Documents/Projects/mSigLIP/code/artifacts/deployment/qnn_inputs/vn3k_text_calib_500/raw/00318_pid1135_01136_00000841_attention_mask.raw,64
319,770,train,HoGuom_01/00771_00000195.jpg,"Bạn nam tóc ngắn màu đen, đeo khẩu trang màu xanh nhạt, mặc áo phông ngắn tay màu đỏ, quần jean dài màu xanh đen, đi giày màu đen.",/Users/phamtunglam/Documents/Projects/mSigLIP/code/artifacts/deployment/qnn_inputs/vn3k_text_calib_500/raw/00319_pid770_00771_00000195_input_ids.raw,/Users/phamtunglam/Documents/Projects/mSigLIP/code/artifacts/deployment/qnn_inputs/vn3k_text_calib_500/raw/00319_pid770_00771_00000195_attention_mask.raw,60
320,1920,train,DHGTVT_00/01921_00010120.jpg,"nam tóc ngắn màu đen, đeo kính cận, mặc áo phông có cổ cộc tay màu gạch non, quần dài màu đen, đi giầy màu đen, đeo ba lô màu đen bên vai phải.",/Users/phamtunglam/Documents/Projects/mSigLIP/code/artifacts/deployment/qnn_inputs/vn3k_text_calib_500/raw/00320_pid1920_01921_00010120_input_ids.raw,/Users/phamtunglam/Documents/Projects/mSigLIP/code/artifacts/deployment/qnn_inputs/vn3k_text_calib_500/raw/00320_pid1920_01921_00010120_attention_mask.raw,64
321,1356,train,HoGuom_01/01357_00007965.jpg,"Một nam thanh niên có mái tóc màu đen, mặc áo nỉ màu nâu, mặc quần màu đen, đi giày màu đen.",/Users/phamtunglam/Documents/Projects/mSigLIP/code/artifacts/deployment/qnn_inputs/vn3k_text_calib_500/raw/00321_pid1356_01357_00007965_input_ids.raw,/Users/phamtunglam/Documents/Projects/mSigLIP/code/artifacts/deployment/qnn_inputs/vn3k_text_calib_500/raw/00321_pid1356_01357_00007965_attention_mask.raw,47
322,993,train,HoGuom_01/00994_00003525.jpg,"nam đeo khẩu trang màu trắng, mặc áo ba lỗ màu trắng, mặc quần sooc cao hơn gối màu hồng, đi giầy thể thao.",/Users/phamtunglam/Documents/Projects/mSigLIP/code/artifacts/deployment/qnn_inputs/vn3k_text_calib_500/raw/00322_pid993_00994_00003525_input_ids.raw,/Users/phamtunglam/Documents/Projects/mSigLIP/code/artifacts/deployment/qnn_inputs/vn3k_text_calib_500/raw/00322_pid993_00994_00003525_attention_mask.raw,52
323,1188,train,HoGuom_01/01189_00001680.jpg,"Một bé gái tóc màu đen, mặc áo phông màu hồng nhạt, mặc quần dài màu đen, đi giày màu đen đang đi bộ.",/Users/phamtunglam/Documents/Projects/mSigLIP/code/artifacts/deployment/qnn_inputs/vn3k_text_calib_500/raw/00323_pid1188_01189_00001680_input_ids.raw,/Users/phamtunglam/Documents/Projects/mSigLIP/code/artifacts/deployment/qnn_inputs/vn3k_text_calib_500/raw/00323_pid1188_01189_00001680_attention_mask.raw,50
324,1712,train,DHHN_HVBCVT_00/01713_00009075.jpg,"nữ, mặc áo khoác có mũ màu đen, khoác ba lô màu đen, mặc quần jean màu xanh đậm, đi giày màu đen.",/Users/phamtunglam/Documents/Projects/mSigLIP/code/artifacts/deployment/qnn_inputs/vn3k_text_calib_500/raw/00324_pid1712_01713_00009075_input_ids.raw,/Users/phamtunglam/Documents/Projects/mSigLIP/code/artifacts/deployment/qnn_inputs/vn3k_text_calib_500/raw/00324_pid1712_01713_00009075_attention_mask.raw,49
325,980,train,HoGuom_01/00981_00006210.jpg,"nam tóc ngắn mặc áo tay lỡ màu trắng, mặc quần dài màu đen, tay phải vung cao về phía trước.",/Users/phamtunglam/Documents/Projects/mSigLIP/code/artifacts/deployment/qnn_inputs/vn3k_text_calib_500/raw/00325_pid980_00981_00006210_input_ids.raw,/Users/phamtunglam/Documents/Projects/mSigLIP/code/artifacts/deployment/qnn_inputs/vn3k_text_calib_500/raw/00325_pid980_00981_00006210_attention_mask.raw,42
326,457,train,HoGuom_00/00458_00016030.jpg,"cô gái tóc ngắn, đi giầy đen, mặc áo đen có hình ở bên trong.",/Users/phamtunglam/Documents/Projects/mSigLIP/code/artifacts/deployment/qnn_inputs/vn3k_text_calib_500/raw/00326_pid457_00458_00016030_input_ids.raw,/Users/phamtunglam/Documents/Projects/mSigLIP/code/artifacts/deployment/qnn_inputs/vn3k_text_calib_500/raw/00326_pid457_00458_00016030_attention_mask.raw,31
327,1747,train,DHHN_HVBCVT_00/01748_00018720.jpg,"Một người phụ nữ có mái tóc màu đen, mặc áo dài tay màu đen, mặc quần dài màu đen, đi sục màu nâu.",/Users/phamtunglam/Documents/Projects/mSigLIP/code/artifacts/deployment/qnn_inputs/vn3k_text_calib_500/raw/00327_pid1747_01748_00018720_input_ids.raw,/Users/phamtunglam/Documents/Projects/mSigLIP/code/artifacts/deployment/qnn_inputs/vn3k_text_calib_500/raw/00327_pid1747_01748_00018720_attention_mask.raw,51
328,1910,train,DHGTVT_00/01911_00008230.jpg,"nam tóc ngắn rẽ ngôi giữa, mặc áo phông tay lỡ màu xanh cốm nhạt, đeo ba lô sau lưng có quai màu đen, mặc quần dài màu đen, đi dép lê màu da.",/Users/phamtunglam/Documents/Projects/mSigLIP/code/artifacts/deployment/qnn_inputs/vn3k_text_calib_500/raw/00328_pid1910_01911_00008230_input_ids.raw,/Users/phamtunglam/Documents/Projects/mSigLIP/code/artifacts/deployment/qnn_inputs/vn3k_text_calib_500/raw/00328_pid1910_01911_00008230_attention_mask.raw,64
329,755,train,HoGuom_00/00756_00012590.jpg,"người đàn ông tóc ngắn màu đen, mặc áo phông ngắn tay cổ tròn màu vàng xanh, quần sooc màu xám, tất màu trắng, giày màu đen.",/Users/phamtunglam/Documents/Projects/mSigLIP/code/artifacts/deployment/qnn_inputs/vn3k_text_calib_500/raw/00329_pid755_00756_00012590_input_ids.raw,/Users/phamtunglam/Documents/Projects/mSigLIP/code/artifacts/deployment/qnn_inputs/vn3k_text_calib_500/raw/00329_pid755_00756_00012590_attention_mask.raw,57
330,1823,train,DHHN_HVBCVT_00/01824_00022065.jpg,"cô gái mặc áo nỉ màu ghi, quần dài bó màu đen, đi sục màu trắng, đeo túi chéo màu đen.",/Users/phamtunglam/Documents/Projects/mSigLIP/code/artifacts/deployment/qnn_inputs/vn3k_text_calib_500/raw/00330_pid1823_01824_00022065_input_ids.raw,/Users/phamtunglam/Documents/Projects/mSigLIP/code/artifacts/deployment/qnn_inputs/vn3k_text_calib_500/raw/00330_pid1823_01824_00022065_attention_mask.raw,45
331,928,train,HoGuom_01/00929_00008775.jpg,"nam tóc ngắn, đeo khẩu trang, bên trong mặc áo trắng, bên ngoài khoác áo phao màu đen, đeo trước ngực túi chéo vai, mặc quần dài màu xanh nhạt, đi giầy thể thao màu trắng, tay trái đút túi quần.",/Users/phamtunglam/Documents/Projects/mSigLIP/code/artifacts/deployment/qnn_inputs/vn3k_text_calib_500/raw/00331_pid928_00929_00008775_input_ids.raw,/Users/phamtunglam/Documents/Projects/mSigLIP/code/artifacts/deployment/qnn_inputs/vn3k_text_calib_500/raw/00331_pid928_00929_00008775_attention_mask.raw,64
332,1677,train,DHHN_HVBCVT_00/01678_00054315.jpg,"nam, tóc ngắn màu đen, áo khoác màu xám, ba lô màu đen, xách túi màu trắng, quần dài màu đen.",/Users/phamtunglam/Documents/Projects/mSigLIP/code/artifacts/deployment/qnn_inputs/vn3k_text_calib_500/raw/00332_pid1677_01678_00054315_input_ids.raw,/Users/phamtunglam/Documents/Projects/mSigLIP/code/artifacts/deployment/qnn_inputs/vn3k_text_calib_500/raw/00332_pid1677_01678_00054315_attention_mask.raw,44
333,254,train,HoGuom_00/00255_00007950.jpg,"nữ tóc buộc đuôi ngựa, mặc áo phông trắng, quần thể thao màu đen có sọc trắng chạy dài theo chân.",/Users/phamtunglam/Documents/Projects/mSigLIP/code/artifacts/deployment/qnn_inputs/vn3k_text_calib_500/raw/00333_pid254_00255_00007950_input_ids.raw,/Users/phamtunglam/Documents/Projects/mSigLIP/code/artifacts/deployment/qnn_inputs/vn3k_text_calib_500/raw/00333_pid254_00255_00007950_attention_mask.raw,49
334,1794,train,DHHN_HVBCVT_00/01795_00001395.jpg,"nam thanh niên da ngăm đen, đeo kính gọng màu đen, mặc áo bên trong màu cam sáng, bên ngoài mặc áo khoác màu đen, mặc quần dài màu đen, đi giầy thể thao màu trắng.",/Users/phamtunglam/Documents/Projects/mSigLIP/code/artifacts/deployment/qnn_inputs/vn3k_text_calib_500/raw/00334_pid1794_01795_00001395_input_ids.raw,/Users/phamtunglam/Documents/Projects/mSigLIP/code/artifacts/deployment/qnn_inputs/vn3k_text_calib_500/raw/00334_pid1794_01795_00001395_attention_mask.raw,64
335,465,train,HoGuom_00/00466_00016345.jpg,"cô gái tóc ngắn ngang vai màu nâu, mặc áo ngắn tay màu hồng, váy màu hồng đi giày màu trắng, túi xách đen.",/Users/phamtunglam/Documents/Projects/mSigLIP/code/artifacts/deployment/qnn_inputs/vn3k_text_calib_500/raw/00335_pid465_00466_00016345_input_ids.raw,/Users/phamtunglam/Documents/Projects/mSigLIP/code/artifacts/deployment/qnn_inputs/vn3k_text_calib_500/raw/00335_pid465_00466_00016345_attention_mask.raw,48
336,1143,train,HoGuom_01/01144_00004050.jpg,"Một người phụ nữ tóc ngắn màu đen, mặc áo đỏ, quần màu đen, đang đứng dạng chân.",/Users/phamtunglam/Documents/Projects/mSigLIP/code/artifacts/deployment/qnn_inputs/vn3k_text_calib_500/raw/00336_pid1143_01144_00004050_input_ids.raw,/Users/phamtunglam/Documents/Projects/mSigLIP/code/artifacts/deployment/qnn_inputs/vn3k_text_calib_500/raw/00336_pid1143_01144_00004050_attention_mask.raw,41
337,445,train,HoGuom_00/00446_00015220.jpg,"Bé trai tóc ngắn màu đen, áo ngắn tay màu xanh đen, mặc quần sooc màu trắng xám.",/Users/phamtunglam/Documents/Projects/mSigLIP/code/artifacts/deployment/qnn_inputs/vn3k_text_calib_500/raw/00337_pid445_00446_00015220_input_ids.raw,/Users/phamtunglam/Documents/Projects/mSigLIP/code/artifacts/deployment/qnn_inputs/vn3k_text_calib_500/raw/00337_pid445_00446_00015220_attention_mask.raw,37
338,691,train,HoGuom_00/00692_00010075.jpg,"cô tái tóc dài màu đen, buộc sau gáy, mặc váy dài sát nách màu xám, khoác túi xách màu đen, tay cầm vật màu xanh ngọc, đi giày bệt màu đen.",/Users/phamtunglam/Documents/Projects/mSigLIP/code/artifacts/deployment/qnn_inputs/vn3k_text_calib_500/raw/00338_pid691_00692_00010075_input_ids.raw,/Users/phamtunglam/Documents/Projects/mSigLIP/code/artifacts/deployment/qnn_inputs/vn3k_text_calib_500/raw/00338_pid691_00692_00010075_attention_mask.raw,64
339,675,train,HoGuom_00/00676_00008870.jpg,"Bé gái tóc dài màu đen buộc tóc sau gáy, mặc áo hai dây màu vàng, quần đùi màu hồng, đi xăng đan màu hồng.",/Users/phamtunglam/Documents/Projects/mSigLIP/code/artifacts/deployment/qnn_inputs/vn3k_text_calib_500/raw/00339_pid675_00676_00008870_input_ids.raw,/Users/phamtunglam/Documents/Projects/mSigLIP/code/artifacts/deployment/qnn_inputs/vn3k_text_calib_500/raw/00339_pid675_00676_00008870_attention_mask.raw,51
340,1791,train,DHHN_HVBCVT_00/01792_00001635.jpg,"nam thanh niên mặc áo khoác màu ghi xám, mặc quần bò dài màu xanh biển nhạt, đeo ba lô có quai đeo màu đen, đi giầy màu đen.",/Users/phamtunglam/Documents/Projects/mSigLIP/code/artifacts/deployment/qnn_inputs/vn3k_text_calib_500/raw/00340_pid1791_01792_00001635_input_ids.raw,/Users/phamtunglam/Documents/Projects/mSigLIP/code/artifacts/deployment/qnn_inputs/vn3k_text_calib_500/raw/00340_pid1791_01792_00001635_attention_mask.raw,62
341,263,train,HoGuom_00/00264_00008475.jpg,"nữ tóc dài, đi giày búp bê đen, mặc váy ngắn màu đen, áo màu xanh hở vai.",/Users/phamtunglam/Documents/Projects/mSigLIP/code/artifacts/deployment/qnn_inputs/vn3k_text_calib_500/raw/00341_pid263_00264_00008475_input_ids.raw,/Users/phamtunglam/Documents/Projects/mSigLIP/code/artifacts/deployment/qnn_inputs/vn3k_text_calib_500/raw/00341_pid263_00264_00008475_attention_mask.raw,37
342,313,train,HoGuom_00/00314_00010160.jpg,"người phụ nữ mặc áo phao màu trắng có mũ, đeo túi chéo màu đen, tóc ngắn ngang vai màu đen, mặc váy xòe màu xanh dương sẫm kẻ sọc ngang màu trắng đen.",/Users/phamtunglam/Documents/Projects/mSigLIP/code/artifacts/deployment/qnn_inputs/vn3k_text_calib_500/raw/00342_pid313_00314_00010160_input_ids.raw,/Users/phamtunglam/Documents/Projects/mSigLIP/code/artifacts/deployment/qnn_inputs/vn3k_text_calib_500/raw/00342_pid313_00314_00010160_attention_mask.raw,64
343,1882,train,DHGTVT_00/01883_00004100.jpg,"nam tóc ngắn, đeo kính cận, mặc áo khoác màu xanh cô ban phần ngực áo màu trắng, mặc quần dài màu xám, đi giầy màu trắng đục.",/Users/phamtunglam/Documents/Projects/mSigLIP/code/artifacts/deployment/qnn_inputs/vn3k_text_calib_500/raw/00343_pid1882_01883_00004100_input_ids.raw,/Users/phamtunglam/Documents/Projects/mSigLIP/code/artifacts/deployment/qnn_inputs/vn3k_text_calib_500/raw/00343_pid1882_01883_00004100_attention_mask.raw,60
344,131,train,HoGuom_00/00132_00002430.jpg,"nữ mặc áo bò, quần đùi bò, đeo ba lô màu đen, đi giày thể thao, tóc buộc đuôi ngựa.",/Users/phamtunglam/Documents/Projects/mSigLIP/code/artifacts/deployment/qnn_inputs/vn3k_text_calib_500/raw/00344_pid131_00132_00002430_input_ids.raw,/Users/phamtunglam/Documents/Projects/mSigLIP/code/artifacts/deployment/qnn_inputs/vn3k_text_calib_500/raw/00344_pid131_00132_00002430_attention_mask.raw,46
345,1821,train,DHHN_HVBCVT_00/01822_00019890.jpg,"cô gái mặc áo khoác màu đen, quần bò màu xanh da trời nhạt ống rộng, đi giày thể thao cao cổ màu đen pha trắng, đeo túi màu đen.",/Users/phamtunglam/Documents/Projects/mSigLIP/code/artifacts/deployment/qnn_inputs/vn3k_text_calib_500/raw/00345_pid1821_01822_00019890_input_ids.raw,/Users/phamtunglam/Documents/Projects/mSigLIP/code/artifacts/deployment/qnn_inputs/vn3k_text_calib_500/raw/00345_pid1821_01822_00019890_attention_mask.raw,61
346,1418,train,HoGuom_01/01419_1.jpg,"Một người phụ nữ có mái tóc màu đen, buộc tóc, mặc áo màu trắng, mặc chân váy lửng màu đen, đi giày màu trắng.",/Users/phamtunglam/Documents/Projects/mSigLIP/code/artifacts/deployment/qnn_inputs/vn3k_text_calib_500/raw/00346_pid1418_01419_1_input_ids.raw,/Users/phamtunglam/Documents/Projects/mSigLIP/code/artifacts/deployment/qnn_inputs/vn3k_text_calib_500/raw/00346_pid1418_01419_1_attention_mask.raw,55
347,1585,train,DHHN_HVBCVT_00/01586_00012030.jpg,"nữ thanh niên chân đi dép lê, mặc quần đen trắng, áo khoác màu đen có mũ.",/Users/phamtunglam/Documents/Projects/mSigLIP/code/artifacts/deployment/qnn_inputs/vn3k_text_calib_500/raw/00347_pid1585_01586_00012030_input_ids.raw,/Users/phamtunglam/Documents/Projects/mSigLIP/code/artifacts/deployment/qnn_inputs/vn3k_text_calib_500/raw/00347_pid1585_01586_00012030_attention_mask.raw,34
348,1962,train,DHGTVT_00/01963_00019420.jpg,"nam tóc ngắn màu đen, đeo ba lô màu đen sau lưng, mặc áo trắng cộc tay, mặc quần dài màu đen, đi dép lê tối màu.",/Users/phamtunglam/Documents/Projects/mSigLIP/code/artifacts/deployment/qnn_inputs/vn3k_text_calib_500/raw/00348_pid1962_01963_00019420_input_ids.raw,/Users/phamtunglam/Documents/Projects/mSigLIP/code/artifacts/deployment/qnn_inputs/vn3k_text_calib_500/raw/00348_pid1962_01963_00019420_attention_mask.raw,54
349,111,train,HoGuom_00/00112_00002080.jpg,"nữ tóc vàng, đeo túi xách màu đen, mặc váy hồng liền thân.",/Users/phamtunglam/Documents/Projects/mSigLIP/code/artifacts/deployment/qnn_inputs/vn3k_text_calib_500/raw/00349_pid111_00112_00002080_input_ids.raw,/Users/phamtunglam/Documents/Projects/mSigLIP/code/artifacts/deployment/qnn_inputs/vn3k_text_calib_500/raw/00349_pid111_00112_00002080_attention_mask.raw,32
350,351,train,HoGuom_00/00352_00011815.jpg,"nữ đi dép quai hậu, đeo túi xách màu xám, mặc áo ngắn tay màu đen, quần dài màu đen.",/Users/phamtunglam/Documents/Projects/mSigLIP/code/artifacts/deployment/qnn_inputs/vn3k_text_calib_500/raw/00350_pid351_00352_00011815_input_ids.raw,/Users/phamtunglam/Documents/Projects/mSigLIP/code/artifacts/deployment/qnn_inputs/vn3k_text_calib_500/raw/00350_pid351_00352_00011815_attention_mask.raw,45
351,108,train,HoGuom_00/00109_00001945.jpg,"thanh niên đeo ba lô xanh, giày thể thao đen, quần ngố đen, áo phông trắng.",/Users/phamtunglam/Documents/Projects/mSigLIP/code/artifacts/deployment/qnn_inputs/vn3k_text_calib_500/raw/00351_pid108_00109_00001945_input_ids.raw,/Users/phamtunglam/Documents/Projects/mSigLIP/code/artifacts/deployment/qnn_inputs/vn3k_text_calib_500/raw/00351_pid108_00109_00001945_attention_mask.raw,34
352,1877,train,DHGTVT_00/01878_00003590.jpg,"nam tóc ngắn màu đen, mặc áo cổ tròn sáng màu, trước ngực áo có họa tiết màu đỏ và đen, ống tay có vệt màu đỏ, mặc quần dài màu xám, đi dép lê màu trắng đục, hai tay cầm vật gì đó màu đen trước bụng.",/Users/phamtunglam/Documents/Projects/mSigLIP/code/artifacts/deployment/qnn_inputs/vn3k_text_calib_500/raw/00352_pid1877_01878_00003590_input_ids.raw,/Users/phamtunglam/Documents/Projects/mSigLIP/code/artifacts/deployment/qnn_inputs/vn3k_text_calib_500/raw/00352_pid1877_01878_00003590_attention_mask.raw,64
353,1564,train,DHHN_HVBCVT_00/01565_00001500.jpg,"nam tóc ngắn màu đen, đeo khẩu trang màu trắng, mặc áo phao màu trắng phía sau có mũ, đeo ba lô sau lưng màu đen, mặc quần bò màu xanh nước biển, đi tất màu xám, đi giầy thể thao màu trắng.",/Users/phamtunglam/Documents/Projects/mSigLIP/code/artifacts/deployment/qnn_inputs/vn3k_text_calib_500/raw/00353_pid1564_01565_00001500_input_ids.raw,/Users/phamtunglam/Documents/Projects/mSigLIP/code/artifacts/deployment/qnn_inputs/vn3k_text_calib_500/raw/00353_pid1564_01565_00001500_attention_mask.raw,64
354,1429,train,HoGuom_01/01430_1.jpg,"nam thanh niên mặc áo màu đỏ cam, mặc quần dài màu đen.",/Users/phamtunglam/Documents/Projects/mSigLIP/code/artifacts/deployment/qnn_inputs/vn3k_text_calib_500/raw/00354_pid1429_01430_1_input_ids.raw,/Users/phamtunglam/Documents/Projects/mSigLIP/code/artifacts/deployment/qnn_inputs/vn3k_text_calib_500/raw/00354_pid1429_01430_1_attention_mask.raw,28
355,691,train,HoGuom_00/00692_00010050.jpg,"người phụ nữ tóc dài màu đen, mặc váy sát nách màu ghi, dây đeo ở eo màu đen, khoác túi xách màu đen, đi giày bệt màu đen.",/Users/phamtunglam/Documents/Projects/mSigLIP/code/artifacts/deployment/qnn_inputs/vn3k_text_calib_500/raw/00355_pid691_00692_00010050_input_ids.raw,/Users/phamtunglam/Documents/Projects/mSigLIP/code/artifacts/deployment/qnn_inputs/vn3k_text_calib_500/raw/00355_pid691_00692_00010050_attention_mask.raw,61
356,694,train,HoGuom_00/00695_00010080.jpg,"người đàn ông tóc dài màu nâu, mặc áo phông ngắn tay cổ tròn màu trắng, ngực áo có in hình màu xanh da trời, đỏ, vàng, nâu, mặc quần lửng màu ghi, đi dép tông màu đen.",/Users/phamtunglam/Documents/Projects/mSigLIP/code/artifacts/deployment/qnn_inputs/vn3k_text_calib_500/raw/00356_pid694_00695_00010080_input_ids.raw,/Users/phamtunglam/Documents/Projects/mSigLIP/code/artifacts/deployment/qnn_inputs/vn3k_text_calib_500/raw/00356_pid694_00695_00010080_attention_mask.raw,64
357,1637,train,DHHN_HVBCVT_00/01638_00034320.jpg,"nam thanh niên tóc ngắn màu đen, đeo kính, áo khoác màu đen, quần jean màu đen, đi giày màu đen.",/Users/phamtunglam/Documents/Projects/mSigLIP/code/artifacts/deployment/qnn_inputs/vn3k_text_calib_500/raw/00357_pid1637_01638_00034320_input_ids.raw,/Users/phamtunglam/Documents/Projects/mSigLIP/code/artifacts/deployment/qnn_inputs/vn3k_text_calib_500/raw/00357_pid1637_01638_00034320_attention_mask.raw,43
358,451,train,HoGuom_00/00452_00015475.jpg,"nam thanh niên tóc ngắn, áo phông ngắn tay nhiều màu, quần jean ngắn màu xanh đen, chân đi xăng đan tối màu.",/Users/phamtunglam/Documents/Projects/mSigLIP/code/artifacts/deployment/qnn_inputs/vn3k_text_calib_500/raw/00358_pid451_00452_00015475_input_ids.raw,/Users/phamtunglam/Documents/Projects/mSigLIP/code/artifacts/deployment/qnn_inputs/vn3k_text_calib_500/raw/00358_pid451_00452_00015475_attention_mask.raw,47
359,1050,train,HoGuom_01/01051_00002505.jpg,"nam tóc ngắn, mặc áo phông cộc tay màu lông chuột trên cánh tay có vệt đen, mặc quần đùi kẻ ngang 3 màu đen trắng xanh, đi dép lê màu nâu.",/Users/phamtunglam/Documents/Projects/mSigLIP/code/artifacts/deployment/qnn_inputs/vn3k_text_calib_500/raw/00359_pid1050_01051_00002505_input_ids.raw,/Users/phamtunglam/Documents/Projects/mSigLIP/code/artifacts/deployment/qnn_inputs/vn3k_text_calib_500/raw/00359_pid1050_01051_00002505_attention_mask.raw,62
360,399,train,HoGuom_00/00400_00013670.jpg,"nữ thanh niên đeo kính, đi giày thể thao trắng, mặc váy màu đen liền thân.",/Users/phamtunglam/Documents/Projects/mSigLIP/code/artifacts/deployment/qnn_inputs/vn3k_text_calib_500/raw/00360_pid399_00400_00013670_input_ids.raw,/Users/phamtunglam/Documents/Projects/mSigLIP/code/artifacts/deployment/qnn_inputs/vn3k_text_calib_500/raw/00360_pid399_00400_00013670_attention_mask.raw,36
361,1739,train,DHHN_HVBCVT_00/01740_00015690.jpg,"Một người phụ nữ có mái tóc màu đen, mặc áo nỉ có mũ màu hồng, đang đội mũ áo, mặc quần dài màu xanh nước biển, đi giày thể thao màu hồng.",/Users/phamtunglam/Documents/Projects/mSigLIP/code/artifacts/deployment/qnn_inputs/vn3k_text_calib_500/raw/00361_pid1739_01740_00015690_input_ids.raw,/Users/phamtunglam/Documents/Projects/mSigLIP/code/artifacts/deployment/qnn_inputs/vn3k_text_calib_500/raw/00361_pid1739_01740_00015690_attention_mask.raw,64
362,1887,train,DHGTVT_00/01888_00004160.jpg,"nam tóc ngắn màu đen, mặc áo phông cộc tay cổ tròn màu đen, đeo ba lo sau lưng quai đen, mặc quần dài màu đen, đi dép sục màu đen.",/Users/phamtunglam/Documents/Projects/mSigLIP/code/artifacts/deployment/qnn_inputs/vn3k_text_calib_500/raw/00362_pid1887_01888_00004160_input_ids.raw,/Users/phamtunglam/Documents/Projects/mSigLIP/code/artifacts/deployment/qnn_inputs/vn3k_text_calib_500/raw/00362_pid1887_01888_00004160_attention_mask.raw,62
363,1770,train,DHHN_HVBCVT_00/01771_00001350.jpg,"Một nam thanh niên có mái tóc màu đen, đeo khẩu trang màu trắng, mặc áo khoác màu đen, mặc quần dài màu xanh, đi giày màu nâu.",/Users/phamtunglam/Documents/Projects/mSigLIP/code/artifacts/deployment/qnn_inputs/vn3k_text_calib_500/raw/00363_pid1770_01771_00001350_input_ids.raw,/Users/phamtunglam/Documents/Projects/mSigLIP/code/artifacts/deployment/qnn_inputs/vn3k_text_calib_500/raw/00363_pid1770_01771_00001350_attention_mask.raw,59
364,540,train,HoGuom_00/00541_00003560.jpg,"Cậu bé tóc ngắn màu đen, mặc áo phông màu trắng cổ tròn ngắn tay, ngực áo có in hình màu đen, mặc quần đùi màu ghi, đi dép màu đen.",/Users/phamtunglam/Documents/Projects/mSigLIP/code/artifacts/deployment/qnn_inputs/vn3k_text_calib_500/raw/00364_pid540_00541_00003560_input_ids.raw,/Users/phamtunglam/Documents/Projects/mSigLIP/code/artifacts/deployment/qnn_inputs/vn3k_text_calib_500/raw/00364_pid540_00541_00003560_attention_mask.raw,61
365,509,train,HoGuom_00/00510_00001190.jpg,"cô gái tóc dài màu đen, xõa tóc, đeo kính, mặc áo kẻ ngang màu xanh trắng, quần dài màu đen, ba lô màu đen.",/Users/phamtunglam/Documents/Projects/mSigLIP/code/artifacts/deployment/qnn_inputs/vn3k_text_calib_500/raw/00365_pid509_00510_00001190_input_ids.raw,/Users/phamtunglam/Documents/Projects/mSigLIP/code/artifacts/deployment/qnn_inputs/vn3k_text_calib_500/raw/00365_pid509_00510_00001190_attention_mask.raw,53
366,917,train,HoGuom_01/00918_00008250.jpg,"nam đội mũ lưỡi chai phần lưỡi chai màu trắng, mặc áo cộc tay màu ghi, tay phải đeo đồng hồ, mặc quần sooc đến gối màu da người, đi tất màu trắng, đi giầy màu đen.",/Users/phamtunglam/Documents/Projects/mSigLIP/code/artifacts/deployment/qnn_inputs/vn3k_text_calib_500/raw/00366_pid917_00918_00008250_input_ids.raw,/Users/phamtunglam/Documents/Projects/mSigLIP/code/artifacts/deployment/qnn_inputs/vn3k_text_calib_500/raw/00366_pid917_00918_00008250_attention_mask.raw,64
367,1071,train,HoGuom_01/01072_00004695.jpg,"nam tóc ngắn, màu đen, mặc áo sơ mi có cổ cộc tay màu ghi, sơ vin trong quần, mặc quần dài màu đen, đi giầy thể thao màu đen đế giầy màu trắng.",/Users/phamtunglam/Documents/Projects/mSigLIP/code/artifacts/deployment/qnn_inputs/vn3k_text_calib_500/raw/00367_pid1071_01072_00004695_input_ids.raw,/Users/phamtunglam/Documents/Projects/mSigLIP/code/artifacts/deployment/qnn_inputs/vn3k_text_calib_500/raw/00367_pid1071_01072_00004695_attention_mask.raw,64
368,1376,train,HoGuom_01/01377_00005385.jpg,"Một nam thanh niên để đầu cua, có mái tóc màu đen, mặc áo phông cổ tròn trong màu ghi, mặc quần short màu ghi, đi dép màu đen xỏ tay vào trong túi quần.",/Users/phamtunglam/Documents/Projects/mSigLIP/code/artifacts/deployment/qnn_inputs/vn3k_text_calib_500/raw/00368_pid1376_01377_00005385_input_ids.raw,/Users/phamtunglam/Documents/Projects/mSigLIP/code/artifacts/deployment/qnn_inputs/vn3k_text_calib_500/raw/00368_pid1376_01377_00005385_attention_mask.raw,64
369,1229,train,HoGuom_01/01230_00005430.jpg,"Một cô gái tóc màu nâu, mặc áo phông màu hồng, mặc quần bò màu xanh nước biển nhạt, đi giày thể thao màu trắng, đeo túi màu nâu.",/Users/phamtunglam/Documents/Projects/mSigLIP/code/artifacts/deployment/qnn_inputs/vn3k_text_calib_500/raw/00369_pid1229_01230_00005430_input_ids.raw,/Users/phamtunglam/Documents/Projects/mSigLIP/code/artifacts/deployment/qnn_inputs/vn3k_text_calib_500/raw/00369_pid1229_01230_00005430_attention_mask.raw,63
370,1994,train,TamChuc_01/01995_2.jpg,"nữ tóc buộc sau gáy, đeo khẩu trang y tế màu xanh da trời, mặc áo cổ tròn họa tiết hoa màu đen trắng, mặc quần màu đen dài, đeo túi bên vai và hông trái màu đen, đi dép màu đỏ.",/Users/phamtunglam/Documents/Projects/mSigLIP/code/artifacts/deployment/qnn_inputs/vn3k_text_calib_500/raw/00370_pid1994_01995_2_input_ids.raw,/Users/phamtunglam/Documents/Projects/mSigLIP/code/artifacts/deployment/qnn_inputs/vn3k_text_calib_500/raw/00370_pid1994_01995_2_attention_mask.raw,64
371,1489,train,HoGuom_01/01490_2.jpg,"Một người đàn ông mặc áo khoác màu xanh tím than phối màu trắng, mặc quần bò màu xanh, đi giầy lười màu đen, đang nghe điện thoại.",/Users/phamtunglam/Documents/Projects/mSigLIP/code/artifacts/deployment/qnn_inputs/vn3k_text_calib_500/raw/00371_pid1489_01490_2_input_ids.raw,/Users/phamtunglam/Documents/Projects/mSigLIP/code/artifacts/deployment/qnn_inputs/vn3k_text_calib_500/raw/00371_pid1489_01490_2_attention_mask.raw,58
372,717,train,HoGuom_00/00718_00011295.jpg,"cô gái tóc dài màu đen, xõa tóc hai bên, mặc áo phông ngắn tay màu vàng, quần dài màu đen, đi giày màu xám.",/Users/phamtunglam/Documents/Projects/mSigLIP/code/artifacts/deployment/qnn_inputs/vn3k_text_calib_500/raw/00372_pid717_00718_00011295_input_ids.raw,/Users/phamtunglam/Documents/Projects/mSigLIP/code/artifacts/deployment/qnn_inputs/vn3k_text_calib_500/raw/00372_pid717_00718_00011295_attention_mask.raw,52
373,1531,train,DHHN_HVBCVT_00/01532_00013935.jpg,"nam tóc ngắn màu đen, đeo kính cận, mặc áo phao màu đen, mặc quần dài mầu đen, đi giầy thể thao màu đen viền đế giầy màu trắng, tay trái cầm điện phải để ngang ngực, tay phải đút túi áo.",/Users/phamtunglam/Documents/Projects/mSigLIP/code/artifacts/deployment/qnn_inputs/vn3k_text_calib_500/raw/00373_pid1531_01532_00013935_input_ids.raw,/Users/phamtunglam/Documents/Projects/mSigLIP/code/artifacts/deployment/qnn_inputs/vn3k_text_calib_500/raw/00373_pid1531_01532_00013935_attention_mask.raw,64
374,1108,train,HoGuom_01/01109_00001590.jpg,"nam tóc đen ngắn, đeo khẩu trang màu trắng, mặc áo sơ mi cộc tay màu xanh đen, mặc quần bò màu xanh nước biển dài, đi giầy màu đen đế trắng, chân trái co gối và đưa về phía sau.",/Users/phamtunglam/Documents/Projects/mSigLIP/code/artifacts/deployment/qnn_inputs/vn3k_text_calib_500/raw/00374_pid1108_01109_00001590_input_ids.raw,/Users/phamtunglam/Documents/Projects/mSigLIP/code/artifacts/deployment/qnn_inputs/vn3k_text_calib_500/raw/00374_pid1108_01109_00001590_attention_mask.raw,64
375,1687,train,DHHN_HVBCVT_00/01688_00002175.jpg,"cô gái tóc dài màu đen, đeo khẩu trang màu xanh nhạt, mặc áo dạ màu nâu đậm, quần jean dài màu xanh đen, đi giày màu trắng xám.",/Users/phamtunglam/Documents/Projects/mSigLIP/code/artifacts/deployment/qnn_inputs/vn3k_text_calib_500/raw/00375_pid1687_01688_00002175_input_ids.raw,/Users/phamtunglam/Documents/Projects/mSigLIP/code/artifacts/deployment/qnn_inputs/vn3k_text_calib_500/raw/00375_pid1687_01688_00002175_attention_mask.raw,64
376,1983,train,DHGTVT_00/01984_00031070.jpg,"nam tóc ngắn màu đen, mặc áo trong cổ tròn màu xanh cô ban trước ngực áo có họa tiết màu trắng, khoác áo ngoài màu xám, mặc quần dài màu đen, đi dép sục sáng màu.",/Users/phamtunglam/Documents/Projects/mSigLIP/code/artifacts/deployment/qnn_inputs/vn3k_text_calib_500/raw/00376_pid1983_01984_00031070_input_ids.raw,/Users/phamtunglam/Documents/Projects/mSigLIP/code/artifacts/deployment/qnn_inputs/vn3k_text_calib_500/raw/00376_pid1983_01984_00031070_attention_mask.raw,64
377,550,train,HoGuom_00/00551_00004206.jpg,"người đàn ông đội mũ lưỡi trai màu đen, áo sơ mi ngắn tay màu trắng, quần dài tối màu, giày đen, xách túi màu đen.",/Users/phamtunglam/Documents/Projects/mSigLIP/code/artifacts/deployment/qnn_inputs/vn3k_text_calib_500/raw/00377_pid550_00551_00004206_input_ids.raw,/Users/phamtunglam/Documents/Projects/mSigLIP/code/artifacts/deployment/qnn_inputs/vn3k_text_calib_500/raw/00377_pid550_00551_00004206_attention_mask.raw,54
378,794,train,HoGuom_01/00795_00001980.jpg,"Phụ nữ đeo khẩu trang đen, mặc áo cộc tay màu đen, mặc quần sooc màu đen, đi giầy đen.",/Users/phamtunglam/Documents/Projects/mSigLIP/code/artifacts/deployment/qnn_inputs/vn3k_text_calib_500/raw/00378_pid794_00795_00001980_input_ids.raw,/Users/phamtunglam/Documents/Projects/mSigLIP/code/artifacts/deployment/qnn_inputs/vn3k_text_calib_500/raw/00378_pid794_00795_00001980_attention_mask.raw,46
379,629,train,HoGuom_00/00630_00007305.jpg,"người phụ nữ tóc dài màu đen, mặc váy ngắn màu xám đen, mang túi màu xanh ngọc, đi dép tông màu sáng.",/Users/phamtunglam/Documents/Projects/mSigLIP/code/artifacts/deployment/qnn_inputs/vn3k_text_calib_500/raw/00379_pid629_00630_00007305_input_ids.raw,/Users/phamtunglam/Documents/Projects/mSigLIP/code/artifacts/deployment/qnn_inputs/vn3k_text_calib_500/raw/00379_pid629_00630_00007305_attention_mask.raw,48
380,89,train,HoGuom_00/00090_00000750.jpg,"thanh niên tầm 30 tuổi đầu húi cua, mặc áo phông trắng ngắn tay, quần đen.",/Users/phamtunglam/Documents/Projects/mSigLIP/code/artifacts/deployment/qnn_inputs/vn3k_text_calib_500/raw/00380_pid89_00090_00000750_input_ids.raw,/Users/phamtunglam/Documents/Projects/mSigLIP/code/artifacts/deployment/qnn_inputs/vn3k_text_calib_500/raw/00380_pid89_00090_00000750_attention_mask.raw,35
381,757,train,HoGuom_00/00758_00012910.jpg,"người đàn ông tóc ngắn màu đen, mặc áo phông ngắn tay màu xám, quần dài màu xanh nhạt, tay phải cầm áo màu đen có sọc trắng, đi giày màu đen.",/Users/phamtunglam/Documents/Projects/mSigLIP/code/artifacts/deployment/qnn_inputs/vn3k_text_calib_500/raw/00381_pid757_00758_00012910_input_ids.raw,/Users/phamtunglam/Documents/Projects/mSigLIP/code/artifacts/deployment/qnn_inputs/vn3k_text_calib_500/raw/00381_pid757_00758_00012910_attention_mask.raw,64
382,1271,train,HoGuom_01/01272_00004800.jpg,"Một người đàn ông tóc màu đen, mặc áo màu đỏ, mặc quần màu xám và đi giày màu trắng.",/Users/phamtunglam/Documents/Projects/mSigLIP/code/artifacts/deployment/qnn_inputs/vn3k_text_calib_500/raw/00382_pid1271_01272_00004800_input_ids.raw,/Users/phamtunglam/Documents/Projects/mSigLIP/code/artifacts/deployment/qnn_inputs/vn3k_text_calib_500/raw/00382_pid1271_01272_00004800_attention_mask.raw,43
383,57,train,TEST_DATA/Person58.2/output_2.jpg,"Một cô gái có mái tóc đen dài để xõa ngang vai, mặc một chiếc áo phông màu vàng trên ngực áo có in hình màu trắng, mặc một chiếc quần bó dài màu đen, chân đi giày thể thao màu đen.",/Users/phamtunglam/Documents/Projects/mSigLIP/code/artifacts/deployment/qnn_inputs/vn3k_text_calib_500/raw/00383_pid57_output_2_input_ids.raw,/Users/phamtunglam/Documents/Projects/mSigLIP/code/artifacts/deployment/qnn_inputs/vn3k_text_calib_500/raw/00383_pid57_output_2_attention_mask.raw,64
384,907,train,HoGuom_01/00908_00002460.jpg,"nữ tóc đen, mặc áo cộc tay màu đen, mặc quần ống sớ rộng màu xanh nước biển, đi dép sục, tay trái để trước ngực.",/Users/phamtunglam/Documents/Projects/mSigLIP/code/artifacts/deployment/qnn_inputs/vn3k_text_calib_500/raw/00384_pid907_00908_00002460_input_ids.raw,/Users/phamtunglam/Documents/Projects/mSigLIP/code/artifacts/deployment/qnn_inputs/vn3k_text_calib_500/raw/00384_pid907_00908_00002460_attention_mask.raw,55
385,443,train,HoGuom_00/00444_00015055.jpg,"Phụ nữ mặc áo sát nách màu trắng, đeo túi chéo màu đen, quần màu xanh xám.",/Users/phamtunglam/Documents/Projects/mSigLIP/code/artifacts/deployment/qnn_inputs/vn3k_text_calib_500/raw/00385_pid443_00444_00015055_input_ids.raw,/Users/phamtunglam/Documents/Projects/mSigLIP/code/artifacts/deployment/qnn_inputs/vn3k_text_calib_500/raw/00385_pid443_00444_00015055_attention_mask.raw,41
386,1166,train,HoGuom_01/01167_00000765.jpg,"Một người đàn ông tóc đen, mặc áo phông màu đen, mặc quần dài màu đen, đeo khẩu trang màu xanh đang đi bộ trên phố.",/Users/phamtunglam/Documents/Projects/mSigLIP/code/artifacts/deployment/qnn_inputs/vn3k_text_calib_500/raw/00386_pid1166_01167_00000765_input_ids.raw,/Users/phamtunglam/Documents/Projects/mSigLIP/code/artifacts/deployment/qnn_inputs/vn3k_text_calib_500/raw/00386_pid1166_01167_00000765_attention_mask.raw,55
387,713,train,HoGuom_00/00714_00011725.jpg,"nam thanh niên tóc ngắn màu đen, mặc áo phông ngắn tay màu đen có các đường kẻ trắng, quần dài màu đen, đi giày màu đen.",/Users/phamtunglam/Documents/Projects/mSigLIP/code/artifacts/deployment/qnn_inputs/vn3k_text_calib_500/raw/00387_pid713_00714_00011725_input_ids.raw,/Users/phamtunglam/Documents/Projects/mSigLIP/code/artifacts/deployment/qnn_inputs/vn3k_text_calib_500/raw/00387_pid713_00714_00011725_attention_mask.raw,53
388,67,train,TEST_DATA/Person68.2/output_6.jpg,"Một cô gái trẻ đi dép lê sáng màu, mặc quần dài màu đen, áo phông ngắn tay màu trắng có in hình trước ngực màu đen, tóc đen dài để xõa một phần tóc trước ngực dài tới ngang vai.",/Users/phamtunglam/Documents/Projects/mSigLIP/code/artifacts/deployment/qnn_inputs/vn3k_text_calib_500/raw/00388_pid67_output_6_input_ids.raw,/Users/phamtunglam/Documents/Projects/mSigLIP/code/artifacts/deployment/qnn_inputs/vn3k_text_calib_500/raw/00388_pid67_output_6_attention_mask.raw,64
389,1126,train,HoGuom_01/01127_00000180.jpg,"nữ thanh niên mang bầu, đang ngồi, chụp từ phía trước, nhìn thẳng, tóc đen buộc đuôi gà, đeo kính, mặc váy bầu mà hồng, ngắn tay, đeo túi đen, đi dép tông màu trắng, tay trái cầm túi nilon đặt trên đùi, tay phải co lên, chân trái đi dép, chân phải kiễng lên trên dép.",/Users/phamtunglam/Documents/Projects/mSigLIP/code/artifacts/deployment/qnn_inputs/vn3k_text_calib_500/raw/00389_pid1126_01127_00000180_input_ids.raw,/Users/phamtunglam/Documents/Projects/mSigLIP/code/artifacts/deployment/qnn_inputs/vn3k_text_calib_500/raw/00389_pid1126_01127_00000180_attention_mask.raw,64
390,486,train,HoGuom_00/00487_00017460.jpg,"người phụ nữ tóc dài màu đen, tóc buộc cao, mặc áo phông màu xanh ngắn tay, khoác ba lô màu xanh rêu, mặc quần dài màu đen, đi xăng đan màu đen.",/Users/phamtunglam/Documents/Projects/mSigLIP/code/artifacts/deployment/qnn_inputs/vn3k_text_calib_500/raw/00390_pid486_00487_00017460_input_ids.raw,/Users/phamtunglam/Documents/Projects/mSigLIP/code/artifacts/deployment/qnn_inputs/vn3k_text_calib_500/raw/00390_pid486_00487_00017460_attention_mask.raw,64
391,1413,train,HoGuom_01/01414_1.jpg,"Một người đàn ông có mái tóc màu đen, mặc áo phông không cổ màu đen, mặc quần dài màu đen, đi giày màu xám.",/Users/phamtunglam/Documents/Projects/mSigLIP/code/artifacts/deployment/qnn_inputs/vn3k_text_calib_500/raw/00391_pid1413_01414_1_input_ids.raw,/Users/phamtunglam/Documents/Projects/mSigLIP/code/artifacts/deployment/qnn_inputs/vn3k_text_calib_500/raw/00391_pid1413_01414_1_attention_mask.raw,51
392,1373,train,HoGuom_01/01374_00005685.jpg,"Một người phụ nữ có mái tóc màu đen, mặc áo phông màu xanh, mặc quần jean màu đen và đi dép màu nâu.",/Users/phamtunglam/Documents/Projects/mSigLIP/code/artifacts/deployment/qnn_inputs/vn3k_text_calib_500/raw/00392_pid1373_01374_00005685_input_ids.raw,/Users/phamtunglam/Documents/Projects/mSigLIP/code/artifacts/deployment/qnn_inputs/vn3k_text_calib_500/raw/00392_pid1373_01374_00005685_attention_mask.raw,50
393,1441,train,HoGuom_01/01442_2.jpg,"người đàn ông mặc áo phông ngắn tay màu xanh biển, đeo kính cận, mặc quần đùi màu xanh tím than, đi dép tông màu đen.",/Users/phamtunglam/Documents/Projects/mSigLIP/code/artifacts/deployment/qnn_inputs/vn3k_text_calib_500/raw/00393_pid1441_01442_2_input_ids.raw,/Users/phamtunglam/Documents/Projects/mSigLIP/code/artifacts/deployment/qnn_inputs/vn3k_text_calib_500/raw/00393_pid1441_01442_2_attention_mask.raw,52
394,656,train,HoGuom_00/00657_00008350.jpg,"người phụ nữ tóc dài màu đen, buộc tóc cao, mặc váy màu đen có in hình màu trắng và vàng ở trước, đi giày bệt màu đen.",/Users/phamtunglam/Documents/Projects/mSigLIP/code/artifacts/deployment/qnn_inputs/vn3k_text_calib_500/raw/00394_pid656_00657_00008350_input_ids.raw,/Users/phamtunglam/Documents/Projects/mSigLIP/code/artifacts/deployment/qnn_inputs/vn3k_text_calib_500/raw/00394_pid656_00657_00008350_attention_mask.raw,54
395,70,train,TRAINNING_DATA/Person71/output_6.jpg,"Một cô gái trẻ mặc chiếc áo phông cộc tay, cổ tròn, và chiếc quần dài màu đen, chân đi đôi giày màu đen, tóc dài để xõa ngang vai.",/Users/phamtunglam/Documents/Projects/mSigLIP/code/artifacts/deployment/qnn_inputs/vn3k_text_calib_500/raw/00395_pid70_output_6_input_ids.raw,/Users/phamtunglam/Documents/Projects/mSigLIP/code/artifacts/deployment/qnn_inputs/vn3k_text_calib_500/raw/00395_pid70_output_6_attention_mask.raw,63
396,55,train,TEST_DATA/Person56.2/output_2.jpg,"nữ thanh niên đi giày thể thao màu đen có viền trắng, mặc quần dài màu đen, áo phông trắng, tóc ngắn vừa, buộc đằng sau.",/Users/phamtunglam/Documents/Projects/mSigLIP/code/artifacts/deployment/qnn_inputs/vn3k_text_calib_500/raw/00396_pid55_output_2_input_ids.raw,/Users/phamtunglam/Documents/Projects/mSigLIP/code/artifacts/deployment/qnn_inputs/vn3k_text_calib_500/raw/00396_pid55_output_2_attention_mask.raw,56
397,25,train,TRAINNING_DATA/Person26/output_6.jpg,"Một cô gái trẻ tay cầm điện thoại có mái tóc đen, dài ngang lưng, mặc áo phông trắng cộc tay có các đường viền màu đen ở tay áo và cổ, và chiếc quần dài thể thao màu xám có các sọc trắng ở hai bên, chân đi đôi giày màu trắng ngà.",/Users/phamtunglam/Documents/Projects/mSigLIP/code/artifacts/deployment/qnn_inputs/vn3k_text_calib_500/raw/00397_pid25_output_6_input_ids.raw,/Users/phamtunglam/Documents/Projects/mSigLIP/code/artifacts/deployment/qnn_inputs/vn3k_text_calib_500/raw/00397_pid25_output_6_attention_mask.raw,64
398,1672,train,DHHN_HVBCVT_00/01673_00051270.jpg,"nam thanh niên tóc ngắn màu đen, mặc áo khoác màu vàng, quần dài màu đen, đi dép màu đen có kẻ sọc ngang màu trắng.",/Users/phamtunglam/Documents/Projects/mSigLIP/code/artifacts/deployment/qnn_inputs/vn3k_text_calib_500/raw/00398_pid1672_01673_00051270_input_ids.raw,/Users/phamtunglam/Documents/Projects/mSigLIP/code/artifacts/deployment/qnn_inputs/vn3k_text_calib_500/raw/00398_pid1672_01673_00051270_attention_mask.raw,51
399,1320,train,HoGuom_01/01321_00008985.jpg,"Một người phụ nữ có mài tóc màu đen, mặc áo cổ tim màu ghi có nhiều họa tiết màu đen, mặc quần màu đen.",/Users/phamtunglam/Documents/Projects/mSigLIP/code/artifacts/deployment/qnn_inputs/vn3k_text_calib_500/raw/00399_pid1320_01321_00008985_input_ids.raw,/Users/phamtunglam/Documents/Projects/mSigLIP/code/artifacts/deployment/qnn_inputs/vn3k_text_calib_500/raw/00399_pid1320_01321_00008985_attention_mask.raw,50
400,204,train,HoGuom_00/00205_00005215.jpg,"nam thanh niên tóc cắt ngắn, mặc áo ngoài kẻ ô vuông, áo trong màu đỏ, đeo ba lô màu vàng, quần bò màu xanh.",/Users/phamtunglam/Documents/Projects/mSigLIP/code/artifacts/deployment/qnn_inputs/vn3k_text_calib_500/raw/00400_pid204_00205_00005215_input_ids.raw,/Users/phamtunglam/Documents/Projects/mSigLIP/code/artifacts/deployment/qnn_inputs/vn3k_text_calib_500/raw/00400_pid204_00205_00005215_attention_mask.raw,54
401,1789,train,DHHN_HVBCVT_00/01790_00004110.jpg,"người đàn ông mặc áo dài tay có mũ màu đen, in hình chữ N và đường kẻ ngang màu trắng trước ngực, mặc quần dài màu đen, đi dép màu xám có kẻ ngang màu đen, đang xách túi đồ.",/Users/phamtunglam/Documents/Projects/mSigLIP/code/artifacts/deployment/qnn_inputs/vn3k_text_calib_500/raw/00401_pid1789_01790_00004110_input_ids.raw,/Users/phamtunglam/Documents/Projects/mSigLIP/code/artifacts/deployment/qnn_inputs/vn3k_text_calib_500/raw/00401_pid1789_01790_00004110_attention_mask.raw,64
402,1170,train,HoGuom_01/01171_00001260.jpg,"Một người phụ nữ tóc ngắn ngang vai màu đen, mặc áo phông màu đen, mặc quần short màu đen.",/Users/phamtunglam/Documents/Projects/mSigLIP/code/artifacts/deployment/qnn_inputs/vn3k_text_calib_500/raw/00402_pid1170_01171_00001260_input_ids.raw,/Users/phamtunglam/Documents/Projects/mSigLIP/code/artifacts/deployment/qnn_inputs/vn3k_text_calib_500/raw/00402_pid1170_01171_00001260_attention_mask.raw,41
403,1505,train,DHHN_HVBCVT_00/01506_00002490.jpg,"-nữ mặc áo khoác màu vàng, mặc quần thể thao màu đen, đi dép sục trắng, tất trắng viền đen, đeo ba lô đen, đội mũ áo màu ghi.",/Users/phamtunglam/Documents/Projects/mSigLIP/code/artifacts/deployment/qnn_inputs/vn3k_text_calib_500/raw/00403_pid1505_01506_00002490_input_ids.raw,/Users/phamtunglam/Documents/Projects/mSigLIP/code/artifacts/deployment/qnn_inputs/vn3k_text_calib_500/raw/00403_pid1505_01506_00002490_attention_mask.raw,63
404,1314,train,HoGuom_01/01315_00003720.jpg,"Một cô gái có mái tóc màu đen, để thả tóc, mặc áo màu xanh, tay cầm một chiếc áo khoác màu be, mặc quần màu đen, đi giày màu trắng đang đi bộ.",/Users/phamtunglam/Documents/Projects/mSigLIP/code/artifacts/deployment/qnn_inputs/vn3k_text_calib_500/raw/00404_pid1314_01315_00003720_input_ids.raw,/Users/phamtunglam/Documents/Projects/mSigLIP/code/artifacts/deployment/qnn_inputs/vn3k_text_calib_500/raw/00404_pid1314_01315_00003720_attention_mask.raw,64
405,382,train,HoGuom_00/00383_00012840.jpg,"người đàn ông mặc áo khoác màu đen, áo trong màu đen, quần bò màu xanh tím than, đi giày thể thao màu ghi.",/Users/phamtunglam/Documents/Projects/mSigLIP/code/artifacts/deployment/qnn_inputs/vn3k_text_calib_500/raw/00405_pid382_00383_00012840_input_ids.raw,/Users/phamtunglam/Documents/Projects/mSigLIP/code/artifacts/deployment/qnn_inputs/vn3k_text_calib_500/raw/00405_pid382_00383_00012840_attention_mask.raw,47
406,750,train,HoGuom_00/00751_00012550.jpg,"người đàn ông tóc ngắn màu đen, đeo dây chuyền, mặc áo phông ngắn tay màu đen, quần sooc màu đen, tay cầm chai màu trắng trong, đi giày màu trắng.",/Users/phamtunglam/Documents/Projects/mSigLIP/code/artifacts/deployment/qnn_inputs/vn3k_text_calib_500/raw/00406_pid750_00751_00012550_input_ids.raw,/Users/phamtunglam/Documents/Projects/mSigLIP/code/artifacts/deployment/qnn_inputs/vn3k_text_calib_500/raw/00406_pid750_00751_00012550_attention_mask.raw,62
407,256,train,HoGuom_00/00257_00008210.jpg,"Bé gái tóc cắt ngắn, chân đi dép xăng đan đen, mặc váy liền thân trên màu trắng, dưới hình hoa nhiều màu.",/Users/phamtunglam/Documents/Projects/mSigLIP/code/artifacts/deployment/qnn_inputs/vn3k_text_calib_500/raw/00407_pid256_00257_00008210_input_ids.raw,/Users/phamtunglam/Documents/Projects/mSigLIP/code/artifacts/deployment/qnn_inputs/vn3k_text_calib_500/raw/00407_pid256_00257_00008210_attention_mask.raw,48
408,321,train,HoGuom_00/00322_00010590.jpg,"Bé trai đi dép lê xanh, mặc áo xanh, quần đùi hoa xanh.",/Users/phamtunglam/Documents/Projects/mSigLIP/code/artifacts/deployment/qnn_inputs/vn3k_text_calib_500/raw/00408_pid321_00322_00010590_input_ids.raw,/Users/phamtunglam/Documents/Projects/mSigLIP/code/artifacts/deployment/qnn_inputs/vn3k_text_calib_500/raw/00408_pid321_00322_00010590_attention_mask.raw,23
409,1755,train,DHHN_HVBCVT_00/01756_00017100.jpg,"Một nam thanh niên mặc áo nỉ có mũ màu vàng bên trong, mặc áo khoác màu xanh nước biển có tay áo màu xanh rêu bên ngoài, mặc quần dài màu đen, đi giày màu trắng.",/Users/phamtunglam/Documents/Projects/mSigLIP/code/artifacts/deployment/qnn_inputs/vn3k_text_calib_500/raw/00409_pid1755_01756_00017100_input_ids.raw,/Users/phamtunglam/Documents/Projects/mSigLIP/code/artifacts/deployment/qnn_inputs/vn3k_text_calib_500/raw/00409_pid1755_01756_00017100_attention_mask.raw,64
410,28,train,TEST_DATA/Person29.2/output_9.jpg,"Một anh con trai tóc đen cắt ngắn, mặc một chiếc áo phông có cổ màu xanh, mặc một chiếc quần dài màu đen có viền đỏ chạy dọc ống quần, đi đôi giày thể thao màu trắng.",/Users/phamtunglam/Documents/Projects/mSigLIP/code/artifacts/deployment/qnn_inputs/vn3k_text_calib_500/raw/00410_pid28_output_9_input_ids.raw,/Users/phamtunglam/Documents/Projects/mSigLIP/code/artifacts/deployment/qnn_inputs/vn3k_text_calib_500/raw/00410_pid28_output_9_attention_mask.raw,64
411,33,train,TRAINNING_DATA/Person34/output_6.jpg,"Một cậu thanh niên tóc cắt ngắn, cao, mặc chiếc áo cộc tay màu vàng, có ba đường sọc màu nâu ở phần vai áo và họa tiết ở phần thân áo, chiếc quần dài màu nâu, chân đi đôi dép xỏ ngón màu đen.",/Users/phamtunglam/Documents/Projects/mSigLIP/code/artifacts/deployment/qnn_inputs/vn3k_text_calib_500/raw/00411_pid33_output_6_input_ids.raw,/Users/phamtunglam/Documents/Projects/mSigLIP/code/artifacts/deployment/qnn_inputs/vn3k_text_calib_500/raw/00411_pid33_output_6_attention_mask.raw,64
412,1935,train,DHGTVT_00/01936_00010830.jpg,"nam tóc ngắn màu đen, đeo khẩu trang màu trắng, tay phải cầm điện thoại màu đen, đeo ba lô màu đen bên vai phải, mặc áo trong màu cam, khoác áo ngoài màu xanh cô ban, mặc quần dài màu đen bên sườn ống có một vệt kẻ ngang màu trắng, đi giầy thể thao màu trắng.",/Users/phamtunglam/Documents/Projects/mSigLIP/code/artifacts/deployment/qnn_inputs/vn3k_text_calib_500/raw/00412_pid1935_01936_00010830_input_ids.raw,/Users/phamtunglam/Documents/Projects/mSigLIP/code/artifacts/deployment/qnn_inputs/vn3k_text_calib_500/raw/00412_pid1935_01936_00010830_attention_mask.raw,64
413,1050,train,HoGuom_01/01051_00002400.jpg,"nam cắt tóc ngắn, mặc áo phông màu ghi cộc tay cổ tròn, trên cánh tay có hình màu đen, tay trái cầm điện thoại, tay phải bế một em bé, mặc quần đùi kẻ ngang 3 màu đen, trắng xanh, đi dép lê màu nâu.",/Users/phamtunglam/Documents/Projects/mSigLIP/code/artifacts/deployment/qnn_inputs/vn3k_text_calib_500/raw/00413_pid1050_01051_00002400_input_ids.raw,/Users/phamtunglam/Documents/Projects/mSigLIP/code/artifacts/deployment/qnn_inputs/vn3k_text_calib_500/raw/00413_pid1050_01051_00002400_attention_mask.raw,64
414,310,train,HoGuom_00/00311_00010170.jpg,"nữ thanh niên tóc ngắn, mặc quần đùi đen, áo phông vàng, đi dép cao gót.",/Users/phamtunglam/Documents/Projects/mSigLIP/code/artifacts/deployment/qnn_inputs/vn3k_text_calib_500/raw/00414_pid310_00311_00010170_input_ids.raw,/Users/phamtunglam/Documents/Projects/mSigLIP/code/artifacts/deployment/qnn_inputs/vn3k_text_calib_500/raw/00414_pid310_00311_00010170_attention_mask.raw,33
415,655,train,HoGuom_00/00656_00008240.jpg,"người phụ nữ tóc dài màu đen, mặc váy dài màu trắng, đi xăng đan màu trắng, trước váy có hình màu đen.",/Users/phamtunglam/Documents/Projects/mSigLIP/code/artifacts/deployment/qnn_inputs/vn3k_text_calib_500/raw/00415_pid655_00656_00008240_input_ids.raw,/Users/phamtunglam/Documents/Projects/mSigLIP/code/artifacts/deployment/qnn_inputs/vn3k_text_calib_500/raw/00415_pid655_00656_00008240_attention_mask.raw,46
416,1709,train,DHHN_HVBCVT_00/01710_00008445.jpg,"cô gái tóc dài màu đen, áo khoác có mũ màu trắng, quần dài màu trắng, đi giày màu trắng.",/Users/phamtunglam/Documents/Projects/mSigLIP/code/artifacts/deployment/qnn_inputs/vn3k_text_calib_500/raw/00416_pid1709_01710_00008445_input_ids.raw,/Users/phamtunglam/Documents/Projects/mSigLIP/code/artifacts/deployment/qnn_inputs/vn3k_text_calib_500/raw/00416_pid1709_01710_00008445_attention_mask.raw,39
417,235,train,HoGuom_00/00236_00007595.jpg,"nam thanh niên mặc áo trắng ngắn tay, quần ngố bò màu xanh, đi giày trắng.",/Users/phamtunglam/Documents/Projects/mSigLIP/code/artifacts/deployment/qnn_inputs/vn3k_text_calib_500/raw/00417_pid235_00236_00007595_input_ids.raw,/Users/phamtunglam/Documents/Projects/mSigLIP/code/artifacts/deployment/qnn_inputs/vn3k_text_calib_500/raw/00417_pid235_00236_00007595_attention_mask.raw,32
418,1574,train,DHHN_HVBCVT_00/01575_00006780.jpg,"cô gái đeo kính, đeo khẩu trang xanh, mặc áo khoác trắng, quần bò màu xanh, đi giày thể thao trắng, lưng đeo ba lô.",/Users/phamtunglam/Documents/Projects/mSigLIP/code/artifacts/deployment/qnn_inputs/vn3k_text_calib_500/raw/00418_pid1574_01575_00006780_input_ids.raw,/Users/phamtunglam/Documents/Projects/mSigLIP/code/artifacts/deployment/qnn_inputs/vn3k_text_calib_500/raw/00418_pid1574_01575_00006780_attention_mask.raw,53
419,571,train,HoGuom_00/00572_00005545.jpg,"người đàn ông tóc ngắn màu đen, mặc áo phông ngắn tay, có cổ, màu đen, quần dài màu đen, đi giày thể thao màu đen.",/Users/phamtunglam/Documents/Projects/mSigLIP/code/artifacts/deployment/qnn_inputs/vn3k_text_calib_500/raw/00419_pid571_00572_00005545_input_ids.raw,/Users/phamtunglam/Documents/Projects/mSigLIP/code/artifacts/deployment/qnn_inputs/vn3k_text_calib_500/raw/00419_pid571_00572_00005545_attention_mask.raw,51
420,1414,train,HoGuom_01/01415_1.jpg,"Một người đàn ông có mái tóc màu đen, mặc áo phông màu trắng, mặc quần short màu đen.",/Users/phamtunglam/Documents/Projects/mSigLIP/code/artifacts/deployment/qnn_inputs/vn3k_text_calib_500/raw/00420_pid1414_01415_1_input_ids.raw,/Users/phamtunglam/Documents/Projects/mSigLIP/code/artifacts/deployment/qnn_inputs/vn3k_text_calib_500/raw/00420_pid1414_01415_1_attention_mask.raw,39
421,418,train,HoGuom_00/00419_00014375.jpg,"thanh niên mặc áo dài tay màu trắng sọc, đi dép tông, quần màu tối.",/Users/phamtunglam/Documents/Projects/mSigLIP/code/artifacts/deployment/qnn_inputs/vn3k_text_calib_500/raw/00421_pid418_00419_00014375_input_ids.raw,/Users/phamtunglam/Documents/Projects/mSigLIP/code/artifacts/deployment/qnn_inputs/vn3k_text_calib_500/raw/00421_pid418_00419_00014375_attention_mask.raw,33
422,863,train,HoGuom_01/00864_00086485.jpg,"nữ tóc dài màu hạt dẻ để xõa, mặc áo trắng dài tay, đeo túi bên vai phải màu đen, mặc chân váy ngắn trên gối kẻ ca rô màu rêu, đi giầy thể thao màu trắng.",/Users/phamtunglam/Documents/Projects/mSigLIP/code/artifacts/deployment/qnn_inputs/vn3k_text_calib_500/raw/00422_pid863_00864_00086485_input_ids.raw,/Users/phamtunglam/Documents/Projects/mSigLIP/code/artifacts/deployment/qnn_inputs/vn3k_text_calib_500/raw/00422_pid863_00864_00086485_attention_mask.raw,64
423,1227,train,HoGuom_01/01228_00003945.jpg,"Một cô gái tóc màu đen, mặc áo dài tay màu trắng đục, mặc quần dài màu đen, đi giày màu đen, đeo khẩu trang màu xanh nước biển, đeo túi màu đen.",/Users/phamtunglam/Documents/Projects/mSigLIP/code/artifacts/deployment/qnn_inputs/vn3k_text_calib_500/raw/00423_pid1227_01228_00003945_input_ids.raw,/Users/phamtunglam/Documents/Projects/mSigLIP/code/artifacts/deployment/qnn_inputs/vn3k_text_calib_500/raw/00423_pid1227_01228_00003945_attention_mask.raw,64
424,679,train,HoGuom_00/00680_00009270.jpg,"cô gái tóc ngắn màu nâu, mặc váy dài màu đen, váy ngắn tay, có in hình trước ngực màu trắng, đeo túi xách màu xanh ngọc, đi giày bệt màu trắng.",/Users/phamtunglam/Documents/Projects/mSigLIP/code/artifacts/deployment/qnn_inputs/vn3k_text_calib_500/raw/00424_pid679_00680_00009270_input_ids.raw,/Users/phamtunglam/Documents/Projects/mSigLIP/code/artifacts/deployment/qnn_inputs/vn3k_text_calib_500/raw/00424_pid679_00680_00009270_attention_mask.raw,63
425,1368,train,HoGuom_01/01369_00006135.jpg,"Một người đàn ông tóc màu đen, mặc áo màu tím, mặc quần màu xanh và đi giày.",/Users/phamtunglam/Documents/Projects/mSigLIP/code/artifacts/deployment/qnn_inputs/vn3k_text_calib_500/raw/00425_pid1368_01369_00006135_input_ids.raw,/Users/phamtunglam/Documents/Projects/mSigLIP/code/artifacts/deployment/qnn_inputs/vn3k_text_calib_500/raw/00425_pid1368_01369_00006135_attention_mask.raw,37
426,1815,train,DHHN_HVBCVT_00/01816_00013875.jpg,"nam thanh niên mặc áo nỉ có mũ màu ghi, có họa tiết màu vàng trước ngực áo, quần dài màu đen, đi sục màu trắng pha xanh, đeo kính cận, đeo khẩu trang màu xám.",/Users/phamtunglam/Documents/Projects/mSigLIP/code/artifacts/deployment/qnn_inputs/vn3k_text_calib_500/raw/00426_pid1815_01816_00013875_input_ids.raw,/Users/phamtunglam/Documents/Projects/mSigLIP/code/artifacts/deployment/qnn_inputs/vn3k_text_calib_500/raw/00426_pid1815_01816_00013875_attention_mask.raw,64
427,369,train,HoGuom_00/00370_00012740.jpg,"nữ thanh niên tóc đen dài qua vai, mặc áo sơ mi đỏ sọc trắng.",/Users/phamtunglam/Documents/Projects/mSigLIP/code/artifacts/deployment/qnn_inputs/vn3k_text_calib_500/raw/00427_pid369_00370_00012740_input_ids.raw,/Users/phamtunglam/Documents/Projects/mSigLIP/code/artifacts/deployment/qnn_inputs/vn3k_text_calib_500/raw/00427_pid369_00370_00012740_attention_mask.raw,33
428,680,train,HoGuom_00/00681_00009010.jpg,"Bé trai tóc ngắn màu đen, mặc áo phông ngắn tay màu đỏ, quần dài màu xanh lá cây, đi dép màu đen.",/Users/phamtunglam/Documents/Projects/mSigLIP/code/artifacts/deployment/qnn_inputs/vn3k_text_calib_500/raw/00428_pid680_00681_00009010_input_ids.raw,/Users/phamtunglam/Documents/Projects/mSigLIP/code/artifacts/deployment/qnn_inputs/vn3k_text_calib_500/raw/00428_pid680_00681_00009010_attention_mask.raw,43
429,162,train,HoGuom_00/00163_00004025.jpg,"nữ mặc quần đùi màu đen, áo vàng không cổ, chân đi tông vàng.",/Users/phamtunglam/Documents/Projects/mSigLIP/code/artifacts/deployment/qnn_inputs/vn3k_text_calib_500/raw/00429_pid162_00163_00004025_input_ids.raw,/Users/phamtunglam/Documents/Projects/mSigLIP/code/artifacts/deployment/qnn_inputs/vn3k_text_calib_500/raw/00429_pid162_00163_00004025_attention_mask.raw,31
430,1706,train,DHHN_HVBCVT_00/01707_00007635.jpg,"nữ, tóc ngắn màu nâu, áo trong có mũ màu xanh nhạt, áo khoác ngoài màu tím, quần dài màu đen, tất màu đen, dép màu vàng.",/Users/phamtunglam/Documents/Projects/mSigLIP/code/artifacts/deployment/qnn_inputs/vn3k_text_calib_500/raw/00430_pid1706_01707_00007635_input_ids.raw,/Users/phamtunglam/Documents/Projects/mSigLIP/code/artifacts/deployment/qnn_inputs/vn3k_text_calib_500/raw/00430_pid1706_01707_00007635_attention_mask.raw,58
431,776,train,HoGuom_01/00777_00000975.jpg,"nam thanh niên tóc ngắn màu đen, khẩu trang màu xanh nhạt, áo jean dài tay màu xanh nước biển, quần dài jean màu xanh nước biển, giày thể thao màu trắng có kẻ màu xanh nước biển.",/Users/phamtunglam/Documents/Projects/mSigLIP/code/artifacts/deployment/qnn_inputs/vn3k_text_calib_500/raw/00431_pid776_00777_00000975_input_ids.raw,/Users/phamtunglam/Documents/Projects/mSigLIP/code/artifacts/deployment/qnn_inputs/vn3k_text_calib_500/raw/00431_pid776_00777_00000975_attention_mask.raw,64
432,1693,train,DHHN_HVBCVT_00/01694_00004260.jpg,"cô gái tóc dài màu đen, nhuộm tóc mái màu hồng, áo khoác màu đen, quần dài màu đen, đi giày thể thao màu hồng.",/Users/phamtunglam/Documents/Projects/mSigLIP/code/artifacts/deployment/qnn_inputs/vn3k_text_calib_500/raw/00432_pid1693_01694_00004260_input_ids.raw,/Users/phamtunglam/Documents/Projects/mSigLIP/code/artifacts/deployment/qnn_inputs/vn3k_text_calib_500/raw/00432_pid1693_01694_00004260_attention_mask.raw,52
433,1979,train,DHGTVT_00/01980_00030130.jpg,"nam đội mũ lưỡi trai, mặc áo kẻ ca rô trắng đen, mặc quần dài màu xám, đeo ba lô sau lưng quai màu đen, đi giầy thể thao tối màu, đeo kính cận.",/Users/phamtunglam/Documents/Projects/mSigLIP/code/artifacts/deployment/qnn_inputs/vn3k_text_calib_500/raw/00433_pid1979_01980_00030130_input_ids.raw,/Users/phamtunglam/Documents/Projects/mSigLIP/code/artifacts/deployment/qnn_inputs/vn3k_text_calib_500/raw/00433_pid1979_01980_00030130_attention_mask.raw,64
434,1958,train,DHGTVT_00/01959_00017950.jpg,"nam đội mũ lưỡi trai màu đen, mặc áo phông cộc tay cổ tròn màu trắng trước ngực có hình họa tiết màu đen, đeo ba lô sau lưng quai màu đen, mặc quần dài màu xám, đi giầy màu trắng.",/Users/phamtunglam/Documents/Projects/mSigLIP/code/artifacts/deployment/qnn_inputs/vn3k_text_calib_500/raw/00434_pid1958_01959_00017950_input_ids.raw,/Users/phamtunglam/Documents/Projects/mSigLIP/code/artifacts/deployment/qnn_inputs/vn3k_text_calib_500/raw/00434_pid1958_01959_00017950_attention_mask.raw,64
435,68,train,TRAINNING_DATA/Person69/output_2.jpg,"Một nam thanh niên mặc áo phông trắng ngắn tay, chiếc quần dài màu đen, xắn gấu, chân đi đôi dép màu trắng có các sọc màu đen.",/Users/phamtunglam/Documents/Projects/mSigLIP/code/artifacts/deployment/qnn_inputs/vn3k_text_calib_500/raw/00435_pid68_output_2_input_ids.raw,/Users/phamtunglam/Documents/Projects/mSigLIP/code/artifacts/deployment/qnn_inputs/vn3k_text_calib_500/raw/00435_pid68_output_2_attention_mask.raw,59
436,573,train,HoGuom_00/00574_00005340.jpg,"người phụ nữ tóc màu đen, đeo kính, mặc áo phông ngắn tay có cổ màu trắng, mặc quần dài màu đen, đi giày đen.",/Users/phamtunglam/Documents/Projects/mSigLIP/code/artifacts/deployment/qnn_inputs/vn3k_text_calib_500/raw/00436_pid573_00574_00005340_input_ids.raw,/Users/phamtunglam/Documents/Projects/mSigLIP/code/artifacts/deployment/qnn_inputs/vn3k_text_calib_500/raw/00436_pid573_00574_00005340_attention_mask.raw,52
437,1475,train,HoGuom_01/01476_2.jpg,"Một nam thanh niên mặc áo màu đen không cổ, đeo túi vải màu trắng, mặc quần bò màu xanh, đi giầy màu đen.",/Users/phamtunglam/Documents/Projects/mSigLIP/code/artifacts/deployment/qnn_inputs/vn3k_text_calib_500/raw/00437_pid1475_01476_2_input_ids.raw,/Users/phamtunglam/Documents/Projects/mSigLIP/code/artifacts/deployment/qnn_inputs/vn3k_text_calib_500/raw/00437_pid1475_01476_2_attention_mask.raw,51
438,1804,train,DHHN_HVBCVT_00/01805_00003795.jpg,"nam thanh niên mặc áo khoác gió có mũ màu xám,, đeo cặp màu đen, mặc quần dài màu ghi đậm, đi giầy cổ cao màu đen.",/Users/phamtunglam/Documents/Projects/mSigLIP/code/artifacts/deployment/qnn_inputs/vn3k_text_calib_500/raw/00438_pid1804_01805_00003795_input_ids.raw,/Users/phamtunglam/Documents/Projects/mSigLIP/code/artifacts/deployment/qnn_inputs/vn3k_text_calib_500/raw/00438_pid1804_01805_00003795_attention_mask.raw,58
439,1199,train,HoGuom_01/01200_00003330.jpg,"Một người phụ nữ tóc màu đen, búi tóc, mặc áo phông màu nâu, mặc quần short ngắn màu đen, đi dép màu đen.",/Users/phamtunglam/Documents/Projects/mSigLIP/code/artifacts/deployment/qnn_inputs/vn3k_text_calib_500/raw/00439_pid1199_01200_00003330_input_ids.raw,/Users/phamtunglam/Documents/Projects/mSigLIP/code/artifacts/deployment/qnn_inputs/vn3k_text_calib_500/raw/00439_pid1199_01200_00003330_attention_mask.raw,50
440,741,train,HoGuom_00/00742_00012870.jpg,"cô gái tóc ngắn màu đen, mặc áo ngắn tay màu hồng, khoác ba lô quai màu đen, quần sooc màu hồng, đi dép màu nâu.",/Users/phamtunglam/Documents/Projects/mSigLIP/code/artifacts/deployment/qnn_inputs/vn3k_text_calib_500/raw/00440_pid741_00742_00012870_input_ids.raw,/Users/phamtunglam/Documents/Projects/mSigLIP/code/artifacts/deployment/qnn_inputs/vn3k_text_calib_500/raw/00440_pid741_00742_00012870_attention_mask.raw,51
441,1628,train,DHHN_HVBCVT_00/01629_00029325.jpg,"nam thanh niên tóc ngắn màu đen, khẩu trang màu trắng, mặc áo khoác màu đen, quai ba lô màu đen, quần dài màu xám, đi giày màu trắng.",/Users/phamtunglam/Documents/Projects/mSigLIP/code/artifacts/deployment/qnn_inputs/vn3k_text_calib_500/raw/00441_pid1628_01629_00029325_input_ids.raw,/Users/phamtunglam/Documents/Projects/mSigLIP/code/artifacts/deployment/qnn_inputs/vn3k_text_calib_500/raw/00441_pid1628_01629_00029325_attention_mask.raw,59
442,616,train,HoGuom_00/00617_00006995.jpg,"người phụ nữ tóc màu đen búi cao, mặc váy màu nâu và xám, đi giày bệt màu vàng be.",/Users/phamtunglam/Documents/Projects/mSigLIP/code/artifacts/deployment/qnn_inputs/vn3k_text_calib_500/raw/00442_pid616_00617_00006995_input_ids.raw,/Users/phamtunglam/Documents/Projects/mSigLIP/code/artifacts/deployment/qnn_inputs/vn3k_text_calib_500/raw/00442_pid616_00617_00006995_attention_mask.raw,41
443,48,train,TRAINNING_DATA/Person49/output_6.jpg,"Một cô giá trẻ, tóc để xõa ngang vai, chân đi đôi giày màu đen, mặc chiếc áo phông cộc tay màu vàng nhạt và chiếc quần dài màu đen.",/Users/phamtunglam/Documents/Projects/mSigLIP/code/artifacts/deployment/qnn_inputs/vn3k_text_calib_500/raw/00443_pid48_output_6_input_ids.raw,/Users/phamtunglam/Documents/Projects/mSigLIP/code/artifacts/deployment/qnn_inputs/vn3k_text_calib_500/raw/00443_pid48_output_6_attention_mask.raw,64
444,561,train,HoGuom_00/00562_00004855.jpg,"cô gái tóc dài màu đen, buộc tóc sau gáy, mặc áo sát nách màu trắng, đeo ba lô màu đen trước ngực, mặc chân váy màu xanh đen, đi giày màu trắng.",/Users/phamtunglam/Documents/Projects/mSigLIP/code/artifacts/deployment/qnn_inputs/vn3k_text_calib_500/raw/00444_pid561_00562_00004855_input_ids.raw,/Users/phamtunglam/Documents/Projects/mSigLIP/code/artifacts/deployment/qnn_inputs/vn3k_text_calib_500/raw/00444_pid561_00562_00004855_attention_mask.raw,64
445,40,train,TEST_DATA/Person41.2/output_2.jpg,"Một thanh niên nam mặc bộ quần áo thể thao màu xanh nước biển, phần vai và tay áo pha màu trắng, tóc đen cắt ngắn, đi giày thể thao màu đen.",/Users/phamtunglam/Documents/Projects/mSigLIP/code/artifacts/deployment/qnn_inputs/vn3k_text_calib_500/raw/00445_pid40_output_2_input_ids.raw,/Users/phamtunglam/Documents/Projects/mSigLIP/code/artifacts/deployment/qnn_inputs/vn3k_text_calib_500/raw/00445_pid40_output_2_attention_mask.raw,63
446,1568,train,DHHN_HVBCVT_00/01569_00002115.jpg,"nam đeo kính, mặc áo khoác có mũ trùm đầu màu đen, đeo ba lô sau lưng màu đen, mặc quần dài màu đen, đi giầy thể thao màu trắng.",/Users/phamtunglam/Documents/Projects/mSigLIP/code/artifacts/deployment/qnn_inputs/vn3k_text_calib_500/raw/00446_pid1568_01569_00002115_input_ids.raw,/Users/phamtunglam/Documents/Projects/mSigLIP/code/artifacts/deployment/qnn_inputs/vn3k_text_calib_500/raw/00446_pid1568_01569_00002115_attention_mask.raw,63
447,138,train,HoGuom_00/00139_00002750.jpg,"thanh niên, chân đi tông, mặc áo xanh nõn chuối, quần ngố màu đen.",/Users/phamtunglam/Documents/Projects/mSigLIP/code/artifacts/deployment/qnn_inputs/vn3k_text_calib_500/raw/00447_pid138_00139_00002750_input_ids.raw,/Users/phamtunglam/Documents/Projects/mSigLIP/code/artifacts/deployment/qnn_inputs/vn3k_text_calib_500/raw/00447_pid138_00139_00002750_attention_mask.raw,31
448,1172,train,HoGuom_01/01173_00001770.jpg,"Một thanh niên tóc đen, mặc áo phông trắng, mặc quần dài màu đen, đi giày màu trắng, đeo túi có dây túi màu vàng.",/Users/phamtunglam/Documents/Projects/mSigLIP/code/artifacts/deployment/qnn_inputs/vn3k_text_calib_500/raw/00448_pid1172_01173_00001770_input_ids.raw,/Users/phamtunglam/Documents/Projects/mSigLIP/code/artifacts/deployment/qnn_inputs/vn3k_text_calib_500/raw/00448_pid1172_01173_00001770_attention_mask.raw,53
449,28,train,TEST_DATA/Person29.2/output_6.jpg,"Một nam tóc đen cắt ngắn mặc quần dài trùm mắt cá chân màu đen, mặc một chiếc áo phông màu xanh cộc tay có cổ, đi giày thể thao màu trắng.",/Users/phamtunglam/Documents/Projects/mSigLIP/code/artifacts/deployment/qnn_inputs/vn3k_text_calib_500/raw/00449_pid28_output_6_input_ids.raw,/Users/phamtunglam/Documents/Projects/mSigLIP/code/artifacts/deployment/qnn_inputs/vn3k_text_calib_500/raw/00449_pid28_output_6_attention_mask.raw,64
450,171,train,HoGuom_00/00172_00004255.jpg,"nữ mặc quần bò màu xanh, áo phông trắng, chân đi dép.",/Users/phamtunglam/Documents/Projects/mSigLIP/code/artifacts/deployment/qnn_inputs/vn3k_text_calib_500/raw/00450_pid171_00172_00004255_input_ids.raw,/Users/phamtunglam/Documents/Projects/mSigLIP/code/artifacts/deployment/qnn_inputs/vn3k_text_calib_500/raw/00450_pid171_00172_00004255_attention_mask.raw,26
451,1001,train,HoGuom_01/01002_00000810.jpg,"Bé trai cắt tóc một phần, mặc áo phông tay lỡ màu xanh rêu nhạt thân áo màu trắng trước ngực có hàng chữ màu đỏ và hàng chữ màu đen, phía dưới áo có hình đàn chó đốm trắng đen, mặc quần dài màu xanh rêu nhạt, tay phải ngón trỏ giơ chỉ thiên, đi giầy thể thao màu trắng, chân trái co gối chân hướng phía sau.",/Users/phamtunglam/Documents/Projects/mSigLIP/code/artifacts/deployment/qnn_inputs/vn3k_text_calib_500/raw/00451_pid1001_01002_00000810_input_ids.raw,/Users/phamtunglam/Documents/Projects/mSigLIP/code/artifacts/deployment/qnn_inputs/vn3k_text_calib_500/raw/00451_pid1001_01002_00000810_attention_mask.raw,64
452,1702,train,DHHN_HVBCVT_00/01703_00007845.jpg,"cô gái tóc dài màu đen, áo dài tay màu đen, quần dài màu đen, đeo túi màu đen, đi giày màu trắng.",/Users/phamtunglam/Documents/Projects/mSigLIP/code/artifacts/deployment/qnn_inputs/vn3k_text_calib_500/raw/00452_pid1702_01703_00007845_input_ids.raw,/Users/phamtunglam/Documents/Projects/mSigLIP/code/artifacts/deployment/qnn_inputs/vn3k_text_calib_500/raw/00452_pid1702_01703_00007845_attention_mask.raw,46
453,31,train,TEST_DATA/Person32.2/output_9.jpg,"Một nam thanh niên mặc bộ đồ thể thao áo màu trắng có pha xanh ở cánh tay, quần màu đen, đi giày thể thao màu đen, tất màu trắng.",/Users/phamtunglam/Documents/Projects/mSigLIP/code/artifacts/deployment/qnn_inputs/vn3k_text_calib_500/raw/00453_pid31_output_9_input_ids.raw,/Users/phamtunglam/Documents/Projects/mSigLIP/code/artifacts/deployment/qnn_inputs/vn3k_text_calib_500/raw/00453_pid31_output_9_attention_mask.raw,58
454,1830,train,DHHN_HVBCVT_00/01831_00028380.jpg,"cô gái đeo kính gọng đen, đeo khẩu trang màu xám, mặc áo khoác màu đen, quần dài rộng ống màu đen, đi giày thể thao trắng pha đen, đeo ba lô đen.",/Users/phamtunglam/Documents/Projects/mSigLIP/code/artifacts/deployment/qnn_inputs/vn3k_text_calib_500/raw/00454_pid1830_01831_00028380_input_ids.raw,/Users/phamtunglam/Documents/Projects/mSigLIP/code/artifacts/deployment/qnn_inputs/vn3k_text_calib_500/raw/00454_pid1830_01831_00028380_attention_mask.raw,64
455,1976,train,DHGTVT_00/01977_00028710.jpg,"nam tóc ngắn, mặc áo phông cộc tay cổ tròn màu xanh tím than, tay trái cầm tờ giấy, tay phải cầm tờ giấy, mặc quần bò mài màu xám, đi giầy thể thao màu xám.",/Users/phamtunglam/Documents/Projects/mSigLIP/code/artifacts/deployment/qnn_inputs/vn3k_text_calib_500/raw/00455_pid1976_01977_00028710_input_ids.raw,/Users/phamtunglam/Documents/Projects/mSigLIP/code/artifacts/deployment/qnn_inputs/vn3k_text_calib_500/raw/00455_pid1976_01977_00028710_attention_mask.raw,64
456,1660,train,DHHN_HVBCVT_00/01661_00045015.jpg,"nam, tóc ngắn màu đen, áo dài tay màu xanh đen, ngực áo có in hình màu trắng, quần dài màu đen, dép màu đen.",/Users/phamtunglam/Documents/Projects/mSigLIP/code/artifacts/deployment/qnn_inputs/vn3k_text_calib_500/raw/00456_pid1660_01661_00045015_input_ids.raw,/Users/phamtunglam/Documents/Projects/mSigLIP/code/artifacts/deployment/qnn_inputs/vn3k_text_calib_500/raw/00456_pid1660_01661_00045015_attention_mask.raw,48
457,1378,train,HoGuom_01/01379_00007680.jpg,"Một người đàn ông có mái tóc màu đen, mặc áo phông màu trắng, đeo túi màu đen, mặc quần màu đen, đi giày thể thao màu đen đang đi bộ.",/Users/phamtunglam/Documents/Projects/mSigLIP/code/artifacts/deployment/qnn_inputs/vn3k_text_calib_500/raw/00457_pid1378_01379_00007680_input_ids.raw,/Users/phamtunglam/Documents/Projects/mSigLIP/code/artifacts/deployment/qnn_inputs/vn3k_text_calib_500/raw/00457_pid1378_01379_00007680_attention_mask.raw,63
458,1626,train,DHHN_HVBCVT_00/01627_00029325.jpg,"cô gái tóc ngắn màu đen, đeo khẩu trang đen, áo khoác màu đen xám, có kẻ sọc màu đỏ ở tay áo, quần dài màu trắng, đi giày thể thao màu xám.",/Users/phamtunglam/Documents/Projects/mSigLIP/code/artifacts/deployment/qnn_inputs/vn3k_text_calib_500/raw/00458_pid1626_01627_00029325_input_ids.raw,/Users/phamtunglam/Documents/Projects/mSigLIP/code/artifacts/deployment/qnn_inputs/vn3k_text_calib_500/raw/00458_pid1626_01627_00029325_attention_mask.raw,64
459,485,train,HoGuom_00/00486_00017290.jpg,"người phụ nữ đeo kính tóc ngắn ngang vai màu hạt dẻ, tóc uốn xoăn, mặc váy màu đen, tay có kẻ trắng, trước ngực có hình vẽ màu trắng.",/Users/phamtunglam/Documents/Projects/mSigLIP/code/artifacts/deployment/qnn_inputs/vn3k_text_calib_500/raw/00459_pid485_00486_00017290_input_ids.raw,/Users/phamtunglam/Documents/Projects/mSigLIP/code/artifacts/deployment/qnn_inputs/vn3k_text_calib_500/raw/00459_pid485_00486_00017290_attention_mask.raw,59
460,1265,train,HoGuom_01/01266_00005130.jpg,"Một người phụ nữ có tóc màu nâu, mặc váy tím, đi dép màu đen.",/Users/phamtunglam/Documents/Projects/mSigLIP/code/artifacts/deployment/qnn_inputs/vn3k_text_calib_500/raw/00460_pid1265_01266_00005130_input_ids.raw,/Users/phamtunglam/Documents/Projects/mSigLIP/code/artifacts/deployment/qnn_inputs/vn3k_text_calib_500/raw/00460_pid1265_01266_00005130_attention_mask.raw,29
461,848,train,HoGuom_01/00849_00009855.jpg,"nữ, tóc búi sau gáy màu hạt dẻ, mặc áo ngắn tay và quần dài ống rộng họa tiết nhiều màu, đi dép lê, dây túi vắt chéo lưng.",/Users/phamtunglam/Documents/Projects/mSigLIP/code/artifacts/deployment/qnn_inputs/vn3k_text_calib_500/raw/00461_pid848_00849_00009855_input_ids.raw,/Users/phamtunglam/Documents/Projects/mSigLIP/code/artifacts/deployment/qnn_inputs/vn3k_text_calib_500/raw/00461_pid848_00849_00009855_attention_mask.raw,61
462,507,train,HoGuom_00/00508_00001065.jpg,"người phụ nữ tóc ngắn màu đen, mặc áo phông ngắn tay màu hồng, quần dài màu đen, giày bệt màu đen.",/Users/phamtunglam/Documents/Projects/mSigLIP/code/artifacts/deployment/qnn_inputs/vn3k_text_calib_500/raw/00462_pid507_00508_00001065_input_ids.raw,/Users/phamtunglam/Documents/Projects/mSigLIP/code/artifacts/deployment/qnn_inputs/vn3k_text_calib_500/raw/00462_pid507_00508_00001065_attention_mask.raw,46
463,547,train,HoGuom_00/00548_00004025.jpg,"Bé gái tóc ngắn màu đen, mặc váy hoa màu hồng, đi xăng đan màu vàng.",/Users/phamtunglam/Documents/Projects/mSigLIP/code/artifacts/deployment/qnn_inputs/vn3k_text_calib_500/raw/00463_pid547_00548_00004025_input_ids.raw,/Users/phamtunglam/Documents/Projects/mSigLIP/code/artifacts/deployment/qnn_inputs/vn3k_text_calib_500/raw/00463_pid547_00548_00004025_attention_mask.raw,32
464,1148,train,HoGuom_01/01149_00000150.jpg,"Một cô gái tóc màu đen để xõa dài ngang lưng, mặc áo phông rộng màu trắng, quần thể thao màu đen, đeo ba lô.",/Users/phamtunglam/Documents/Projects/mSigLIP/code/artifacts/deployment/qnn_inputs/vn3k_text_calib_500/raw/00464_pid1148_01149_00000150_input_ids.raw,/Users/phamtunglam/Documents/Projects/mSigLIP/code/artifacts/deployment/qnn_inputs/vn3k_text_calib_500/raw/00464_pid1148_01149_00000150_attention_mask.raw,54
465,886,train,HoGuom_01/00887_00013890.jpg,"nữ tóc màu hạt dẻ buộc phía sau, mái bằng, mặc áo phông cộc tay cổ tròn màu đen, tay phải đeo túi bóng màu trắng, tay phải cầm lọ màu đen, mặc quần sooc bò màu xanh, đi giầy màu trắng.",/Users/phamtunglam/Documents/Projects/mSigLIP/code/artifacts/deployment/qnn_inputs/vn3k_text_calib_500/raw/00465_pid886_00887_00013890_input_ids.raw,/Users/phamtunglam/Documents/Projects/mSigLIP/code/artifacts/deployment/qnn_inputs/vn3k_text_calib_500/raw/00465_pid886_00887_00013890_attention_mask.raw,64
466,517,train,HoGuom_00/00518_00002185.jpg,"Bạn gái tóc dài buộc cao màu đen, mặc áo phông màu trắng ngắn tay, quần sooc màu xanh, đi giày màu đen.",/Users/phamtunglam/Documents/Projects/mSigLIP/code/artifacts/deployment/qnn_inputs/vn3k_text_calib_500/raw/00466_pid517_00518_00002185_input_ids.raw,/Users/phamtunglam/Documents/Projects/mSigLIP/code/artifacts/deployment/qnn_inputs/vn3k_text_calib_500/raw/00466_pid517_00518_00002185_attention_mask.raw,47
467,384,train,HoGuom_00/00385_00012915.jpg,"Bé trai tóc cắt ngắn, đi dép quai hậu, mặc áo phông không cổ màu vàng, quần ngố bò màu xanh.",/Users/phamtunglam/Documents/Projects/mSigLIP/code/artifacts/deployment/qnn_inputs/vn3k_text_calib_500/raw/00467_pid384_00385_00012915_input_ids.raw,/Users/phamtunglam/Documents/Projects/mSigLIP/code/artifacts/deployment/qnn_inputs/vn3k_text_calib_500/raw/00467_pid384_00385_00012915_attention_mask.raw,42
468,1194,train,HoGuom_01/01195_00002505.jpg,"Một người đàn ông đội mũ màu đen, mặc bộ quần áo bộ đội màu xanh lá cây, đi giày màu đen, đeo khẩu trang màu xanh, đeo balo màu đen, tay đeo đồng hồ, xách một chiếc túi màu xanh nước biển.",/Users/phamtunglam/Documents/Projects/mSigLIP/code/artifacts/deployment/qnn_inputs/vn3k_text_calib_500/raw/00468_pid1194_01195_00002505_input_ids.raw,/Users/phamtunglam/Documents/Projects/mSigLIP/code/artifacts/deployment/qnn_inputs/vn3k_text_calib_500/raw/00468_pid1194_01195_00002505_attention_mask.raw,64
469,191,train,HoGuom_00/00192_00004685.jpg,"nam mặc áo phông trắng không cổ, quần ngố màu đen, đi dép tông.",/Users/phamtunglam/Documents/Projects/mSigLIP/code/artifacts/deployment/qnn_inputs/vn3k_text_calib_500/raw/00469_pid191_00192_00004685_input_ids.raw,/Users/phamtunglam/Documents/Projects/mSigLIP/code/artifacts/deployment/qnn_inputs/vn3k_text_calib_500/raw/00469_pid191_00192_00004685_attention_mask.raw,28
470,1025,train,HoGuom_01/01026_00001710.jpg,"nữ cắt tóc tém màu đen, mặc áo phông dài quá mông dài tay màu đen, mặc quần dài màu ghi, tay phải cầm điện thoại tay trái cầm cốc nước, đi giầy thể thao màu đen dây giầy và đế giầy màu trắng.",/Users/phamtunglam/Documents/Projects/mSigLIP/code/artifacts/deployment/qnn_inputs/vn3k_text_calib_500/raw/00470_pid1025_01026_00001710_input_ids.raw,/Users/phamtunglam/Documents/Projects/mSigLIP/code/artifacts/deployment/qnn_inputs/vn3k_text_calib_500/raw/00470_pid1025_01026_00001710_attention_mask.raw,64
471,1712,train,DHHN_HVBCVT_00/01713_00009015.jpg,"cô gái mặc áo khoác có mũ màu đen, khăn quàng màu nâu, quần jean dài màu xanh đen, đi giày màu đen.",/Users/phamtunglam/Documents/Projects/mSigLIP/code/artifacts/deployment/qnn_inputs/vn3k_text_calib_500/raw/00471_pid1712_01713_00009015_input_ids.raw,/Users/phamtunglam/Documents/Projects/mSigLIP/code/artifacts/deployment/qnn_inputs/vn3k_text_calib_500/raw/00471_pid1712_01713_00009015_attention_mask.raw,47
472,1168,train,HoGuom_01/01169_00000930.jpg,"Một cô gái tóc màu đen, mặc áo phông màu trắng, mặc quần dài màu đen có sọc trắng, khoác túi màu đen sau lưng.",/Users/phamtunglam/Documents/Projects/mSigLIP/code/artifacts/deployment/qnn_inputs/vn3k_text_calib_500/raw/00472_pid1168_01169_00000930_input_ids.raw,/Users/phamtunglam/Documents/Projects/mSigLIP/code/artifacts/deployment/qnn_inputs/vn3k_text_calib_500/raw/00472_pid1168_01169_00000930_attention_mask.raw,52
473,175,train,HoGuom_00/00176_00004425.jpg,"nữ đi dép lê màu hồng, mặc áo phông trắng, váy bò màu tím.",/Users/phamtunglam/Documents/Projects/mSigLIP/code/artifacts/deployment/qnn_inputs/vn3k_text_calib_500/raw/00473_pid175_00176_00004425_input_ids.raw,/Users/phamtunglam/Documents/Projects/mSigLIP/code/artifacts/deployment/qnn_inputs/vn3k_text_calib_500/raw/00473_pid175_00176_00004425_attention_mask.raw,28
474,1978,train,DHGTVT_00/01979_00030220.jpg,"nam tóc ngắn màu đen, đi dép tông màu đen, mặc quần dài màu đen, mặc áo phông cộc tay cổ tròn màu đen, trước ngực áo có hình màu trắng, tay trái cầm một vật màu xanh nước biển.",/Users/phamtunglam/Documents/Projects/mSigLIP/code/artifacts/deployment/qnn_inputs/vn3k_text_calib_500/raw/00474_pid1978_01979_00030220_input_ids.raw,/Users/phamtunglam/Documents/Projects/mSigLIP/code/artifacts/deployment/qnn_inputs/vn3k_text_calib_500/raw/00474_pid1978_01979_00030220_attention_mask.raw,64
475,975,train,HoGuom_01/00976_00006105.jpg,"nữ tóc màu đen, mặc áo sơ mi màu trắng, mặc quần bò màu xanh dài xẻ gối, đeo túi chéo vai trước bụng, túi màu trắng đục, đi giầy thể thao màu trắng.",/Users/phamtunglam/Documents/Projects/mSigLIP/code/artifacts/deployment/qnn_inputs/vn3k_text_calib_500/raw/00475_pid975_00976_00006105_input_ids.raw,/Users/phamtunglam/Documents/Projects/mSigLIP/code/artifacts/deployment/qnn_inputs/vn3k_text_calib_500/raw/00475_pid975_00976_00006105_attention_mask.raw,64
476,77,train,HoGuom_00/00078_00000275.jpg,"cô gái mặc áo phông kẻ ngang sọc trắng đen ngắn tay, quần ngố màu đen dài trên mắt cá chân, tóc đen.",/Users/phamtunglam/Documents/Projects/mSigLIP/code/artifacts/deployment/qnn_inputs/vn3k_text_calib_500/raw/00476_pid77_00078_00000275_input_ids.raw,/Users/phamtunglam/Documents/Projects/mSigLIP/code/artifacts/deployment/qnn_inputs/vn3k_text_calib_500/raw/00476_pid77_00078_00000275_attention_mask.raw,47
477,1729,train,DHHN_HVBCVT_00/01730_00013470.jpg,"Một người phụ nữ mặc áo khoác bên ngoài màu trắng, đeo balo màu trắng hồng, đi giày màu đen.",/Users/phamtunglam/Documents/Projects/mSigLIP/code/artifacts/deployment/qnn_inputs/vn3k_text_calib_500/raw/00477_pid1729_01730_00013470_input_ids.raw,/Users/phamtunglam/Documents/Projects/mSigLIP/code/artifacts/deployment/qnn_inputs/vn3k_text_calib_500/raw/00477_pid1729_01730_00013470_attention_mask.raw,42
478,905,train,HoGuom_01/00906_00002415.jpg,"nam đầu cạo trọc, đeo kính, mặc áo phông màu đen cộc tay cổ tròn, trước ngực có hàng chữ màu trắng, dưới hàng chữ có hình chữ X màu vàng phía trên dưới chữ X có màu xanh lá, tay phải đeo đồng hồ, mặc quần sooc đến gối màu xám, đi giầy thể thao màu đen.",/Users/phamtunglam/Documents/Projects/mSigLIP/code/artifacts/deployment/qnn_inputs/vn3k_text_calib_500/raw/00478_pid905_00906_00002415_input_ids.raw,/Users/phamtunglam/Documents/Projects/mSigLIP/code/artifacts/deployment/qnn_inputs/vn3k_text_calib_500/raw/00478_pid905_00906_00002415_attention_mask.raw,64
479,752,train,HoGuom_00/00753_00012505.jpg,"người đàn ông tóc ngắn màu đen, mặc áo ba lỗ màu trắng, quần dài jean màu xanh, đi giày màu trắng.",/Users/phamtunglam/Documents/Projects/mSigLIP/code/artifacts/deployment/qnn_inputs/vn3k_text_calib_500/raw/00479_pid752_00753_00012505_input_ids.raw,/Users/phamtunglam/Documents/Projects/mSigLIP/code/artifacts/deployment/qnn_inputs/vn3k_text_calib_500/raw/00479_pid752_00753_00012505_attention_mask.raw,45
480,1466,train,HoGuom_01/01467_1.jpg,"Một cô gái đeo kính cận, mặc áo phông rộng cổ tròn màu đen, mặc quần ống rộng màu trắng, đi giầy màu xám.",/Users/phamtunglam/Documents/Projects/mSigLIP/code/artifacts/deployment/qnn_inputs/vn3k_text_calib_500/raw/00480_pid1466_01467_1_input_ids.raw,/Users/phamtunglam/Documents/Projects/mSigLIP/code/artifacts/deployment/qnn_inputs/vn3k_text_calib_500/raw/00480_pid1466_01467_1_attention_mask.raw,55
481,634,train,HoGuom_00/00635_00007575.jpg,"Cậu bé tóc ngắn màu đen, đeo kính màu đen, mặc áo phông ngắn tay có cổ màu xanh lá cây đậm, trước ngực áo có hình màu trắng, mặc quần lửng jean màu xanh nước biển, đi dép màu đen.",/Users/phamtunglam/Documents/Projects/mSigLIP/code/artifacts/deployment/qnn_inputs/vn3k_text_calib_500/raw/00481_pid634_00635_00007575_input_ids.raw,/Users/phamtunglam/Documents/Projects/mSigLIP/code/artifacts/deployment/qnn_inputs/vn3k_text_calib_500/raw/00481_pid634_00635_00007575_attention_mask.raw,64
482,1469,train,HoGuom_01/01470_1.jpg,"Một người đàn ông mặc áo không cổ tròn màu đen, mặc quần đùi màu ghi, đi dép lê màu đen.",/Users/phamtunglam/Documents/Projects/mSigLIP/code/artifacts/deployment/qnn_inputs/vn3k_text_calib_500/raw/00482_pid1469_01470_1_input_ids.raw,/Users/phamtunglam/Documents/Projects/mSigLIP/code/artifacts/deployment/qnn_inputs/vn3k_text_calib_500/raw/00482_pid1469_01470_1_attention_mask.raw,40
483,1692,train,DHHN_HVBCVT_00/01693_00004170.jpg,"nam thanh niên tóc ngắn màu nâu, áo khoác màu đen, áo trong có cổ màu tím, quần dài màu đen, đi giày màu đen.",/Users/phamtunglam/Documents/Projects/mSigLIP/code/artifacts/deployment/qnn_inputs/vn3k_text_calib_500/raw/00483_pid1692_01693_00004170_input_ids.raw,/Users/phamtunglam/Documents/Projects/mSigLIP/code/artifacts/deployment/qnn_inputs/vn3k_text_calib_500/raw/00483_pid1692_01693_00004170_attention_mask.raw,50
484,758,train,HoGuom_00/00759_00012831.jpg,"người phụ nữ tóc ngắn màu đen, mặc áo phông ngắn tay màu trắng, tay trái đeo vòng màu đen, khoác túi chéo màu đen, quần sooc màu xanh, đi dép màu đen.",/Users/phamtunglam/Documents/Projects/mSigLIP/code/artifacts/deployment/qnn_inputs/vn3k_text_calib_500/raw/00484_pid758_00759_00012831_input_ids.raw,/Users/phamtunglam/Documents/Projects/mSigLIP/code/artifacts/deployment/qnn_inputs/vn3k_text_calib_500/raw/00484_pid758_00759_00012831_attention_mask.raw,64
485,1434,train,HoGuom_01/01435_1.jpg,"Một cô gái tóc dài chớm vai màu nâu đậm, mặc áo tay lỡ màu đen, mặc quần ống suông màu đỏ đậm, đi giầy màu trắng.",/Users/phamtunglam/Documents/Projects/mSigLIP/code/artifacts/deployment/qnn_inputs/vn3k_text_calib_500/raw/00485_pid1434_01435_1_input_ids.raw,/Users/phamtunglam/Documents/Projects/mSigLIP/code/artifacts/deployment/qnn_inputs/vn3k_text_calib_500/raw/00485_pid1434_01435_1_attention_mask.raw,60
486,1778,train,DHHN_HVBCVT_00/01779_00000615.jpg,"Một nam thanh niên có mái tóc màu đen, đeo kính màu đen, mặc áo khoác bên ngoài màu xám, mặc quần màu đen, đi giày màu xám.",/Users/phamtunglam/Documents/Projects/mSigLIP/code/artifacts/deployment/qnn_inputs/vn3k_text_calib_500/raw/00486_pid1778_01779_00000615_input_ids.raw,/Users/phamtunglam/Documents/Projects/mSigLIP/code/artifacts/deployment/qnn_inputs/vn3k_text_calib_500/raw/00486_pid1778_01779_00000615_attention_mask.raw,60
487,898,train,HoGuom_01/00899_00014730.jpg,"nữ tóc đen để xõa, mặc váy nền đen họa tiết trắng, váy ngắn, cổ khoét sâu cộc tay, đeo túi màu đen bên vai trái, hai tay co trước bụng, hai chân mở rộng, đi giầy bốt màu đen.",/Users/phamtunglam/Documents/Projects/mSigLIP/code/artifacts/deployment/qnn_inputs/vn3k_text_calib_500/raw/00487_pid898_00899_00014730_input_ids.raw,/Users/phamtunglam/Documents/Projects/mSigLIP/code/artifacts/deployment/qnn_inputs/vn3k_text_calib_500/raw/00487_pid898_00899_00014730_attention_mask.raw,64
488,679,train,HoGuom_00/00680_00009250.jpg,"người phụ nữ tóc ngắn màu đen, mặc váy ngắn tay màu đen có in hình màu trắng và chữ màu xám trước ngực, khoác túi xách màu xanh ngọc.",/Users/phamtunglam/Documents/Projects/mSigLIP/code/artifacts/deployment/qnn_inputs/vn3k_text_calib_500/raw/00488_pid679_00680_00009250_input_ids.raw,/Users/phamtunglam/Documents/Projects/mSigLIP/code/artifacts/deployment/qnn_inputs/vn3k_text_calib_500/raw/00488_pid679_00680_00009250_attention_mask.raw,60
489,1683,train,DHHN_HVBCVT_00/01684_00002745.jpg,"người đàn ông tóc ngắn màu đen, áo da màu nâu, quần jean dài màu xanh đậm, đi giày thể thao màu xám.",/Users/phamtunglam/Documents/Projects/mSigLIP/code/artifacts/deployment/qnn_inputs/vn3k_text_calib_500/raw/00489_pid1683_01684_00002745_input_ids.raw,/Users/phamtunglam/Documents/Projects/mSigLIP/code/artifacts/deployment/qnn_inputs/vn3k_text_calib_500/raw/00489_pid1683_01684_00002745_attention_mask.raw,48
490,208,train,HoGuom_00/00209_00005605.jpg,"nam đeo balo đi dép lê màu nâu, mặc quần ngố ghi, áo xanh nhạt.",/Users/phamtunglam/Documents/Projects/mSigLIP/code/artifacts/deployment/qnn_inputs/vn3k_text_calib_500/raw/00490_pid208_00209_00005605_input_ids.raw,/Users/phamtunglam/Documents/Projects/mSigLIP/code/artifacts/deployment/qnn_inputs/vn3k_text_calib_500/raw/00490_pid208_00209_00005605_attention_mask.raw,30
491,807,train,HoGuom_01/00808_00003120.jpg,"nam tóc ngắn, mặc áo phông cộc tay màu đen, khoanh tay trước ngực, mặc quần sooc màu vàng da, đang bước đi.",/Users/phamtunglam/Documents/Projects/mSigLIP/code/artifacts/deployment/qnn_inputs/vn3k_text_calib_500/raw/00491_pid807_00808_00003120_input_ids.raw,/Users/phamtunglam/Documents/Projects/mSigLIP/code/artifacts/deployment/qnn_inputs/vn3k_text_calib_500/raw/00491_pid807_00808_00003120_attention_mask.raw,45
492,431,train,HoGuom_00/00432_00014770.jpg,"người phụ nữ đội nón trắng, mặc bộ quần áo hoa màu xám, đi dép đen, khoác túi màu trắng.",/Users/phamtunglam/Documents/Projects/mSigLIP/code/artifacts/deployment/qnn_inputs/vn3k_text_calib_500/raw/00492_pid431_00432_00014770_input_ids.raw,/Users/phamtunglam/Documents/Projects/mSigLIP/code/artifacts/deployment/qnn_inputs/vn3k_text_calib_500/raw/00492_pid431_00432_00014770_attention_mask.raw,41
493,1711,train,DHHN_HVBCVT_00/01712_00008940.jpg,"cô gái tóc dài màu đen, áo khoác màu đen, tay cầm túi nilon màu trắng trong, quần dài màu xanh đen, đi giày màu đen.",/Users/phamtunglam/Documents/Projects/mSigLIP/code/artifacts/deployment/qnn_inputs/vn3k_text_calib_500/raw/00493_pid1711_01712_00008940_input_ids.raw,/Users/phamtunglam/Documents/Projects/mSigLIP/code/artifacts/deployment/qnn_inputs/vn3k_text_calib_500/raw/00493_pid1711_01712_00008940_attention_mask.raw,52
494,1150,train,HoGuom_01/01151_00000270.jpg,"nam thanh niên đeo khẩu trang đen, mặc áo phông màu đen không cổ, mặc quần thể thao đen có sọc trắng, đi giầy thể thao trắng, tay đeo đồng hồ, đang đi bộ trên phố.",/Users/phamtunglam/Documents/Projects/mSigLIP/code/artifacts/deployment/qnn_inputs/vn3k_text_calib_500/raw/00494_pid1150_01151_00000270_input_ids.raw,/Users/phamtunglam/Documents/Projects/mSigLIP/code/artifacts/deployment/qnn_inputs/vn3k_text_calib_500/raw/00494_pid1150_01151_00000270_attention_mask.raw,64
495,1235,train,HoGuom_01/01236_00003330.jpg,"Một cô gái tóc màu đen, mặc áo sơ mi màu xanh nước biển, mặc quần dài màu đen, đi giày thể thao màu trắng, đeo túi màu trắng, tay đang cầm điện thoại, đeo tai nghe màu trắng.",/Users/phamtunglam/Documents/Projects/mSigLIP/code/artifacts/deployment/qnn_inputs/vn3k_text_calib_500/raw/00495_pid1235_01236_00003330_input_ids.raw,/Users/phamtunglam/Documents/Projects/mSigLIP/code/artifacts/deployment/qnn_inputs/vn3k_text_calib_500/raw/00495_pid1235_01236_00003330_attention_mask.raw,64
496,1417,train,HoGuom_01/01418_1.jpg,"Một người đàn ông có mái tóc màu đen, mặc áo sơ mi màu ghi, mặc quần dài màu xanh tím than, đi giày màu ghi, tay đang đang cầm ví màu đen.",/Users/phamtunglam/Documents/Projects/mSigLIP/code/artifacts/deployment/qnn_inputs/vn3k_text_calib_500/raw/00496_pid1417_01418_1_input_ids.raw,/Users/phamtunglam/Documents/Projects/mSigLIP/code/artifacts/deployment/qnn_inputs/vn3k_text_calib_500/raw/00496_pid1417_01418_1_attention_mask.raw,62
497,813,train,HoGuom_01/00814_00003435.jpg,"nữ chụp nghiêng, tóc đen buộc lọn đuôi gà đằng sau, đeo kính gọng đen, áo phông màu đỏ cổ vệt trắng ngắn tay bỏ ngoài quần, tay trái đang co lên cầm một vật hướng về phía mặt, quần ống rộng dài quá đầu gối, đi giày thể thao màu trắng, đang bước chân trái lên trước, chân phải lui lại phía sau.",/Users/phamtunglam/Documents/Projects/mSigLIP/code/artifacts/deployment/qnn_inputs/vn3k_text_calib_500/raw/00497_pid813_00814_00003435_input_ids.raw,/Users/phamtunglam/Documents/Projects/mSigLIP/code/artifacts/deployment/qnn_inputs/vn3k_text_calib_500/raw/00497_pid813_00814_00003435_attention_mask.raw,64
498,277,train,HoGuom_00/00278_00008720.jpg,"nam mặc áo phông sọc kẻ ngang đen trắng, quần âu màu đen, đi giày thể thao trắng.",/Users/phamtunglam/Documents/Projects/mSigLIP/code/artifacts/deployment/qnn_inputs/vn3k_text_calib_500/raw/00498_pid277_00278_00008720_input_ids.raw,/Users/phamtunglam/Documents/Projects/mSigLIP/code/artifacts/deployment/qnn_inputs/vn3k_text_calib_500/raw/00498_pid277_00278_00008720_attention_mask.raw,37
499,1952,train,DHGTVT_00/01953_00012710.jpg,"nam đeo ba lô màu đen sau lưng, mặc quần dài màu đen, đi dép tông tối màu, mặc áo phông cổ tim cộc tay, có hai màu đỏ đen, hai sọc trắng, giữa ngực áo có hàng chữ màu trắng.",/Users/phamtunglam/Documents/Projects/mSigLIP/code/artifacts/deployment/qnn_inputs/vn3k_text_calib_500/raw/00499_pid1952_01953_00012710_input_ids.raw,/Users/phamtunglam/Documents/Projects/mSigLIP/code/artifacts/deployment/qnn_inputs/vn3k_text_calib_500/raw/00499_pid1952_01953_00012710_attention_mask.raw,64
