sample_index,pid,split,dataset_file_path,image_path,raw_path,original_width,original_height
0,111,train,HoGuom_00/00112_00002095.jpg,/Users/phamtunglam/Documents/Projects/mSigLIP/code/VN3K/imgs/HoGuom_00/00112_00002095.jpg,/Users/phamtunglam/Documents/Projects/mSigLIP/code/artifacts/deployment/qnn_inputs/vn3k_train_calib_500/raw/00000_pid111_HoGuom_00_00112_00002095.raw,79,186
1,178,train,HoGuom_00/00179_00004675.jpg,/Users/phamtunglam/Documents/Projects/mSigLIP/code/VN3K/imgs/HoGuom_00/00179_00004675.jpg,/Users/phamtunglam/Documents/Projects/mSigLIP/code/artifacts/deployment/qnn_inputs/vn3k_train_calib_500/raw/00001_pid178_HoGuom_00_00179_00004675.raw,308,713
2,1880,train,DHGTVT_00/01881_00003620.jpg,/Users/phamtunglam/Documents/Projects/mSigLIP/code/VN3K/imgs/DHGTVT_00/01881_00003620.jpg,/Users/phamtunglam/Documents/Projects/mSigLIP/code/artifacts/deployment/qnn_inputs/vn3k_train_calib_500/raw/00002_pid1880_DHGTVT_00_01881_00003620.raw,100,281
3,21,train,TEST_DATA/Person22.2/output_2.jpg,/Users/phamtunglam/Documents/Projects/mSigLIP/code/VN3K/imgs/TEST_DATA/Person22.2/output_2.jpg,/Users/phamtunglam/Documents/Projects/mSigLIP/code/artifacts/deployment/qnn_inputs/vn3k_train_calib_500/raw/00003_pid21_TEST_DATA_Person22.2_output_2.raw,104,210
4,58,train,TRAINNING_DATA/Person59/output_6.jpg,/Users/phamtunglam/Documents/Projects/mSigLIP/code/VN3K/imgs/TRAINNING_DATA/Person59/output_6.jpg,/Users/phamtunglam/Documents/Projects/mSigLIP/code/artifacts/deployment/qnn_inputs/vn3k_train_calib_500/raw/00004_pid58_TRAINNING_DATA_Person59_output_6.raw,167,347
5,937,train,HoGuom_01/00938_00000015.jpg,/Users/phamtunglam/Documents/Projects/mSigLIP/code/VN3K/imgs/HoGuom_01/00938_00000015.jpg,/Users/phamtunglam/Documents/Projects/mSigLIP/code/artifacts/deployment/qnn_inputs/vn3k_train_calib_500/raw/00005_pid937_HoGuom_01_00938_00000015.raw,72,178
6,445,train,HoGuom_00/00446_00015230.jpg,/Users/phamtunglam/Documents/Projects/mSigLIP/code/VN3K/imgs/HoGuom_00/00446_00015230.jpg,/Users/phamtunglam/Documents/Projects/mSigLIP/code/artifacts/deployment/qnn_inputs/vn3k_train_calib_500/raw/00006_pid445_HoGuom_00_00446_00015230.raw,181,441
7,311,train,HoGuom_00/00312_00010225.jpg,/Users/phamtunglam/Documents/Projects/mSigLIP/code/VN3K/imgs/HoGuom_00/00312_00010225.jpg,/Users/phamtunglam/Documents/Projects/mSigLIP/code/artifacts/deployment/qnn_inputs/vn3k_train_calib_500/raw/00007_pid311_HoGuom_00_00312_00010225.raw,196,488
8,1737,train,DHHN_HVBCVT_00/01738_00010380.jpg,/Users/phamtunglam/Documents/Projects/mSigLIP/code/VN3K/imgs/DHHN_HVBCVT_00/01738_00010380.jpg,/Users/phamtunglam/Documents/Projects/mSigLIP/code/artifacts/deployment/qnn_inputs/vn3k_train_calib_500/raw/00008_pid1737_DHHN_HVBCVT_00_01738_00010380.raw,188,496
9,1773,train,DHHN_HVBCVT_00/01774_00001410.jpg,/Users/phamtunglam/Documents/Projects/mSigLIP/code/VN3K/imgs/DHHN_HVBCVT_00/01774_00001410.jpg,/Users/phamtunglam/Documents/Projects/mSigLIP/code/artifacts/deployment/qnn_inputs/vn3k_train_calib_500/raw/00009_pid1773_DHHN_HVBCVT_00_01774_00001410.raw,83,269
10,186,train,HoGuom_00/00187_00004565.jpg,/Users/phamtunglam/Documents/Projects/mSigLIP/code/VN3K/imgs/HoGuom_00/00187_00004565.jpg,/Users/phamtunglam/Documents/Projects/mSigLIP/code/artifacts/deployment/qnn_inputs/vn3k_train_calib_500/raw/00010_pid186_HoGuom_00_00187_00004565.raw,148,475
11,429,train,HoGuom_00/00430_00014655.jpg,/Users/phamtunglam/Documents/Projects/mSigLIP/code/VN3K/imgs/HoGuom_00/00430_00014655.jpg,/Users/phamtunglam/Documents/Projects/mSigLIP/code/artifacts/deployment/qnn_inputs/vn3k_train_calib_500/raw/00011_pid429_HoGuom_00_00430_00014655.raw,102,287
12,469,train,HoGuom_00/00470_00016555.jpg,/Users/phamtunglam/Documents/Projects/mSigLIP/code/VN3K/imgs/HoGuom_00/00470_00016555.jpg,/Users/phamtunglam/Documents/Projects/mSigLIP/code/artifacts/deployment/qnn_inputs/vn3k_train_calib_500/raw/00012_pid469_HoGuom_00_00470_00016555.raw,224,465
13,110,train,HoGuom_00/00111_00001855.jpg,/Users/phamtunglam/Documents/Projects/mSigLIP/code/VN3K/imgs/HoGuom_00/00111_00001855.jpg,/Users/phamtunglam/Documents/Projects/mSigLIP/code/artifacts/deployment/qnn_inputs/vn3k_train_calib_500/raw/00013_pid110_HoGuom_00_00111_00001855.raw,76,196
14,589,train,HoGuom_00/00590_00006235.jpg,/Users/phamtunglam/Documents/Projects/mSigLIP/code/VN3K/imgs/HoGuom_00/00590_00006235.jpg,/Users/phamtunglam/Documents/Projects/mSigLIP/code/artifacts/deployment/qnn_inputs/vn3k_train_calib_500/raw/00014_pid589_HoGuom_00_00590_00006235.raw,247,680
15,1204,train,HoGuom_01/01205_00002925.jpg,/Users/phamtunglam/Documents/Projects/mSigLIP/code/VN3K/imgs/HoGuom_01/01205_00002925.jpg,/Users/phamtunglam/Documents/Projects/mSigLIP/code/artifacts/deployment/qnn_inputs/vn3k_train_calib_500/raw/00015_pid1204_HoGuom_01_01205_00002925.raw,220,618
16,793,train,HoGuom_01/00794_00002100.jpg,/Users/phamtunglam/Documents/Projects/mSigLIP/code/VN3K/imgs/HoGuom_01/00794_00002100.jpg,/Users/phamtunglam/Documents/Projects/mSigLIP/code/artifacts/deployment/qnn_inputs/vn3k_train_calib_500/raw/00016_pid793_HoGuom_01_00794_00002100.raw,136,357
17,159,train,HoGuom_00/00160_00003945.jpg,/Users/phamtunglam/Documents/Projects/mSigLIP/code/VN3K/imgs/HoGuom_00/00160_00003945.jpg,/Users/phamtunglam/Documents/Projects/mSigLIP/code/artifacts/deployment/qnn_inputs/vn3k_train_calib_500/raw/00017_pid159_HoGuom_00_00160_00003945.raw,114,357
18,1771,train,DHHN_HVBCVT_00/01772_00001140.jpg,/Users/phamtunglam/Documents/Projects/mSigLIP/code/VN3K/imgs/DHHN_HVBCVT_00/01772_00001140.jpg,/Users/phamtunglam/Documents/Projects/mSigLIP/code/artifacts/deployment/qnn_inputs/vn3k_train_calib_500/raw/00018_pid1771_DHHN_HVBCVT_00_01772_00001140.raw,75,179
19,449,train,HoGuom_00/00450_00015365.jpg,/Users/phamtunglam/Documents/Projects/mSigLIP/code/VN3K/imgs/HoGuom_00/00450_00015365.jpg,/Users/phamtunglam/Documents/Projects/mSigLIP/code/artifacts/deployment/qnn_inputs/vn3k_train_calib_500/raw/00019_pid449_HoGuom_00_00450_00015365.raw,174,544
20,176,train,HoGuom_00/00177_00004520.jpg,/Users/phamtunglam/Documents/Projects/mSigLIP/code/VN3K/imgs/HoGuom_00/00177_00004520.jpg,/Users/phamtunglam/Documents/Projects/mSigLIP/code/artifacts/deployment/qnn_inputs/vn3k_train_calib_500/raw/00020_pid176_HoGuom_00_00177_00004520.raw,177,432
21,579,train,HoGuom_00/00580_00005465.jpg,/Users/phamtunglam/Documents/Projects/mSigLIP/code/VN3K/imgs/HoGuom_00/00580_00005465.jpg,/Users/phamtunglam/Documents/Projects/mSigLIP/code/artifacts/deployment/qnn_inputs/vn3k_train_calib_500/raw/00021_pid579_HoGuom_00_00580_00005465.raw,107,327
22,810,train,HoGuom_01/00811_00002580.jpg,/Users/phamtunglam/Documents/Projects/mSigLIP/code/VN3K/imgs/HoGuom_01/00811_00002580.jpg,/Users/phamtunglam/Documents/Projects/mSigLIP/code/artifacts/deployment/qnn_inputs/vn3k_train_calib_500/raw/00022_pid810_HoGuom_01_00811_00002580.raw,101,203
23,1947,train,DHGTVT_00/01948_00011460.jpg,/Users/phamtunglam/Documents/Projects/mSigLIP/code/VN3K/imgs/DHGTVT_00/01948_00011460.jpg,/Users/phamtunglam/Documents/Projects/mSigLIP/code/artifacts/deployment/qnn_inputs/vn3k_train_calib_500/raw/00023_pid1947_DHGTVT_00_01948_00011460.raw,71,203
24,731,train,HoGuom_00/00732_00012190.jpg,/Users/phamtunglam/Documents/Projects/mSigLIP/code/VN3K/imgs/HoGuom_00/00732_00012190.jpg,/Users/phamtunglam/Documents/Projects/mSigLIP/code/artifacts/deployment/qnn_inputs/vn3k_train_calib_500/raw/00024_pid731_HoGuom_00_00732_00012190.raw,205,459
25,1779,train,DHHN_HVBCVT_00/01780_00001395.jpg,/Users/phamtunglam/Documents/Projects/mSigLIP/code/VN3K/imgs/DHHN_HVBCVT_00/01780_00001395.jpg,/Users/phamtunglam/Documents/Projects/mSigLIP/code/artifacts/deployment/qnn_inputs/vn3k_train_calib_500/raw/00025_pid1779_DHHN_HVBCVT_00_01780_00001395.raw,221,633
26,1317,train,HoGuom_01/01318_00008370.jpg,/Users/phamtunglam/Documents/Projects/mSigLIP/code/VN3K/imgs/HoGuom_01/01318_00008370.jpg,/Users/phamtunglam/Documents/Projects/mSigLIP/code/artifacts/deployment/qnn_inputs/vn3k_train_calib_500/raw/00026_pid1317_HoGuom_01_01318_00008370.raw,160,397
27,1264,train,HoGuom_01/01265_00008700.jpg,/Users/phamtunglam/Documents/Projects/mSigLIP/code/VN3K/imgs/HoGuom_01/01265_00008700.jpg,/Users/phamtunglam/Documents/Projects/mSigLIP/code/artifacts/deployment/qnn_inputs/vn3k_train_calib_500/raw/00027_pid1264_HoGuom_01_01265_00008700.raw,149,263
28,546,train,HoGuom_00/00547_00003955.jpg,/Users/phamtunglam/Documents/Projects/mSigLIP/code/VN3K/imgs/HoGuom_00/00547_00003955.jpg,/Users/phamtunglam/Documents/Projects/mSigLIP/code/artifacts/deployment/qnn_inputs/vn3k_train_calib_500/raw/00028_pid546_HoGuom_00_00547_00003955.raw,171,265
29,595,train,HoGuom_00/00596_00006220.jpg,/Users/phamtunglam/Documents/Projects/mSigLIP/code/VN3K/imgs/HoGuom_00/00596_00006220.jpg,/Users/phamtunglam/Documents/Projects/mSigLIP/code/artifacts/deployment/qnn_inputs/vn3k_train_calib_500/raw/00029_pid595_HoGuom_00_00596_00006220.raw,106,255
30,1666,train,DHHN_HVBCVT_00/01667_00047640.jpg,/Users/phamtunglam/Documents/Projects/mSigLIP/code/VN3K/imgs/DHHN_HVBCVT_00/01667_00047640.jpg,/Users/phamtunglam/Documents/Projects/mSigLIP/code/artifacts/deployment/qnn_inputs/vn3k_train_calib_500/raw/00030_pid1666_DHHN_HVBCVT_00_01667_00047640.raw,106,206
31,738,train,HoGuom_00/00739_00012340.jpg,/Users/phamtunglam/Documents/Projects/mSigLIP/code/VN3K/imgs/HoGuom_00/00739_00012340.jpg,/Users/phamtunglam/Documents/Projects/mSigLIP/code/artifacts/deployment/qnn_inputs/vn3k_train_calib_500/raw/00031_pid738_HoGuom_00_00739_00012340.raw,155,480
32,125,train,HoGuom_00/00126_00002260.jpg,/Users/phamtunglam/Documents/Projects/mSigLIP/code/VN3K/imgs/HoGuom_00/00126_00002260.jpg,/Users/phamtunglam/Documents/Projects/mSigLIP/code/artifacts/deployment/qnn_inputs/vn3k_train_calib_500/raw/00032_pid125_HoGuom_00_00126_00002260.raw,288,602
33,27,train,TRAINNING_DATA/Person28/output_6.jpg,/Users/phamtunglam/Documents/Projects/mSigLIP/code/VN3K/imgs/TRAINNING_DATA/Person28/output_6.jpg,/Users/phamtunglam/Documents/Projects/mSigLIP/code/artifacts/deployment/qnn_inputs/vn3k_train_calib_500/raw/00033_pid27_TRAINNING_DATA_Person28_output_6.raw,167,292
34,864,train,HoGuom_01/00865_00010650.jpg,/Users/phamtunglam/Documents/Projects/mSigLIP/code/VN3K/imgs/HoGuom_01/00865_00010650.jpg,/Users/phamtunglam/Documents/Projects/mSigLIP/code/artifacts/deployment/qnn_inputs/vn3k_train_calib_500/raw/00034_pid864_HoGuom_01_00865_00010650.raw,85,231
35,154,train,HoGuom_00/00155_00003525.jpg,/Users/phamtunglam/Documents/Projects/mSigLIP/code/VN3K/imgs/HoGuom_00/00155_00003525.jpg,/Users/phamtunglam/Documents/Projects/mSigLIP/code/artifacts/deployment/qnn_inputs/vn3k_train_calib_500/raw/00035_pid154_HoGuom_00_00155_00003525.raw,274,291
36,1045,train,HoGuom_01/01046_00000360.jpg,/Users/phamtunglam/Documents/Projects/mSigLIP/code/VN3K/imgs/HoGuom_01/01046_00000360.jpg,/Users/phamtunglam/Documents/Projects/mSigLIP/code/artifacts/deployment/qnn_inputs/vn3k_train_calib_500/raw/00036_pid1045_HoGuom_01_01046_00000360.raw,100,267
37,49,train,TEST_DATA/Person50.2/output_2.jpg,/Users/phamtunglam/Documents/Projects/mSigLIP/code/VN3K/imgs/TEST_DATA/Person50.2/output_2.jpg,/Users/phamtunglam/Documents/Projects/mSigLIP/code/artifacts/deployment/qnn_inputs/vn3k_train_calib_500/raw/00037_pid49_TEST_DATA_Person50.2_output_2.raw,53,188
38,436,train,HoGuom_00/00437_00014820.jpg,/Users/phamtunglam/Documents/Projects/mSigLIP/code/VN3K/imgs/HoGuom_00/00437_00014820.jpg,/Users/phamtunglam/Documents/Projects/mSigLIP/code/artifacts/deployment/qnn_inputs/vn3k_train_calib_500/raw/00038_pid436_HoGuom_00_00437_00014820.raw,88,244
39,1862,train,DHGTVT_00/01863_00003080.jpg,/Users/phamtunglam/Documents/Projects/mSigLIP/code/VN3K/imgs/DHGTVT_00/01863_00003080.jpg,/Users/phamtunglam/Documents/Projects/mSigLIP/code/artifacts/deployment/qnn_inputs/vn3k_train_calib_500/raw/00039_pid1862_DHGTVT_00_01863_00003080.raw,97,193
40,1368,train,HoGuom_01/01369_00006270.jpg,/Users/phamtunglam/Documents/Projects/mSigLIP/code/VN3K/imgs/HoGuom_01/01369_00006270.jpg,/Users/phamtunglam/Documents/Projects/mSigLIP/code/artifacts/deployment/qnn_inputs/vn3k_train_calib_500/raw/00040_pid1368_HoGuom_01_01369_00006270.raw,148,411
41,314,train,HoGuom_00/00315_00010275.jpg,/Users/phamtunglam/Documents/Projects/mSigLIP/code/VN3K/imgs/HoGuom_00/00315_00010275.jpg,/Users/phamtunglam/Documents/Projects/mSigLIP/code/artifacts/deployment/qnn_inputs/vn3k_train_calib_500/raw/00041_pid314_HoGuom_00_00315_00010275.raw,259,546
42,1656,train,DHHN_HVBCVT_00/01657_00043110.jpg,/Users/phamtunglam/Documents/Projects/mSigLIP/code/VN3K/imgs/DHHN_HVBCVT_00/01657_00043110.jpg,/Users/phamtunglam/Documents/Projects/mSigLIP/code/artifacts/deployment/qnn_inputs/vn3k_train_calib_500/raw/00042_pid1656_DHHN_HVBCVT_00_01657_00043110.raw,80,259
43,1272,train,HoGuom_01/01273_00007770.jpg,/Users/phamtunglam/Documents/Projects/mSigLIP/code/VN3K/imgs/HoGuom_01/01273_00007770.jpg,/Users/phamtunglam/Documents/Projects/mSigLIP/code/artifacts/deployment/qnn_inputs/vn3k_train_calib_500/raw/00043_pid1272_HoGuom_01_01273_00007770.raw,76,173
44,681,train,HoGuom_00/00682_00009730.jpg,/Users/phamtunglam/Documents/Projects/mSigLIP/code/VN3K/imgs/HoGuom_00/00682_00009730.jpg,/Users/phamtunglam/Documents/Projects/mSigLIP/code/artifacts/deployment/qnn_inputs/vn3k_train_calib_500/raw/00044_pid681_HoGuom_00_00682_00009730.raw,198,690
45,913,train,HoGuom_01/00914_00005070.jpg,/Users/phamtunglam/Documents/Projects/mSigLIP/code/VN3K/imgs/HoGuom_01/00914_00005070.jpg,/Users/phamtunglam/Documents/Projects/mSigLIP/code/artifacts/deployment/qnn_inputs/vn3k_train_calib_500/raw/00045_pid913_HoGuom_01_00914_00005070.raw,70,181
46,94,train,HoGuom_00/00095_00001075.jpg,/Users/phamtunglam/Documents/Projects/mSigLIP/code/VN3K/imgs/HoGuom_00/00095_00001075.jpg,/Users/phamtunglam/Documents/Projects/mSigLIP/code/artifacts/deployment/qnn_inputs/vn3k_train_calib_500/raw/00046_pid94_HoGuom_00_00095_00001075.raw,75,167
47,1679,train,DHHN_HVBCVT_00/01680_00001335.jpg,/Users/phamtunglam/Documents/Projects/mSigLIP/code/VN3K/imgs/DHHN_HVBCVT_00/01680_00001335.jpg,/Users/phamtunglam/Documents/Projects/mSigLIP/code/artifacts/deployment/qnn_inputs/vn3k_train_calib_500/raw/00047_pid1679_DHHN_HVBCVT_00_01680_00001335.raw,93,238
48,727,train,HoGuom_00/00728_00012325.jpg,/Users/phamtunglam/Documents/Projects/mSigLIP/code/VN3K/imgs/HoGuom_00/00728_00012325.jpg,/Users/phamtunglam/Documents/Projects/mSigLIP/code/artifacts/deployment/qnn_inputs/vn3k_train_calib_500/raw/00048_pid727_HoGuom_00_00728_00012325.raw,85,276
49,733,train,HoGuom_00/00734_00012555.jpg,/Users/phamtunglam/Documents/Projects/mSigLIP/code/VN3K/imgs/HoGuom_00/00734_00012555.jpg,/Users/phamtunglam/Documents/Projects/mSigLIP/code/artifacts/deployment/qnn_inputs/vn3k_train_calib_500/raw/00049_pid733_HoGuom_00_00734_00012555.raw,85,251
50,538,train,HoGuom_00/00539_00003555.jpg,/Users/phamtunglam/Documents/Projects/mSigLIP/code/VN3K/imgs/HoGuom_00/00539_00003555.jpg,/Users/phamtunglam/Documents/Projects/mSigLIP/code/artifacts/deployment/qnn_inputs/vn3k_train_calib_500/raw/00050_pid538_HoGuom_00_00539_00003555.raw,186,508
51,1145,train,HoGuom_01/01146_00002040.jpg,/Users/phamtunglam/Documents/Projects/mSigLIP/code/VN3K/imgs/HoGuom_01/01146_00002040.jpg,/Users/phamtunglam/Documents/Projects/mSigLIP/code/artifacts/deployment/qnn_inputs/vn3k_train_calib_500/raw/00051_pid1145_HoGuom_01_01146_00002040.raw,134,313
52,385,train,HoGuom_00/00386_00012850.jpg,/Users/phamtunglam/Documents/Projects/mSigLIP/code/VN3K/imgs/HoGuom_00/00386_00012850.jpg,/Users/phamtunglam/Documents/Projects/mSigLIP/code/artifacts/deployment/qnn_inputs/vn3k_train_calib_500/raw/00052_pid385_HoGuom_00_00386_00012850.raw,183,609
53,1000,train,HoGuom_01/01001_00010015.jpg,/Users/phamtunglam/Documents/Projects/mSigLIP/code/VN3K/imgs/HoGuom_01/01001_00010015.jpg,/Users/phamtunglam/Documents/Projects/mSigLIP/code/artifacts/deployment/qnn_inputs/vn3k_train_calib_500/raw/00053_pid1000_HoGuom_01_01001_00010015.raw,63,164
54,1155,train,HoGuom_01/01156_00000120.jpg,/Users/phamtunglam/Documents/Projects/mSigLIP/code/VN3K/imgs/HoGuom_01/01156_00000120.jpg,/Users/phamtunglam/Documents/Projects/mSigLIP/code/artifacts/deployment/qnn_inputs/vn3k_train_calib_500/raw/00054_pid1155_HoGuom_01_01156_00000120.raw,101,145
55,1287,train,HoGuom_01/01288_00006660.jpg,/Users/phamtunglam/Documents/Projects/mSigLIP/code/VN3K/imgs/HoGuom_01/01288_00006660.jpg,/Users/phamtunglam/Documents/Projects/mSigLIP/code/artifacts/deployment/qnn_inputs/vn3k_train_calib_500/raw/00055_pid1287_HoGuom_01_01288_00006660.raw,98,269
56,1033,train,HoGuom_01/01034_00000061.jpg,/Users/phamtunglam/Documents/Projects/mSigLIP/code/VN3K/imgs/HoGuom_01/01034_00000061.jpg,/Users/phamtunglam/Documents/Projects/mSigLIP/code/artifacts/deployment/qnn_inputs/vn3k_train_calib_500/raw/00056_pid1033_HoGuom_01_01034_00000061.raw,122,280
57,1435,train,HoGuom_01/01436_2.jpg,/Users/phamtunglam/Documents/Projects/mSigLIP/code/VN3K/imgs/HoGuom_01/01436_2.jpg,/Users/phamtunglam/Documents/Projects/mSigLIP/code/artifacts/deployment/qnn_inputs/vn3k_train_calib_500/raw/00057_pid1435_HoGuom_01_01436_2.raw,93,361
58,541,train,HoGuom_00/00542_00003610.jpg,/Users/phamtunglam/Documents/Projects/mSigLIP/code/VN3K/imgs/HoGuom_00/00542_00003610.jpg,/Users/phamtunglam/Documents/Projects/mSigLIP/code/artifacts/deployment/qnn_inputs/vn3k_train_calib_500/raw/00058_pid541_HoGuom_00_00542_00003610.raw,238,578
59,14,train,TEST_DATA/Person15.2/output_6.jpg,/Users/phamtunglam/Documents/Projects/mSigLIP/code/VN3K/imgs/TEST_DATA/Person15.2/output_6.jpg,/Users/phamtunglam/Documents/Projects/mSigLIP/code/artifacts/deployment/qnn_inputs/vn3k_train_calib_500/raw/00059_pid14_TEST_DATA_Person15.2_output_6.raw,91,264
60,1540,train,DHHN_HVBCVT_00/01541_00001590.jpg,/Users/phamtunglam/Documents/Projects/mSigLIP/code/VN3K/imgs/DHHN_HVBCVT_00/01541_00001590.jpg,/Users/phamtunglam/Documents/Projects/mSigLIP/code/artifacts/deployment/qnn_inputs/vn3k_train_calib_500/raw/00060_pid1540_DHHN_HVBCVT_00_01541_00001590.raw,213,662
61,635,train,HoGuom_00/00636_00007545.jpg,/Users/phamtunglam/Documents/Projects/mSigLIP/code/VN3K/imgs/HoGuom_00/00636_00007545.jpg,/Users/phamtunglam/Documents/Projects/mSigLIP/code/artifacts/deployment/qnn_inputs/vn3k_train_calib_500/raw/00061_pid635_HoGuom_00_00636_00007545.raw,73,203
62,839,train,HoGuom_01/00840_00009480.jpg,/Users/phamtunglam/Documents/Projects/mSigLIP/code/VN3K/imgs/HoGuom_01/00840_00009480.jpg,/Users/phamtunglam/Documents/Projects/mSigLIP/code/artifacts/deployment/qnn_inputs/vn3k_train_calib_500/raw/00062_pid839_HoGuom_01_00840_00009480.raw,81,195
63,1144,train,HoGuom_01/01145_00000735.jpg,/Users/phamtunglam/Documents/Projects/mSigLIP/code/VN3K/imgs/HoGuom_01/01145_00000735.jpg,/Users/phamtunglam/Documents/Projects/mSigLIP/code/artifacts/deployment/qnn_inputs/vn3k_train_calib_500/raw/00063_pid1144_HoGuom_01_01145_00000735.raw,171,509
64,143,train,HoGuom_00/00144_00003080.jpg,/Users/phamtunglam/Documents/Projects/mSigLIP/code/VN3K/imgs/HoGuom_00/00144_00003080.jpg,/Users/phamtunglam/Documents/Projects/mSigLIP/code/artifacts/deployment/qnn_inputs/vn3k_train_calib_500/raw/00064_pid143_HoGuom_00_00144_00003080.raw,217,447
65,918,train,HoGuom_01/00919_00008460.jpg,/Users/phamtunglam/Documents/Projects/mSigLIP/code/VN3K/imgs/HoGuom_01/00919_00008460.jpg,/Users/phamtunglam/Documents/Projects/mSigLIP/code/artifacts/deployment/qnn_inputs/vn3k_train_calib_500/raw/00065_pid918_HoGuom_01_00919_00008460.raw,76,203
66,671,train,HoGuom_00/00672_00008740.jpg,/Users/phamtunglam/Documents/Projects/mSigLIP/code/VN3K/imgs/HoGuom_00/00672_00008740.jpg,/Users/phamtunglam/Documents/Projects/mSigLIP/code/artifacts/deployment/qnn_inputs/vn3k_train_calib_500/raw/00066_pid671_HoGuom_00_00672_00008740.raw,100,261
67,65,train,TEST_DATA/Person66.2/output_6.jpg,/Users/phamtunglam/Documents/Projects/mSigLIP/code/VN3K/imgs/TEST_DATA/Person66.2/output_6.jpg,/Users/phamtunglam/Documents/Projects/mSigLIP/code/artifacts/deployment/qnn_inputs/vn3k_train_calib_500/raw/00067_pid65_TEST_DATA_Person66.2_output_6.raw,121,269
68,740,train,HoGuom_00/00741_00012235.jpg,/Users/phamtunglam/Documents/Projects/mSigLIP/code/VN3K/imgs/HoGuom_00/00741_00012235.jpg,/Users/phamtunglam/Documents/Projects/mSigLIP/code/artifacts/deployment/qnn_inputs/vn3k_train_calib_500/raw/00068_pid740_HoGuom_00_00741_00012235.raw,76,208
69,1332,train,HoGuom_01/01333_00005715.jpg,/Users/phamtunglam/Documents/Projects/mSigLIP/code/VN3K/imgs/HoGuom_01/01333_00005715.jpg,/Users/phamtunglam/Documents/Projects/mSigLIP/code/artifacts/deployment/qnn_inputs/vn3k_train_calib_500/raw/00069_pid1332_HoGuom_01_01333_00005715.raw,82,252
70,487,train,HoGuom_00/00488_00017380.jpg,/Users/phamtunglam/Documents/Projects/mSigLIP/code/VN3K/imgs/HoGuom_00/00488_00017380.jpg,/Users/phamtunglam/Documents/Projects/mSigLIP/code/artifacts/deployment/qnn_inputs/vn3k_train_calib_500/raw/00070_pid487_HoGuom_00_00488_00017380.raw,167,541
71,1009,train,HoGuom_01/01010_00000795.jpg,/Users/phamtunglam/Documents/Projects/mSigLIP/code/VN3K/imgs/HoGuom_01/01010_00000795.jpg,/Users/phamtunglam/Documents/Projects/mSigLIP/code/artifacts/deployment/qnn_inputs/vn3k_train_calib_500/raw/00071_pid1009_HoGuom_01_01010_00000795.raw,163,329
72,418,train,HoGuom_00/00419_00014645.jpg,/Users/phamtunglam/Documents/Projects/mSigLIP/code/VN3K/imgs/HoGuom_00/00419_00014645.jpg,/Users/phamtunglam/Documents/Projects/mSigLIP/code/artifacts/deployment/qnn_inputs/vn3k_train_calib_500/raw/00072_pid418_HoGuom_00_00419_00014645.raw,217,538
73,105,train,HoGuom_00/00106_00001870.jpg,/Users/phamtunglam/Documents/Projects/mSigLIP/code/VN3K/imgs/HoGuom_00/00106_00001870.jpg,/Users/phamtunglam/Documents/Projects/mSigLIP/code/artifacts/deployment/qnn_inputs/vn3k_train_calib_500/raw/00073_pid105_HoGuom_00_00106_00001870.raw,119,284
74,63,train,TEST_DATA/Person64.2/output_9.jpg,/Users/phamtunglam/Documents/Projects/mSigLIP/code/VN3K/imgs/TEST_DATA/Person64.2/output_9.jpg,/Users/phamtunglam/Documents/Projects/mSigLIP/code/artifacts/deployment/qnn_inputs/vn3k_train_calib_500/raw/00074_pid63_TEST_DATA_Person64.2_output_9.raw,117,256
75,1632,train,DHHN_HVBCVT_00/01633_00033150.jpg,/Users/phamtunglam/Documents/Projects/mSigLIP/code/VN3K/imgs/DHHN_HVBCVT_00/01633_00033150.jpg,/Users/phamtunglam/Documents/Projects/mSigLIP/code/artifacts/deployment/qnn_inputs/vn3k_train_calib_500/raw/00075_pid1632_DHHN_HVBCVT_00_01633_00033150.raw,64,138
76,336,train,HoGuom_00/00337_00010720.jpg,/Users/phamtunglam/Documents/Projects/mSigLIP/code/VN3K/imgs/HoGuom_00/00337_00010720.jpg,/Users/phamtunglam/Documents/Projects/mSigLIP/code/artifacts/deployment/qnn_inputs/vn3k_train_calib_500/raw/00076_pid336_HoGuom_00_00337_00010720.raw,120,241
77,1266,train,HoGuom_01/01267_00004440.jpg,/Users/phamtunglam/Documents/Projects/mSigLIP/code/VN3K/imgs/HoGuom_01/01267_00004440.jpg,/Users/phamtunglam/Documents/Projects/mSigLIP/code/artifacts/deployment/qnn_inputs/vn3k_train_calib_500/raw/00077_pid1266_HoGuom_01_01267_00004440.raw,215,687
78,1957,train,DHGTVT_00/01958_00014460.jpg,/Users/phamtunglam/Documents/Projects/mSigLIP/code/VN3K/imgs/DHGTVT_00/01958_00014460.jpg,/Users/phamtunglam/Documents/Projects/mSigLIP/code/artifacts/deployment/qnn_inputs/vn3k_train_calib_500/raw/00078_pid1957_DHGTVT_00_01958_00014460.raw,87,308
79,122,train,HoGuom_00/00123_00002520.jpg,/Users/phamtunglam/Documents/Projects/mSigLIP/code/VN3K/imgs/HoGuom_00/00123_00002520.jpg,/Users/phamtunglam/Documents/Projects/mSigLIP/code/artifacts/deployment/qnn_inputs/vn3k_train_calib_500/raw/00079_pid122_HoGuom_00_00123_00002520.raw,86,283
80,273,train,HoGuom_00/00274_00008700.jpg,/Users/phamtunglam/Documents/Projects/mSigLIP/code/VN3K/imgs/HoGuom_00/00274_00008700.jpg,/Users/phamtunglam/Documents/Projects/mSigLIP/code/artifacts/deployment/qnn_inputs/vn3k_train_calib_500/raw/00080_pid273_HoGuom_00_00274_00008700.raw,93,305
81,1664,train,DHHN_HVBCVT_00/01665_00046755.jpg,/Users/phamtunglam/Documents/Projects/mSigLIP/code/VN3K/imgs/DHHN_HVBCVT_00/01665_00046755.jpg,/Users/phamtunglam/Documents/Projects/mSigLIP/code/artifacts/deployment/qnn_inputs/vn3k_train_calib_500/raw/00081_pid1664_DHHN_HVBCVT_00_01665_00046755.raw,132,325
82,699,train,HoGuom_00/00700_00010315.jpg,/Users/phamtunglam/Documents/Projects/mSigLIP/code/VN3K/imgs/HoGuom_00/00700_00010315.jpg,/Users/phamtunglam/Documents/Projects/mSigLIP/code/artifacts/deployment/qnn_inputs/vn3k_train_calib_500/raw/00082_pid699_HoGuom_00_00700_00010315.raw,170,437
83,1041,train,HoGuom_01/01042_0000013.jpg,/Users/phamtunglam/Documents/Projects/mSigLIP/code/VN3K/imgs/HoGuom_01/01042_0000013.jpg,/Users/phamtunglam/Documents/Projects/mSigLIP/code/artifacts/deployment/qnn_inputs/vn3k_train_calib_500/raw/00083_pid1041_HoGuom_01_01042_0000013.raw,93,327
84,804,train,HoGuom_01/00805_00002475.jpg,/Users/phamtunglam/Documents/Projects/mSigLIP/code/VN3K/imgs/HoGuom_01/00805_00002475.jpg,/Users/phamtunglam/Documents/Projects/mSigLIP/code/artifacts/deployment/qnn_inputs/vn3k_train_calib_500/raw/00084_pid804_HoGuom_01_00805_00002475.raw,70,177
85,1210,train,HoGuom_01/01211_00002955.jpg,/Users/phamtunglam/Documents/Projects/mSigLIP/code/VN3K/imgs/HoGuom_01/01211_00002955.jpg,/Users/phamtunglam/Documents/Projects/mSigLIP/code/artifacts/deployment/qnn_inputs/vn3k_train_calib_500/raw/00085_pid1210_HoGuom_01_01211_00002955.raw,191,508
86,627,train,HoGuom_00/00628_00007285.jpg,/Users/phamtunglam/Documents/Projects/mSigLIP/code/VN3K/imgs/HoGuom_00/00628_00007285.jpg,/Users/phamtunglam/Documents/Projects/mSigLIP/code/artifacts/deployment/qnn_inputs/vn3k_train_calib_500/raw/00086_pid627_HoGuom_00_00628_00007285.raw,116,351
87,388,train,HoGuom_00/00389_00013330.jpg,/Users/phamtunglam/Documents/Projects/mSigLIP/code/VN3K/imgs/HoGuom_00/00389_00013330.jpg,/Users/phamtunglam/Documents/Projects/mSigLIP/code/artifacts/deployment/qnn_inputs/vn3k_train_calib_500/raw/00087_pid388_HoGuom_00_00389_00013330.raw,89,223
88,1843,train,HoGuom_00/01844_00014315.jpg,/Users/phamtunglam/Documents/Projects/mSigLIP/code/VN3K/imgs/HoGuom_00/01844_00014315.jpg,/Users/phamtunglam/Documents/Projects/mSigLIP/code/artifacts/deployment/qnn_inputs/vn3k_train_calib_500/raw/00088_pid1843_HoGuom_00_01844_00014315.raw,206,541
89,47,train,TEST_DATA/Person48.2/output_6.jpg,/Users/phamtunglam/Documents/Projects/mSigLIP/code/VN3K/imgs/TEST_DATA/Person48.2/output_6.jpg,/Users/phamtunglam/Documents/Projects/mSigLIP/code/artifacts/deployment/qnn_inputs/vn3k_train_calib_500/raw/00089_pid47_TEST_DATA_Person48.2_output_6.raw,134,354
90,1606,train,DHHN_HVBCVT_00/01607_00020040.jpg,/Users/phamtunglam/Documents/Projects/mSigLIP/code/VN3K/imgs/DHHN_HVBCVT_00/01607_00020040.jpg,/Users/phamtunglam/Documents/Projects/mSigLIP/code/artifacts/deployment/qnn_inputs/vn3k_train_calib_500/raw/00090_pid1606_DHHN_HVBCVT_00_01607_00020040.raw,173,393
91,1464,train,HoGuom_01/01465_2.jpg,/Users/phamtunglam/Documents/Projects/mSigLIP/code/VN3K/imgs/HoGuom_01/01465_2.jpg,/Users/phamtunglam/Documents/Projects/mSigLIP/code/artifacts/deployment/qnn_inputs/vn3k_train_calib_500/raw/00091_pid1464_HoGuom_01_01465_2.raw,219,592
92,909,train,HoGuom_01/00910_00003450.jpg,/Users/phamtunglam/Documents/Projects/mSigLIP/code/VN3K/imgs/HoGuom_01/00910_00003450.jpg,/Users/phamtunglam/Documents/Projects/mSigLIP/code/artifacts/deployment/qnn_inputs/vn3k_train_calib_500/raw/00092_pid909_HoGuom_01_00910_00003450.raw,81,180
93,832,train,HoGuom_01/00833_00007515.jpg,/Users/phamtunglam/Documents/Projects/mSigLIP/code/VN3K/imgs/HoGuom_01/00833_00007515.jpg,/Users/phamtunglam/Documents/Projects/mSigLIP/code/artifacts/deployment/qnn_inputs/vn3k_train_calib_500/raw/00093_pid832_HoGuom_01_00833_00007515.raw,172,378
94,929,train,HoGuom_01/00930_00009631.jpg,/Users/phamtunglam/Documents/Projects/mSigLIP/code/VN3K/imgs/HoGuom_01/00930_00009631.jpg,/Users/phamtunglam/Documents/Projects/mSigLIP/code/artifacts/deployment/qnn_inputs/vn3k_train_calib_500/raw/00094_pid929_HoGuom_01_00930_00009631.raw,64,164
95,512,train,HoGuom_00/00513_00001750.jpg,/Users/phamtunglam/Documents/Projects/mSigLIP/code/VN3K/imgs/HoGuom_00/00513_00001750.jpg,/Users/phamtunglam/Documents/Projects/mSigLIP/code/artifacts/deployment/qnn_inputs/vn3k_train_calib_500/raw/00095_pid512_HoGuom_00_00513_00001750.raw,89,210
96,1823,train,DHHN_HVBCVT_00/01824_00022260.jpg,/Users/phamtunglam/Documents/Projects/mSigLIP/code/VN3K/imgs/DHHN_HVBCVT_00/01824_00022260.jpg,/Users/phamtunglam/Documents/Projects/mSigLIP/code/artifacts/deployment/qnn_inputs/vn3k_train_calib_500/raw/00096_pid1823_DHHN_HVBCVT_00_01824_00022260.raw,252,652
97,981,train,HoGuom_01/00982_00007065.jpg,/Users/phamtunglam/Documents/Projects/mSigLIP/code/VN3K/imgs/HoGuom_01/00982_00007065.jpg,/Users/phamtunglam/Documents/Projects/mSigLIP/code/artifacts/deployment/qnn_inputs/vn3k_train_calib_500/raw/00097_pid981_HoGuom_01_00982_00007065.raw,107,239
98,1585,train,DHHN_HVBCVT_00/01586_00008235.jpg,/Users/phamtunglam/Documents/Projects/mSigLIP/code/VN3K/imgs/DHHN_HVBCVT_00/01586_00008235.jpg,/Users/phamtunglam/Documents/Projects/mSigLIP/code/artifacts/deployment/qnn_inputs/vn3k_train_calib_500/raw/00098_pid1585_DHHN_HVBCVT_00_01586_00008235.raw,71,231
99,1452,train,DANgoc_01/03042_1.jpg,/Users/phamtunglam/Documents/Projects/mSigLIP/code/VN3K/imgs/DANgoc_01/03042_1.jpg,/Users/phamtunglam/Documents/Projects/mSigLIP/code/artifacts/deployment/qnn_inputs/vn3k_train_calib_500/raw/00099_pid1452_DANgoc_01_03042_1.raw,103,249
100,516,train,HoGuom_00/00517_00002140.jpg,/Users/phamtunglam/Documents/Projects/mSigLIP/code/VN3K/imgs/HoGuom_00/00517_00002140.jpg,/Users/phamtunglam/Documents/Projects/mSigLIP/code/artifacts/deployment/qnn_inputs/vn3k_train_calib_500/raw/00100_pid516_HoGuom_00_00517_00002140.raw,110,321
101,225,train,HoGuom_00/00226_00006345.jpg,/Users/phamtunglam/Documents/Projects/mSigLIP/code/VN3K/imgs/HoGuom_00/00226_00006345.jpg,/Users/phamtunglam/Documents/Projects/mSigLIP/code/artifacts/deployment/qnn_inputs/vn3k_train_calib_500/raw/00101_pid225_HoGuom_00_00226_00006345.raw,283,678
102,1820,train,DHHN_HVBCVT_00/01821_00019560.jpg,/Users/phamtunglam/Documents/Projects/mSigLIP/code/VN3K/imgs/DHHN_HVBCVT_00/01821_00019560.jpg,/Users/phamtunglam/Documents/Projects/mSigLIP/code/artifacts/deployment/qnn_inputs/vn3k_train_calib_500/raw/00102_pid1820_DHHN_HVBCVT_00_01821_00019560.raw,132,357
103,9,train,TRAINNING_DATA/Person10/output_2.jpg,/Users/phamtunglam/Documents/Projects/mSigLIP/code/VN3K/imgs/TRAINNING_DATA/Person10/output_2.jpg,/Users/phamtunglam/Documents/Projects/mSigLIP/code/artifacts/deployment/qnn_inputs/vn3k_train_calib_500/raw/00103_pid9_TRAINNING_DATA_Person10_output_2.raw,156,267
104,3,train,TEST_DATA/Person4.2/output_12.jpg,/Users/phamtunglam/Documents/Projects/mSigLIP/code/VN3K/imgs/TEST_DATA/Person4.2/output_12.jpg,/Users/phamtunglam/Documents/Projects/mSigLIP/code/artifacts/deployment/qnn_inputs/vn3k_train_calib_500/raw/00104_pid3_TEST_DATA_Person4.2_output_12.raw,66,304
105,1617,train,DHHN_HVBCVT_00/01618_00023460.jpg,/Users/phamtunglam/Documents/Projects/mSigLIP/code/VN3K/imgs/DHHN_HVBCVT_00/01618_00023460.jpg,/Users/phamtunglam/Documents/Projects/mSigLIP/code/artifacts/deployment/qnn_inputs/vn3k_train_calib_500/raw/00105_pid1617_DHHN_HVBCVT_00_01618_00023460.raw,67,112
106,292,train,HoGuom_00/00293_00009300.jpg,/Users/phamtunglam/Documents/Projects/mSigLIP/code/VN3K/imgs/HoGuom_00/00293_00009300.jpg,/Users/phamtunglam/Documents/Projects/mSigLIP/code/artifacts/deployment/qnn_inputs/vn3k_train_calib_500/raw/00106_pid292_HoGuom_00_00293_00009300.raw,112,374
107,212,train,HoGuom_00/00213_00005690.jpg,/Users/phamtunglam/Documents/Projects/mSigLIP/code/VN3K/imgs/HoGuom_00/00213_00005690.jpg,/Users/phamtunglam/Documents/Projects/mSigLIP/code/artifacts/deployment/qnn_inputs/vn3k_train_calib_500/raw/00107_pid212_HoGuom_00_00213_00005690.raw,222,487
108,3,train,TEST_DATA/Person4.2/output_2.jpg,/Users/phamtunglam/Documents/Projects/mSigLIP/code/VN3K/imgs/TEST_DATA/Person4.2/output_2.jpg,/Users/phamtunglam/Documents/Projects/mSigLIP/code/artifacts/deployment/qnn_inputs/vn3k_train_calib_500/raw/00108_pid3_TEST_DATA_Person4.2_output_2.raw,86,208
109,810,train,HoGuom_01/00811_00002865.jpg,/Users/phamtunglam/Documents/Projects/mSigLIP/code/VN3K/imgs/HoGuom_01/00811_00002865.jpg,/Users/phamtunglam/Documents/Projects/mSigLIP/code/artifacts/deployment/qnn_inputs/vn3k_train_calib_500/raw/00109_pid810_HoGuom_01_00811_00002865.raw,117,329
110,1707,train,DHHN_HVBCVT_00/01708_00008130.jpg,/Users/phamtunglam/Documents/Projects/mSigLIP/code/VN3K/imgs/DHHN_HVBCVT_00/01708_00008130.jpg,/Users/phamtunglam/Documents/Projects/mSigLIP/code/artifacts/deployment/qnn_inputs/vn3k_train_calib_500/raw/00110_pid1707_DHHN_HVBCVT_00_01708_00008130.raw,94,286
111,1054,train,HoGuom_01/01055_00001320.jpg,/Users/phamtunglam/Documents/Projects/mSigLIP/code/VN3K/imgs/HoGuom_01/01055_00001320.jpg,/Users/phamtunglam/Documents/Projects/mSigLIP/code/artifacts/deployment/qnn_inputs/vn3k_train_calib_500/raw/00111_pid1054_HoGuom_01_01055_00001320.raw,209,632
112,1735,train,DHHN_HVBCVT_00/01736_00013935.jpg,/Users/phamtunglam/Documents/Projects/mSigLIP/code/VN3K/imgs/DHHN_HVBCVT_00/01736_00013935.jpg,/Users/phamtunglam/Documents/Projects/mSigLIP/code/artifacts/deployment/qnn_inputs/vn3k_train_calib_500/raw/00112_pid1735_DHHN_HVBCVT_00_01736_00013935.raw,97,281
113,1722,train,DHHN_HVBCVT_00/01723_00012210.jpg,/Users/phamtunglam/Documents/Projects/mSigLIP/code/VN3K/imgs/DHHN_HVBCVT_00/01723_00012210.jpg,/Users/phamtunglam/Documents/Projects/mSigLIP/code/artifacts/deployment/qnn_inputs/vn3k_train_calib_500/raw/00113_pid1722_DHHN_HVBCVT_00_01723_00012210.raw,81,205
114,506,train,HoGuom_00/00507_00000980.jpg,/Users/phamtunglam/Documents/Projects/mSigLIP/code/VN3K/imgs/HoGuom_00/00507_00000980.jpg,/Users/phamtunglam/Documents/Projects/mSigLIP/code/artifacts/deployment/qnn_inputs/vn3k_train_calib_500/raw/00114_pid506_HoGuom_00_00507_00000980.raw,76,156
115,1833,train,DHHN_HVBCVT_00/01834_00029370.jpg,/Users/phamtunglam/Documents/Projects/mSigLIP/code/VN3K/imgs/DHHN_HVBCVT_00/01834_00029370.jpg,/Users/phamtunglam/Documents/Projects/mSigLIP/code/artifacts/deployment/qnn_inputs/vn3k_train_calib_500/raw/00115_pid1833_DHHN_HVBCVT_00_01834_00029370.raw,180,495
116,1639,train,DHHN_HVBCVT_00/01640_00034935.jpg,/Users/phamtunglam/Documents/Projects/mSigLIP/code/VN3K/imgs/DHHN_HVBCVT_00/01640_00034935.jpg,/Users/phamtunglam/Documents/Projects/mSigLIP/code/artifacts/deployment/qnn_inputs/vn3k_train_calib_500/raw/00116_pid1639_DHHN_HVBCVT_00_01640_00034935.raw,137,362
117,80,train,HoGuom_00/00081_00000825.jpg,/Users/phamtunglam/Documents/Projects/mSigLIP/code/VN3K/imgs/HoGuom_00/00081_00000825.jpg,/Users/phamtunglam/Documents/Projects/mSigLIP/code/artifacts/deployment/qnn_inputs/vn3k_train_calib_500/raw/00117_pid80_HoGuom_00_00081_00000825.raw,92,158
118,1200,train,HoGuom_01/01201_00003375.jpg,/Users/phamtunglam/Documents/Projects/mSigLIP/code/VN3K/imgs/HoGuom_01/01201_00003375.jpg,/Users/phamtunglam/Documents/Projects/mSigLIP/code/artifacts/deployment/qnn_inputs/vn3k_train_calib_500/raw/00118_pid1200_HoGuom_01_01201_00003375.raw,177,434
119,1394,train,HoGuom_01/01395_2.jpg,/Users/phamtunglam/Documents/Projects/mSigLIP/code/VN3K/imgs/HoGuom_01/01395_2.jpg,/Users/phamtunglam/Documents/Projects/mSigLIP/code/artifacts/deployment/qnn_inputs/vn3k_train_calib_500/raw/00119_pid1394_HoGuom_01_01395_2.raw,86,269
120,721,train,HoGuom_00/00722_00011670.jpg,/Users/phamtunglam/Documents/Projects/mSigLIP/code/VN3K/imgs/HoGuom_00/00722_00011670.jpg,/Users/phamtunglam/Documents/Projects/mSigLIP/code/artifacts/deployment/qnn_inputs/vn3k_train_calib_500/raw/00120_pid721_HoGuom_00_00722_00011670.raw,71,105
121,23,train,TRAINNING_DATA/Person24/output_6.jpg,/Users/phamtunglam/Documents/Projects/mSigLIP/code/VN3K/imgs/TRAINNING_DATA/Person24/output_6.jpg,/Users/phamtunglam/Documents/Projects/mSigLIP/code/artifacts/deployment/qnn_inputs/vn3k_train_calib_500/raw/00121_pid23_TRAINNING_DATA_Person24_output_6.raw,242,363
122,1732,train,DHHN_HVBCVT_00/01733_00013635.jpg,/Users/phamtunglam/Documents/Projects/mSigLIP/code/VN3K/imgs/DHHN_HVBCVT_00/01733_00013635.jpg,/Users/phamtunglam/Documents/Projects/mSigLIP/code/artifacts/deployment/qnn_inputs/vn3k_train_calib_500/raw/00122_pid1732_DHHN_HVBCVT_00_01733_00013635.raw,102,333
123,700,train,HoGuom_00/00701_00010240.jpg,/Users/phamtunglam/Documents/Projects/mSigLIP/code/VN3K/imgs/HoGuom_00/00701_00010240.jpg,/Users/phamtunglam/Documents/Projects/mSigLIP/code/artifacts/deployment/qnn_inputs/vn3k_train_calib_500/raw/00123_pid700_HoGuom_00_00701_00010240.raw,83,242
124,303,train,HoGuom_00/00304_00009830.jpg,/Users/phamtunglam/Documents/Projects/mSigLIP/code/VN3K/imgs/HoGuom_00/00304_00009830.jpg,/Users/phamtunglam/Documents/Projects/mSigLIP/code/artifacts/deployment/qnn_inputs/vn3k_train_calib_500/raw/00124_pid303_HoGuom_00_00304_00009830.raw,145,278
125,1990,train,TamChuc_01/01991_1.jpg,/Users/phamtunglam/Documents/Projects/mSigLIP/code/VN3K/imgs/TamChuc_01/01991_1.jpg,/Users/phamtunglam/Documents/Projects/mSigLIP/code/artifacts/deployment/qnn_inputs/vn3k_train_calib_500/raw/00125_pid1990_TamChuc_01_01991_1.raw,67,216
126,402,train,HoGuom_00/00403_00013585.jpg,/Users/phamtunglam/Documents/Projects/mSigLIP/code/VN3K/imgs/HoGuom_00/00403_00013585.jpg,/Users/phamtunglam/Documents/Projects/mSigLIP/code/artifacts/deployment/qnn_inputs/vn3k_train_calib_500/raw/00126_pid402_HoGuom_00_00403_00013585.raw,77,201
127,410,train,HoGuom_00/00411_00013860.jpg,/Users/phamtunglam/Documents/Projects/mSigLIP/code/VN3K/imgs/HoGuom_00/00411_00013860.jpg,/Users/phamtunglam/Documents/Projects/mSigLIP/code/artifacts/deployment/qnn_inputs/vn3k_train_calib_500/raw/00127_pid410_HoGuom_00_00411_00013860.raw,103,286
128,762,train,HoGuom_00/00763_00013450.jpg,/Users/phamtunglam/Documents/Projects/mSigLIP/code/VN3K/imgs/HoGuom_00/00763_00013450.jpg,/Users/phamtunglam/Documents/Projects/mSigLIP/code/artifacts/deployment/qnn_inputs/vn3k_train_calib_500/raw/00128_pid762_HoGuom_00_00763_00013450.raw,66,150
129,11,train,TRAINNING_DATA/Person12/output_9.jpg,/Users/phamtunglam/Documents/Projects/mSigLIP/code/VN3K/imgs/TRAINNING_DATA/Person12/output_9.jpg,/Users/phamtunglam/Documents/Projects/mSigLIP/code/artifacts/deployment/qnn_inputs/vn3k_train_calib_500/raw/00129_pid11_TRAINNING_DATA_Person12_output_9.raw,86,298
130,240,train,HoGuom_00/00241_00008265.jpg,/Users/phamtunglam/Documents/Projects/mSigLIP/code/VN3K/imgs/HoGuom_00/00241_00008265.jpg,/Users/phamtunglam/Documents/Projects/mSigLIP/code/artifacts/deployment/qnn_inputs/vn3k_train_calib_500/raw/00130_pid240_HoGuom_00_00241_00008265.raw,262,652
131,1838,train,DHHN_HVBCVT_00/01839_00031065.jpg,/Users/phamtunglam/Documents/Projects/mSigLIP/code/VN3K/imgs/DHHN_HVBCVT_00/01839_00031065.jpg,/Users/phamtunglam/Documents/Projects/mSigLIP/code/artifacts/deployment/qnn_inputs/vn3k_train_calib_500/raw/00131_pid1838_DHHN_HVBCVT_00_01839_00031065.raw,125,301
132,1265,train,HoGuom_01/01266_00005220.jpg,/Users/phamtunglam/Documents/Projects/mSigLIP/code/VN3K/imgs/HoGuom_01/01266_00005220.jpg,/Users/phamtunglam/Documents/Projects/mSigLIP/code/artifacts/deployment/qnn_inputs/vn3k_train_calib_500/raw/00132_pid1265_HoGuom_01_01266_00005220.raw,124,291
133,46,train,TEST_DATA/Person47.2/output_6.jpg,/Users/phamtunglam/Documents/Projects/mSigLIP/code/VN3K/imgs/TEST_DATA/Person47.2/output_6.jpg,/Users/phamtunglam/Documents/Projects/mSigLIP/code/artifacts/deployment/qnn_inputs/vn3k_train_calib_500/raw/00133_pid46_TEST_DATA_Person47.2_output_6.raw,177,368
134,944,train,HoGuom_01/00945_00000825.jpg,/Users/phamtunglam/Documents/Projects/mSigLIP/code/VN3K/imgs/HoGuom_01/00945_00000825.jpg,/Users/phamtunglam/Documents/Projects/mSigLIP/code/artifacts/deployment/qnn_inputs/vn3k_train_calib_500/raw/00134_pid944_HoGuom_01_00945_00000825.raw,141,285
135,563,train,HoGuom_00/00564_00004695.jpg,/Users/phamtunglam/Documents/Projects/mSigLIP/code/VN3K/imgs/HoGuom_00/00564_00004695.jpg,/Users/phamtunglam/Documents/Projects/mSigLIP/code/artifacts/deployment/qnn_inputs/vn3k_train_calib_500/raw/00135_pid563_HoGuom_00_00564_00004695.raw,109,317
136,1516,train,DHHN_HVBCVT_00/01517_00017760.jpg,/Users/phamtunglam/Documents/Projects/mSigLIP/code/VN3K/imgs/DHHN_HVBCVT_00/01517_00017760.jpg,/Users/phamtunglam/Documents/Projects/mSigLIP/code/artifacts/deployment/qnn_inputs/vn3k_train_calib_500/raw/00136_pid1516_DHHN_HVBCVT_00_01517_00017760.raw,98,223
137,1017,train,HoGuom_01/01018_00001845.jpg,/Users/phamtunglam/Documents/Projects/mSigLIP/code/VN3K/imgs/HoGuom_01/01018_00001845.jpg,/Users/phamtunglam/Documents/Projects/mSigLIP/code/artifacts/deployment/qnn_inputs/vn3k_train_calib_500/raw/00137_pid1017_HoGuom_01_01018_00001845.raw,148,596
138,1190,train,HoGuom_01/01191_00001965.jpg,/Users/phamtunglam/Documents/Projects/mSigLIP/code/VN3K/imgs/HoGuom_01/01191_00001965.jpg,/Users/phamtunglam/Documents/Projects/mSigLIP/code/artifacts/deployment/qnn_inputs/vn3k_train_calib_500/raw/00138_pid1190_HoGuom_01_01191_00001965.raw,84,267
139,380,train,HoGuom_00/00381_00012930.jpg,/Users/phamtunglam/Documents/Projects/mSigLIP/code/VN3K/imgs/HoGuom_00/00381_00012930.jpg,/Users/phamtunglam/Documents/Projects/mSigLIP/code/artifacts/deployment/qnn_inputs/vn3k_train_calib_500/raw/00139_pid380_HoGuom_00_00381_00012930.raw,135,222
140,1181,train,HoGuom_01/01182_00001185.jpg,/Users/phamtunglam/Documents/Projects/mSigLIP/code/VN3K/imgs/HoGuom_01/01182_00001185.jpg,/Users/phamtunglam/Documents/Projects/mSigLIP/code/artifacts/deployment/qnn_inputs/vn3k_train_calib_500/raw/00140_pid1181_HoGuom_01_01182_00001185.raw,192,295
141,1268,train,HoGuom_01/01269_00004965.jpg,/Users/phamtunglam/Documents/Projects/mSigLIP/code/VN3K/imgs/HoGuom_01/01269_00004965.jpg,/Users/phamtunglam/Documents/Projects/mSigLIP/code/artifacts/deployment/qnn_inputs/vn3k_train_calib_500/raw/00141_pid1268_HoGuom_01_01269_00004965.raw,128,407
142,716,train,HoGuom_00/00717_00011705.jpg,/Users/phamtunglam/Documents/Projects/mSigLIP/code/VN3K/imgs/HoGuom_00/00717_00011705.jpg,/Users/phamtunglam/Documents/Projects/mSigLIP/code/artifacts/deployment/qnn_inputs/vn3k_train_calib_500/raw/00142_pid716_HoGuom_00_00717_00011705.raw,190,496
143,165,train,HoGuom_00/00166_00004410.jpg,/Users/phamtunglam/Documents/Projects/mSigLIP/code/VN3K/imgs/HoGuom_00/00166_00004410.jpg,/Users/phamtunglam/Documents/Projects/mSigLIP/code/artifacts/deployment/qnn_inputs/vn3k_train_calib_500/raw/00143_pid165_HoGuom_00_00166_00004410.raw,269,711
144,932,train,HoGuom_01/00933_00016381.jpg,/Users/phamtunglam/Documents/Projects/mSigLIP/code/VN3K/imgs/HoGuom_01/00933_00016381.jpg,/Users/phamtunglam/Documents/Projects/mSigLIP/code/artifacts/deployment/qnn_inputs/vn3k_train_calib_500/raw/00144_pid932_HoGuom_01_00933_00016381.raw,71,200
145,1021,train,HoGuom_01/01022_00001200.jpg,/Users/phamtunglam/Documents/Projects/mSigLIP/code/VN3K/imgs/HoGuom_01/01022_00001200.jpg,/Users/phamtunglam/Documents/Projects/mSigLIP/code/artifacts/deployment/qnn_inputs/vn3k_train_calib_500/raw/00145_pid1021_HoGuom_01_01022_00001200.raw,116,278
146,62,train,TEST_DATA/Person63.2/output_9.jpg,/Users/phamtunglam/Documents/Projects/mSigLIP/code/VN3K/imgs/TEST_DATA/Person63.2/output_9.jpg,/Users/phamtunglam/Documents/Projects/mSigLIP/code/artifacts/deployment/qnn_inputs/vn3k_train_calib_500/raw/00146_pid62_TEST_DATA_Person63.2_output_9.raw,77,265
147,1726,train,DHHN_HVBCVT_00/01727_00012855.jpg,/Users/phamtunglam/Documents/Projects/mSigLIP/code/VN3K/imgs/DHHN_HVBCVT_00/01727_00012855.jpg,/Users/phamtunglam/Documents/Projects/mSigLIP/code/artifacts/deployment/qnn_inputs/vn3k_train_calib_500/raw/00147_pid1726_DHHN_HVBCVT_00_01727_00012855.raw,155,429
148,592,train,HoGuom_00/00593_00006390.jpg,/Users/phamtunglam/Documents/Projects/mSigLIP/code/VN3K/imgs/HoGuom_00/00593_00006390.jpg,/Users/phamtunglam/Documents/Projects/mSigLIP/code/artifacts/deployment/qnn_inputs/vn3k_train_calib_500/raw/00148_pid592_HoGuom_00_00593_00006390.raw,77,212
149,14,train,TEST_DATA/Person15.2/output_9.jpg,/Users/phamtunglam/Documents/Projects/mSigLIP/code/VN3K/imgs/TEST_DATA/Person15.2/output_9.jpg,/Users/phamtunglam/Documents/Projects/mSigLIP/code/artifacts/deployment/qnn_inputs/vn3k_train_calib_500/raw/00149_pid14_TEST_DATA_Person15.2_output_9.raw,169,313
150,473,train,HoGuom_00/00474_00016445.jpg,/Users/phamtunglam/Documents/Projects/mSigLIP/code/VN3K/imgs/HoGuom_00/00474_00016445.jpg,/Users/phamtunglam/Documents/Projects/mSigLIP/code/artifacts/deployment/qnn_inputs/vn3k_train_calib_500/raw/00150_pid473_HoGuom_00_00474_00016445.raw,69,209
151,1042,train,HoGuom_01/01043_00000885.jpg,/Users/phamtunglam/Documents/Projects/mSigLIP/code/VN3K/imgs/HoGuom_01/01043_00000885.jpg,/Users/phamtunglam/Documents/Projects/mSigLIP/code/artifacts/deployment/qnn_inputs/vn3k_train_calib_500/raw/00151_pid1042_HoGuom_01_01043_00000885.raw,333,794
152,1818,train,DHHN_HVBCVT_00/01819_00018120.jpg,/Users/phamtunglam/Documents/Projects/mSigLIP/code/VN3K/imgs/DHHN_HVBCVT_00/01819_00018120.jpg,/Users/phamtunglam/Documents/Projects/mSigLIP/code/artifacts/deployment/qnn_inputs/vn3k_train_calib_500/raw/00152_pid1818_DHHN_HVBCVT_00_01819_00018120.raw,72,268
153,707,train,HoGuom_00/00708_00010380.jpg,/Users/phamtunglam/Documents/Projects/mSigLIP/code/VN3K/imgs/HoGuom_00/00708_00010380.jpg,/Users/phamtunglam/Documents/Projects/mSigLIP/code/artifacts/deployment/qnn_inputs/vn3k_train_calib_500/raw/00153_pid707_HoGuom_00_00708_00010380.raw,86,257
154,1701,train,DHHN_HVBCVT_00/01702_00007065.jpg,/Users/phamtunglam/Documents/Projects/mSigLIP/code/VN3K/imgs/DHHN_HVBCVT_00/01702_00007065.jpg,/Users/phamtunglam/Documents/Projects/mSigLIP/code/artifacts/deployment/qnn_inputs/vn3k_train_calib_500/raw/00154_pid1701_DHHN_HVBCVT_00_01702_00007065.raw,69,172
155,719,train,HoGuom_00/00720_00011345.jpg,/Users/phamtunglam/Documents/Projects/mSigLIP/code/VN3K/imgs/HoGuom_00/00720_00011345.jpg,/Users/phamtunglam/Documents/Projects/mSigLIP/code/artifacts/deployment/qnn_inputs/vn3k_train_calib_500/raw/00155_pid719_HoGuom_00_00720_00011345.raw,129,265
156,1412,train,HoGuom_01/01413_2.jpg,/Users/phamtunglam/Documents/Projects/mSigLIP/code/VN3K/imgs/HoGuom_01/01413_2.jpg,/Users/phamtunglam/Documents/Projects/mSigLIP/code/artifacts/deployment/qnn_inputs/vn3k_train_calib_500/raw/00156_pid1412_HoGuom_01_01413_2.raw,147,336
157,40,train,TEST_DATA/Person41.2/output_9.jpg,/Users/phamtunglam/Documents/Projects/mSigLIP/code/VN3K/imgs/TEST_DATA/Person41.2/output_9.jpg,/Users/phamtunglam/Documents/Projects/mSigLIP/code/artifacts/deployment/qnn_inputs/vn3k_train_calib_500/raw/00157_pid40_TEST_DATA_Person41.2_output_9.raw,134,389
158,1868,train,DHGTVT_00/01869_00003650.jpg,/Users/phamtunglam/Documents/Projects/mSigLIP/code/VN3K/imgs/DHGTVT_00/01869_00003650.jpg,/Users/phamtunglam/Documents/Projects/mSigLIP/code/artifacts/deployment/qnn_inputs/vn3k_train_calib_500/raw/00158_pid1868_DHGTVT_00_01869_00003650.raw,115,329
159,1977,train,DHGTVT_00/01978_00028790.jpg,/Users/phamtunglam/Documents/Projects/mSigLIP/code/VN3K/imgs/DHGTVT_00/01978_00028790.jpg,/Users/phamtunglam/Documents/Projects/mSigLIP/code/artifacts/deployment/qnn_inputs/vn3k_train_calib_500/raw/00159_pid1977_DHGTVT_00_01978_00028790.raw,142,338
160,1001,train,HoGuom_01/01002_00000750.jpg,/Users/phamtunglam/Documents/Projects/mSigLIP/code/VN3K/imgs/HoGuom_01/01002_00000750.jpg,/Users/phamtunglam/Documents/Projects/mSigLIP/code/artifacts/deployment/qnn_inputs/vn3k_train_calib_500/raw/00160_pid1001_HoGuom_01_01002_00000750.raw,99,297
161,1071,train,HoGuom_01/01072_00004740.jpg,/Users/phamtunglam/Documents/Projects/mSigLIP/code/VN3K/imgs/HoGuom_01/01072_00004740.jpg,/Users/phamtunglam/Documents/Projects/mSigLIP/code/artifacts/deployment/qnn_inputs/vn3k_train_calib_500/raw/00161_pid1071_HoGuom_01_01072_00004740.raw,115,373
162,1808,train,DHHN_HVBCVT_00/01809_00007065.jpg,/Users/phamtunglam/Documents/Projects/mSigLIP/code/VN3K/imgs/DHHN_HVBCVT_00/01809_00007065.jpg,/Users/phamtunglam/Documents/Projects/mSigLIP/code/artifacts/deployment/qnn_inputs/vn3k_train_calib_500/raw/00162_pid1808_DHHN_HVBCVT_00_01809_00007065.raw,161,364
163,42,train,TEST_DATA/Person43.2/output_6.jpg,/Users/phamtunglam/Documents/Projects/mSigLIP/code/VN3K/imgs/TEST_DATA/Person43.2/output_6.jpg,/Users/phamtunglam/Documents/Projects/mSigLIP/code/artifacts/deployment/qnn_inputs/vn3k_train_calib_500/raw/00163_pid42_TEST_DATA_Person43.2_output_6.raw,88,283
164,1389,train,HoGuom_01/01390_2.jpg,/Users/phamtunglam/Documents/Projects/mSigLIP/code/VN3K/imgs/HoGuom_01/01390_2.jpg,/Users/phamtunglam/Documents/Projects/mSigLIP/code/artifacts/deployment/qnn_inputs/vn3k_train_calib_500/raw/00164_pid1389_HoGuom_01_01390_2.raw,102,273
165,1105,train,HoGuom_01/01106_00001290.jpg,/Users/phamtunglam/Documents/Projects/mSigLIP/code/VN3K/imgs/HoGuom_01/01106_00001290.jpg,/Users/phamtunglam/Documents/Projects/mSigLIP/code/artifacts/deployment/qnn_inputs/vn3k_train_calib_500/raw/00165_pid1105_HoGuom_01_01106_00001290.raw,122,312
166,1416,train,HoGuom_01/01417_1.jpg,/Users/phamtunglam/Documents/Projects/mSigLIP/code/VN3K/imgs/HoGuom_01/01417_1.jpg,/Users/phamtunglam/Documents/Projects/mSigLIP/code/artifacts/deployment/qnn_inputs/vn3k_train_calib_500/raw/00166_pid1416_HoGuom_01_01417_1.raw,123,363
167,1164,train,HoGuom_01/01165_00000780.jpg,/Users/phamtunglam/Documents/Projects/mSigLIP/code/VN3K/imgs/HoGuom_01/01165_00000780.jpg,/Users/phamtunglam/Documents/Projects/mSigLIP/code/artifacts/deployment/qnn_inputs/vn3k_train_calib_500/raw/00167_pid1164_HoGuom_01_01165_00000780.raw,122,273
168,1522,train,DHHN_HVBCVT_00/01523_00001935.jpg,/Users/phamtunglam/Documents/Projects/mSigLIP/code/VN3K/imgs/DHHN_HVBCVT_00/01523_00001935.jpg,/Users/phamtunglam/Documents/Projects/mSigLIP/code/artifacts/deployment/qnn_inputs/vn3k_train_calib_500/raw/00168_pid1522_DHHN_HVBCVT_00_01523_00001935.raw,298,914
169,459,train,HoGuom_00/00460_00016170.jpg,/Users/phamtunglam/Documents/Projects/mSigLIP/code/VN3K/imgs/HoGuom_00/00460_00016170.jpg,/Users/phamtunglam/Documents/Projects/mSigLIP/code/artifacts/deployment/qnn_inputs/vn3k_train_calib_500/raw/00169_pid459_HoGuom_00_00460_00016170.raw,114,306
170,808,train,HoGuom_01/00809_00002745.jpg,/Users/phamtunglam/Documents/Projects/mSigLIP/code/VN3K/imgs/HoGuom_01/00809_00002745.jpg,/Users/phamtunglam/Documents/Projects/mSigLIP/code/artifacts/deployment/qnn_inputs/vn3k_train_calib_500/raw/00170_pid808_HoGuom_01_00809_00002745.raw,119,285
171,84,train,HoGuom_00/00085_00000770.jpg,/Users/phamtunglam/Documents/Projects/mSigLIP/code/VN3K/imgs/HoGuom_00/00085_00000770.jpg,/Users/phamtunglam/Documents/Projects/mSigLIP/code/artifacts/deployment/qnn_inputs/vn3k_train_calib_500/raw/00171_pid84_HoGuom_00_00085_00000770.raw,65,132
172,137,train,HoGuom_00/00138_00002640.jpg,/Users/phamtunglam/Documents/Projects/mSigLIP/code/VN3K/imgs/HoGuom_00/00138_00002640.jpg,/Users/phamtunglam/Documents/Projects/mSigLIP/code/artifacts/deployment/qnn_inputs/vn3k_train_calib_500/raw/00172_pid137_HoGuom_00_00138_00002640.raw,105,235
173,1771,train,DHHN_HVBCVT_00/01772_00001335.jpg,/Users/phamtunglam/Documents/Projects/mSigLIP/code/VN3K/imgs/DHHN_HVBCVT_00/01772_00001335.jpg,/Users/phamtunglam/Documents/Projects/mSigLIP/code/artifacts/deployment/qnn_inputs/vn3k_train_calib_500/raw/00173_pid1771_DHHN_HVBCVT_00_01772_00001335.raw,137,364
174,942,train,HoGuom_01/00943_00000315.jpg,/Users/phamtunglam/Documents/Projects/mSigLIP/code/VN3K/imgs/HoGuom_01/00943_00000315.jpg,/Users/phamtunglam/Documents/Projects/mSigLIP/code/artifacts/deployment/qnn_inputs/vn3k_train_calib_500/raw/00174_pid942_HoGuom_01_00943_00000315.raw,110,242
175,1121,train,HoGuom_01/01122_00002175.jpg,/Users/phamtunglam/Documents/Projects/mSigLIP/code/VN3K/imgs/HoGuom_01/01122_00002175.jpg,/Users/phamtunglam/Documents/Projects/mSigLIP/code/artifacts/deployment/qnn_inputs/vn3k_train_calib_500/raw/00175_pid1121_HoGuom_01_01122_00002175.raw,216,577
176,67,train,TEST_DATA/Person68.2/output_2.jpg,/Users/phamtunglam/Documents/Projects/mSigLIP/code/VN3K/imgs/TEST_DATA/Person68.2/output_2.jpg,/Users/phamtunglam/Documents/Projects/mSigLIP/code/artifacts/deployment/qnn_inputs/vn3k_train_calib_500/raw/00176_pid67_TEST_DATA_Person68.2_output_2.raw,64,192
177,1049,train,HoGuom_01/01050_00002265.jpg,/Users/phamtunglam/Documents/Projects/mSigLIP/code/VN3K/imgs/HoGuom_01/01050_00002265.jpg,/Users/phamtunglam/Documents/Projects/mSigLIP/code/artifacts/deployment/qnn_inputs/vn3k_train_calib_500/raw/00177_pid1049_HoGuom_01_01050_00002265.raw,159,590
178,281,train,HoGuom_00/00282_00008810.jpg,/Users/phamtunglam/Documents/Projects/mSigLIP/code/VN3K/imgs/HoGuom_00/00282_00008810.jpg,/Users/phamtunglam/Documents/Projects/mSigLIP/code/artifacts/deployment/qnn_inputs/vn3k_train_calib_500/raw/00178_pid281_HoGuom_00_00282_00008810.raw,97,379
179,190,train,HoGuom_00/00191_00004670.jpg,/Users/phamtunglam/Documents/Projects/mSigLIP/code/VN3K/imgs/HoGuom_00/00191_00004670.jpg,/Users/phamtunglam/Documents/Projects/mSigLIP/code/artifacts/deployment/qnn_inputs/vn3k_train_calib_500/raw/00179_pid190_HoGuom_00_00191_00004670.raw,146,385
180,509,train,HoGuom_00/00510_00001210.jpg,/Users/phamtunglam/Documents/Projects/mSigLIP/code/VN3K/imgs/HoGuom_00/00510_00001210.jpg,/Users/phamtunglam/Documents/Projects/mSigLIP/code/artifacts/deployment/qnn_inputs/vn3k_train_calib_500/raw/00180_pid509_HoGuom_00_00510_00001210.raw,273,467
181,1938,train,DHGTVT_00/01939_00011110.jpg,/Users/phamtunglam/Documents/Projects/mSigLIP/code/VN3K/imgs/DHGTVT_00/01939_00011110.jpg,/Users/phamtunglam/Documents/Projects/mSigLIP/code/artifacts/deployment/qnn_inputs/vn3k_train_calib_500/raw/00181_pid1938_DHGTVT_00_01939_00011110.raw,145,399
182,50,train,TRAINNING_DATA/Person51/output_2.jpg,/Users/phamtunglam/Documents/Projects/mSigLIP/code/VN3K/imgs/TRAINNING_DATA/Person51/output_2.jpg,/Users/phamtunglam/Documents/Projects/mSigLIP/code/artifacts/deployment/qnn_inputs/vn3k_train_calib_500/raw/00182_pid50_TRAINNING_DATA_Person51_output_2.raw,178,340
183,1622,train,DHHN_HVBCVT_00/01623_00026835.jpg,/Users/phamtunglam/Documents/Projects/mSigLIP/code/VN3K/imgs/DHHN_HVBCVT_00/01623_00026835.jpg,/Users/phamtunglam/Documents/Projects/mSigLIP/code/artifacts/deployment/qnn_inputs/vn3k_train_calib_500/raw/00183_pid1622_DHHN_HVBCVT_00_01623_00026835.raw,200,467
184,71,train,TEST_DATA/Person72.2/output_2.jpg,/Users/phamtunglam/Documents/Projects/mSigLIP/code/VN3K/imgs/TEST_DATA/Person72.2/output_2.jpg,/Users/phamtunglam/Documents/Projects/mSigLIP/code/artifacts/deployment/qnn_inputs/vn3k_train_calib_500/raw/00184_pid71_TEST_DATA_Person72.2_output_2.raw,70,194
185,823,train,HoGuom_01/00824_00004365.jpg,/Users/phamtunglam/Documents/Projects/mSigLIP/code/VN3K/imgs/HoGuom_01/00824_00004365.jpg,/Users/phamtunglam/Documents/Projects/mSigLIP/code/artifacts/deployment/qnn_inputs/vn3k_train_calib_500/raw/00185_pid823_HoGuom_01_00824_00004365.raw,64,177
186,1291,train,HoGuom_01/01292_00005445.jpg,/Users/phamtunglam/Documents/Projects/mSigLIP/code/VN3K/imgs/HoGuom_01/01292_00005445.jpg,/Users/phamtunglam/Documents/Projects/mSigLIP/code/artifacts/deployment/qnn_inputs/vn3k_train_calib_500/raw/00186_pid1291_HoGuom_01_01292_00005445.raw,193,614
187,688,train,HoGuom_00/00689_00009905.jpg,/Users/phamtunglam/Documents/Projects/mSigLIP/code/VN3K/imgs/HoGuom_00/00689_00009905.jpg,/Users/phamtunglam/Documents/Projects/mSigLIP/code/artifacts/deployment/qnn_inputs/vn3k_train_calib_500/raw/00187_pid688_HoGuom_00_00689_00009905.raw,74,196
188,668,train,HoGuom_00/00669_00008560.jpg,/Users/phamtunglam/Documents/Projects/mSigLIP/code/VN3K/imgs/HoGuom_00/00669_00008560.jpg,/Users/phamtunglam/Documents/Projects/mSigLIP/code/artifacts/deployment/qnn_inputs/vn3k_train_calib_500/raw/00188_pid668_HoGuom_00_00669_00008560.raw,254,618
189,547,train,HoGuom_00/00548_00004040.jpg,/Users/phamtunglam/Documents/Projects/mSigLIP/code/VN3K/imgs/HoGuom_00/00548_00004040.jpg,/Users/phamtunglam/Documents/Projects/mSigLIP/code/artifacts/deployment/qnn_inputs/vn3k_train_calib_500/raw/00189_pid547_HoGuom_00_00548_00004040.raw,104,398
190,1028,train,HoGuom_01/01029_00000120.jpg,/Users/phamtunglam/Documents/Projects/mSigLIP/code/VN3K/imgs/HoGuom_01/01029_00000120.jpg,/Users/phamtunglam/Documents/Projects/mSigLIP/code/artifacts/deployment/qnn_inputs/vn3k_train_calib_500/raw/00190_pid1028_HoGuom_01_01029_00000120.raw,64,185
191,1081,train,HoGuom_01/01082_00005280.jpg,/Users/phamtunglam/Documents/Projects/mSigLIP/code/VN3K/imgs/HoGuom_01/01082_00005280.jpg,/Users/phamtunglam/Documents/Projects/mSigLIP/code/artifacts/deployment/qnn_inputs/vn3k_train_calib_500/raw/00191_pid1081_HoGuom_01_01082_00005280.raw,190,460
192,549,train,HoGuom_00/00550_00004355.jpg,/Users/phamtunglam/Documents/Projects/mSigLIP/code/VN3K/imgs/HoGuom_00/00550_00004355.jpg,/Users/phamtunglam/Documents/Projects/mSigLIP/code/artifacts/deployment/qnn_inputs/vn3k_train_calib_500/raw/00192_pid549_HoGuom_00_00550_00004355.raw,109,270
193,726,train,HoGuom_00/00727_00012285.jpg,/Users/phamtunglam/Documents/Projects/mSigLIP/code/VN3K/imgs/HoGuom_00/00727_00012285.jpg,/Users/phamtunglam/Documents/Projects/mSigLIP/code/artifacts/deployment/qnn_inputs/vn3k_train_calib_500/raw/00193_pid726_HoGuom_00_00727_00012285.raw,70,166
194,899,train,HoGuom_01/00900_00016215.jpg,/Users/phamtunglam/Documents/Projects/mSigLIP/code/VN3K/imgs/HoGuom_01/00900_00016215.jpg,/Users/phamtunglam/Documents/Projects/mSigLIP/code/artifacts/deployment/qnn_inputs/vn3k_train_calib_500/raw/00194_pid899_HoGuom_01_00900_00016215.raw,76,195
195,1625,train,DHHN_HVBCVT_00/01626_00028860.jpg,/Users/phamtunglam/Documents/Projects/mSigLIP/code/VN3K/imgs/DHHN_HVBCVT_00/01626_00028860.jpg,/Users/phamtunglam/Documents/Projects/mSigLIP/code/artifacts/deployment/qnn_inputs/vn3k_train_calib_500/raw/00195_pid1625_DHHN_HVBCVT_00_01626_00028860.raw,94,296
196,694,train,HoGuom_00/00695_00010115.jpg,/Users/phamtunglam/Documents/Projects/mSigLIP/code/VN3K/imgs/HoGuom_00/00695_00010115.jpg,/Users/phamtunglam/Documents/Projects/mSigLIP/code/artifacts/deployment/qnn_inputs/vn3k_train_calib_500/raw/00196_pid694_HoGuom_00_00695_00010115.raw,86,285
197,1929,train,DHGTVT_00/01930_00010660.jpg,/Users/phamtunglam/Documents/Projects/mSigLIP/code/VN3K/imgs/DHGTVT_00/01930_00010660.jpg,/Users/phamtunglam/Documents/Projects/mSigLIP/code/artifacts/deployment/qnn_inputs/vn3k_train_calib_500/raw/00197_pid1929_DHGTVT_00_01930_00010660.raw,92,220
198,280,train,HoGuom_00/00281_00008800.jpg,/Users/phamtunglam/Documents/Projects/mSigLIP/code/VN3K/imgs/HoGuom_00/00281_00008800.jpg,/Users/phamtunglam/Documents/Projects/mSigLIP/code/artifacts/deployment/qnn_inputs/vn3k_train_calib_500/raw/00198_pid280_HoGuom_00_00281_00008800.raw,66,195
199,1977,train,DHGTVT_00/01978_00028780.jpg,/Users/phamtunglam/Documents/Projects/mSigLIP/code/VN3K/imgs/DHGTVT_00/01978_00028780.jpg,/Users/phamtunglam/Documents/Projects/mSigLIP/code/artifacts/deployment/qnn_inputs/vn3k_train_calib_500/raw/00199_pid1977_DHGTVT_00_01978_00028780.raw,136,322
200,947,train,HoGuom_01/00948_00001440.jpg,/Users/phamtunglam/Documents/Projects/mSigLIP/code/VN3K/imgs/HoGuom_01/00948_00001440.jpg,/Users/phamtunglam/Documents/Projects/mSigLIP/code/artifacts/deployment/qnn_inputs/vn3k_train_calib_500/raw/00200_pid947_HoGuom_01_00948_00001440.raw,124,364
201,1096,train,HoGuom_01/01097_00005670.jpg,/Users/phamtunglam/Documents/Projects/mSigLIP/code/VN3K/imgs/HoGuom_01/01097_00005670.jpg,/Users/phamtunglam/Documents/Projects/mSigLIP/code/artifacts/deployment/qnn_inputs/vn3k_train_calib_500/raw/00201_pid1096_HoGuom_01_01097_00005670.raw,89,209
202,639,train,HoGuom_00/00640_00007685.jpg,/Users/phamtunglam/Documents/Projects/mSigLIP/code/VN3K/imgs/HoGuom_00/00640_00007685.jpg,/Users/phamtunglam/Documents/Projects/mSigLIP/code/artifacts/deployment/qnn_inputs/vn3k_train_calib_500/raw/00202_pid639_HoGuom_00_00640_00007685.raw,100,251
203,787,train,HoGuom_01/00788_00001636.jpg,/Users/phamtunglam/Documents/Projects/mSigLIP/code/VN3K/imgs/HoGuom_01/00788_00001636.jpg,/Users/phamtunglam/Documents/Projects/mSigLIP/code/artifacts/deployment/qnn_inputs/vn3k_train_calib_500/raw/00203_pid787_HoGuom_01_00788_00001636.raw,100,217
204,1238,train,HoGuom_01/01239_00003915.jpg,/Users/phamtunglam/Documents/Projects/mSigLIP/code/VN3K/imgs/HoGuom_01/01239_00003915.jpg,/Users/phamtunglam/Documents/Projects/mSigLIP/code/artifacts/deployment/qnn_inputs/vn3k_train_calib_500/raw/00204_pid1238_HoGuom_01_01239_00003915.raw,90,269
205,67,train,TEST_DATA/Person68.2/output_9.jpg,/Users/phamtunglam/Documents/Projects/mSigLIP/code/VN3K/imgs/TEST_DATA/Person68.2/output_9.jpg,/Users/phamtunglam/Documents/Projects/mSigLIP/code/artifacts/deployment/qnn_inputs/vn3k_train_calib_500/raw/00205_pid67_TEST_DATA_Person68.2_output_9.raw,160,295
206,323,train,HoGuom_00/00324_00010385.jpg,/Users/phamtunglam/Documents/Projects/mSigLIP/code/VN3K/imgs/HoGuom_00/00324_00010385.jpg,/Users/phamtunglam/Documents/Projects/mSigLIP/code/artifacts/deployment/qnn_inputs/vn3k_train_calib_500/raw/00206_pid323_HoGuom_00_00324_00010385.raw,154,355
207,609,train,HoGuom_00/00610_00007280.jpg,/Users/phamtunglam/Documents/Projects/mSigLIP/code/VN3K/imgs/HoGuom_00/00610_00007280.jpg,/Users/phamtunglam/Documents/Projects/mSigLIP/code/artifacts/deployment/qnn_inputs/vn3k_train_calib_500/raw/00207_pid609_HoGuom_00_00610_00007280.raw,68,194
208,1847,train,HoGuom_01/01848_00000676.jpg,/Users/phamtunglam/Documents/Projects/mSigLIP/code/VN3K/imgs/HoGuom_01/01848_00000676.jpg,/Users/phamtunglam/Documents/Projects/mSigLIP/code/artifacts/deployment/qnn_inputs/vn3k_train_calib_500/raw/00208_pid1847_HoGuom_01_01848_00000676.raw,74,217
209,479,train,HoGuom_00/00480_00017115.jpg,/Users/phamtunglam/Documents/Projects/mSigLIP/code/VN3K/imgs/HoGuom_00/00480_00017115.jpg,/Users/phamtunglam/Documents/Projects/mSigLIP/code/artifacts/deployment/qnn_inputs/vn3k_train_calib_500/raw/00209_pid479_HoGuom_00_00480_00017115.raw,241,463
210,802,train,HoGuom_01/00803_00002266.jpg,/Users/phamtunglam/Documents/Projects/mSigLIP/code/VN3K/imgs/HoGuom_01/00803_00002266.jpg,/Users/phamtunglam/Documents/Projects/mSigLIP/code/artifacts/deployment/qnn_inputs/vn3k_train_calib_500/raw/00210_pid802_HoGuom_01_00803_00002266.raw,172,449
211,20,train,TEST_DATA/Person21.2/output_9.jpg,/Users/phamtunglam/Documents/Projects/mSigLIP/code/VN3K/imgs/TEST_DATA/Person21.2/output_9.jpg,/Users/phamtunglam/Documents/Projects/mSigLIP/code/artifacts/deployment/qnn_inputs/vn3k_train_calib_500/raw/00211_pid20_TEST_DATA_Person21.2_output_9.raw,101,318
212,1180,train,HoGuom_01/01181_00002055.jpg,/Users/phamtunglam/Documents/Projects/mSigLIP/code/VN3K/imgs/HoGuom_01/01181_00002055.jpg,/Users/phamtunglam/Documents/Projects/mSigLIP/code/artifacts/deployment/qnn_inputs/vn3k_train_calib_500/raw/00212_pid1180_HoGuom_01_01181_00002055.raw,182,420
213,1220,train,HoGuom_01/01221_00003705.jpg,/Users/phamtunglam/Documents/Projects/mSigLIP/code/VN3K/imgs/HoGuom_01/01221_00003705.jpg,/Users/phamtunglam/Documents/Projects/mSigLIP/code/artifacts/deployment/qnn_inputs/vn3k_train_calib_500/raw/00213_pid1220_HoGuom_01_01221_00003705.raw,72,229
214,603,train,HoGuom_00/00604_00006585.jpg,/Users/phamtunglam/Documents/Projects/mSigLIP/code/VN3K/imgs/HoGuom_00/00604_00006585.jpg,/Users/phamtunglam/Documents/Projects/mSigLIP/code/artifacts/deployment/qnn_inputs/vn3k_train_calib_500/raw/00214_pid603_HoGuom_00_00604_00006585.raw,85,189
215,1120,train,HoGuom_01/01121_00001680.jpg,/Users/phamtunglam/Documents/Projects/mSigLIP/code/VN3K/imgs/HoGuom_01/01121_00001680.jpg,/Users/phamtunglam/Documents/Projects/mSigLIP/code/artifacts/deployment/qnn_inputs/vn3k_train_calib_500/raw/00215_pid1120_HoGuom_01_01121_00001680.raw,313,675
216,1756,train,DHHN_HVBCVT_00/01757_01757020.jpg,/Users/phamtunglam/Documents/Projects/mSigLIP/code/VN3K/imgs/DHHN_HVBCVT_00/01757_01757020.jpg,/Users/phamtunglam/Documents/Projects/mSigLIP/code/artifacts/deployment/qnn_inputs/vn3k_train_calib_500/raw/00216_pid1756_DHHN_HVBCVT_00_01757_01757020.raw,102,333
217,68,train,TEST_DATA/Person69.2/output_9.jpg,/Users/phamtunglam/Documents/Projects/mSigLIP/code/VN3K/imgs/TEST_DATA/Person69.2/output_9.jpg,/Users/phamtunglam/Documents/Projects/mSigLIP/code/artifacts/deployment/qnn_inputs/vn3k_train_calib_500/raw/00217_pid68_TEST_DATA_Person69.2_output_9.raw,87,266
218,1057,train,HoGuom_01/01058_00001680.jpg,/Users/phamtunglam/Documents/Projects/mSigLIP/code/VN3K/imgs/HoGuom_01/01058_00001680.jpg,/Users/phamtunglam/Documents/Projects/mSigLIP/code/artifacts/deployment/qnn_inputs/vn3k_train_calib_500/raw/00218_pid1057_HoGuom_01_01058_00001680.raw,321,714
219,1930,train,DHGTVT_00/01931_00010510.jpg,/Users/phamtunglam/Documents/Projects/mSigLIP/code/VN3K/imgs/DHGTVT_00/01931_00010510.jpg,/Users/phamtunglam/Documents/Projects/mSigLIP/code/artifacts/deployment/qnn_inputs/vn3k_train_calib_500/raw/00219_pid1930_DHGTVT_00_01931_00010510.raw,96,233
220,515,train,HoGuom_00/00516_00002485.jpg,/Users/phamtunglam/Documents/Projects/mSigLIP/code/VN3K/imgs/HoGuom_00/00516_00002485.jpg,/Users/phamtunglam/Documents/Projects/mSigLIP/code/artifacts/deployment/qnn_inputs/vn3k_train_calib_500/raw/00220_pid515_HoGuom_00_00516_00002485.raw,308,461
221,1532,train,DHHN_HVBCVT_00/01533_00004905.jpg,/Users/phamtunglam/Documents/Projects/mSigLIP/code/VN3K/imgs/DHHN_HVBCVT_00/01533_00004905.jpg,/Users/phamtunglam/Documents/Projects/mSigLIP/code/artifacts/deployment/qnn_inputs/vn3k_train_calib_500/raw/00221_pid1532_DHHN_HVBCVT_00_01533_00004905.raw,64,117
222,452,train,HoGuom_00/00453_00015930.jpg,/Users/phamtunglam/Documents/Projects/mSigLIP/code/VN3K/imgs/HoGuom_00/00453_00015930.jpg,/Users/phamtunglam/Documents/Projects/mSigLIP/code/artifacts/deployment/qnn_inputs/vn3k_train_calib_500/raw/00222_pid452_HoGuom_00_00453_00015930.raw,178,549
223,767,train,HoGuom_01/00768_00000450.jpg,/Users/phamtunglam/Documents/Projects/mSigLIP/code/VN3K/imgs/HoGuom_01/00768_00000450.jpg,/Users/phamtunglam/Documents/Projects/mSigLIP/code/artifacts/deployment/qnn_inputs/vn3k_train_calib_500/raw/00223_pid767_HoGuom_01_00768_00000450.raw,71,182
224,34,train,TRAINNING_DATA/Person35/output_9.jpg,/Users/phamtunglam/Documents/Projects/mSigLIP/code/VN3K/imgs/TRAINNING_DATA/Person35/output_9.jpg,/Users/phamtunglam/Documents/Projects/mSigLIP/code/artifacts/deployment/qnn_inputs/vn3k_train_calib_500/raw/00224_pid34_TRAINNING_DATA_Person35_output_9.raw,117,264
225,406,train,HoGuom_00/00407_00013885.jpg,/Users/phamtunglam/Documents/Projects/mSigLIP/code/VN3K/imgs/HoGuom_00/00407_00013885.jpg,/Users/phamtunglam/Documents/Projects/mSigLIP/code/artifacts/deployment/qnn_inputs/vn3k_train_calib_500/raw/00225_pid406_HoGuom_00_00407_00013885.raw,177,454
226,1387,train,HoGuom_01/01388_2.jpg,/Users/phamtunglam/Documents/Projects/mSigLIP/code/VN3K/imgs/HoGuom_01/01388_2.jpg,/Users/phamtunglam/Documents/Projects/mSigLIP/code/artifacts/deployment/qnn_inputs/vn3k_train_calib_500/raw/00226_pid1387_HoGuom_01_01388_2.raw,266,778
227,1897,train,DHGTVT_00/01898_00006470.jpg,/Users/phamtunglam/Documents/Projects/mSigLIP/code/VN3K/imgs/DHGTVT_00/01898_00006470.jpg,/Users/phamtunglam/Documents/Projects/mSigLIP/code/artifacts/deployment/qnn_inputs/vn3k_train_calib_500/raw/00227_pid1897_DHGTVT_00_01898_00006470.raw,82,210
228,1754,train,DHHN_HVBCVT_00/01755_00015765.jpg,/Users/phamtunglam/Documents/Projects/mSigLIP/code/VN3K/imgs/DHHN_HVBCVT_00/01755_00015765.jpg,/Users/phamtunglam/Documents/Projects/mSigLIP/code/artifacts/deployment/qnn_inputs/vn3k_train_calib_500/raw/00228_pid1754_DHHN_HVBCVT_00_01755_00015765.raw,72,246
229,572,train,HoGuom_00/00573_00005280.jpg,/Users/phamtunglam/Documents/Projects/mSigLIP/code/VN3K/imgs/HoGuom_00/00573_00005280.jpg,/Users/phamtunglam/Documents/Projects/mSigLIP/code/artifacts/deployment/qnn_inputs/vn3k_train_calib_500/raw/00229_pid572_HoGuom_00_00573_00005280.raw,75,203
230,458,train,HoGuom_00/00459_00016155.jpg,/Users/phamtunglam/Documents/Projects/mSigLIP/code/VN3K/imgs/HoGuom_00/00459_00016155.jpg,/Users/phamtunglam/Documents/Projects/mSigLIP/code/artifacts/deployment/qnn_inputs/vn3k_train_calib_500/raw/00230_pid458_HoGuom_00_00459_00016155.raw,81,228
231,1392,train,HoGuom_01/01393_1.jpg,/Users/phamtunglam/Documents/Projects/mSigLIP/code/VN3K/imgs/HoGuom_01/01393_1.jpg,/Users/phamtunglam/Documents/Projects/mSigLIP/code/artifacts/deployment/qnn_inputs/vn3k_train_calib_500/raw/00231_pid1392_HoGuom_01_01393_1.raw,103,268
232,567,train,HoGuom_00/00568_00005120.jpg,/Users/phamtunglam/Documents/Projects/mSigLIP/code/VN3K/imgs/HoGuom_00/00568_00005120.jpg,/Users/phamtunglam/Documents/Projects/mSigLIP/code/artifacts/deployment/qnn_inputs/vn3k_train_calib_500/raw/00232_pid567_HoGuom_00_00568_00005120.raw,72,181
233,19,train,TRAINNING_DATA/Person20/output_6.jpg,/Users/phamtunglam/Documents/Projects/mSigLIP/code/VN3K/imgs/TRAINNING_DATA/Person20/output_6.jpg,/Users/phamtunglam/Documents/Projects/mSigLIP/code/artifacts/deployment/qnn_inputs/vn3k_train_calib_500/raw/00233_pid19_TRAINNING_DATA_Person20_output_6.raw,212,359
234,1728,train,DHHN_HVBCVT_00/01729_00013320.jpg,/Users/phamtunglam/Documents/Projects/mSigLIP/code/VN3K/imgs/DHHN_HVBCVT_00/01729_00013320.jpg,/Users/phamtunglam/Documents/Projects/mSigLIP/code/artifacts/deployment/qnn_inputs/vn3k_train_calib_500/raw/00234_pid1728_DHHN_HVBCVT_00_01729_00013320.raw,94,246
235,784,train,HoGuom_01/00785_00000525.jpg,/Users/phamtunglam/Documents/Projects/mSigLIP/code/VN3K/imgs/HoGuom_01/00785_00000525.jpg,/Users/phamtunglam/Documents/Projects/mSigLIP/code/artifacts/deployment/qnn_inputs/vn3k_train_calib_500/raw/00235_pid784_HoGuom_01_00785_00000525.raw,78,257
236,716,train,HoGuom_00/00717_00011740.jpg,/Users/phamtunglam/Documents/Projects/mSigLIP/code/VN3K/imgs/HoGuom_00/00717_00011740.jpg,/Users/phamtunglam/Documents/Projects/mSigLIP/code/artifacts/deployment/qnn_inputs/vn3k_train_calib_500/raw/00236_pid716_HoGuom_00_00717_00011740.raw,211,527
237,1645,train,DHHN_HVBCVT_00/01646_00040845.jpg,/Users/phamtunglam/Documents/Projects/mSigLIP/code/VN3K/imgs/DHHN_HVBCVT_00/01646_00040845.jpg,/Users/phamtunglam/Documents/Projects/mSigLIP/code/artifacts/deployment/qnn_inputs/vn3k_train_calib_500/raw/00237_pid1645_DHHN_HVBCVT_00_01646_00040845.raw,101,306
238,371,train,HoGuom_00/00372_00012740.jpg,/Users/phamtunglam/Documents/Projects/mSigLIP/code/VN3K/imgs/HoGuom_00/00372_00012740.jpg,/Users/phamtunglam/Documents/Projects/mSigLIP/code/artifacts/deployment/qnn_inputs/vn3k_train_calib_500/raw/00238_pid371_HoGuom_00_00372_00012740.raw,82,209
239,1087,train,HoGuom_01/01088_00001695.jpg,/Users/phamtunglam/Documents/Projects/mSigLIP/code/VN3K/imgs/HoGuom_01/01088_00001695.jpg,/Users/phamtunglam/Documents/Projects/mSigLIP/code/artifacts/deployment/qnn_inputs/vn3k_train_calib_500/raw/00239_pid1087_HoGuom_01_01088_00001695.raw,242,650
240,409,train,HoGuom_00/00410_00013870.jpg,/Users/phamtunglam/Documents/Projects/mSigLIP/code/VN3K/imgs/HoGuom_00/00410_00013870.jpg,/Users/phamtunglam/Documents/Projects/mSigLIP/code/artifacts/deployment/qnn_inputs/vn3k_train_calib_500/raw/00240_pid409_HoGuom_00_00410_00013870.raw,86,232
241,1769,train,DHHN_HVBCVT_00/01770_00000390.jpg,/Users/phamtunglam/Documents/Projects/mSigLIP/code/VN3K/imgs/DHHN_HVBCVT_00/01770_00000390.jpg,/Users/phamtunglam/Documents/Projects/mSigLIP/code/artifacts/deployment/qnn_inputs/vn3k_train_calib_500/raw/00241_pid1769_DHHN_HVBCVT_00_01770_00000390.raw,129,421
242,205,train,HoGuom_00/00206_00005240.jpg,/Users/phamtunglam/Documents/Projects/mSigLIP/code/VN3K/imgs/HoGuom_00/00206_00005240.jpg,/Users/phamtunglam/Documents/Projects/mSigLIP/code/artifacts/deployment/qnn_inputs/vn3k_train_calib_500/raw/00242_pid205_HoGuom_00_00206_00005240.raw,80,230
243,950,train,HoGuom_01/00951_00003390.jpg,/Users/phamtunglam/Documents/Projects/mSigLIP/code/VN3K/imgs/HoGuom_01/00951_00003390.jpg,/Users/phamtunglam/Documents/Projects/mSigLIP/code/artifacts/deployment/qnn_inputs/vn3k_train_calib_500/raw/00243_pid950_HoGuom_01_00951_00003390.raw,73,195
244,1162,train,HoGuom_01/01163_00001290.jpg,/Users/phamtunglam/Documents/Projects/mSigLIP/code/VN3K/imgs/HoGuom_01/01163_00001290.jpg,/Users/phamtunglam/Documents/Projects/mSigLIP/code/artifacts/deployment/qnn_inputs/vn3k_train_calib_500/raw/00244_pid1162_HoGuom_01_01163_00001290.raw,200,726
245,375,train,HoGuom_00/00376_00012985.jpg,/Users/phamtunglam/Documents/Projects/mSigLIP/code/VN3K/imgs/HoGuom_00/00376_00012985.jpg,/Users/phamtunglam/Documents/Projects/mSigLIP/code/artifacts/deployment/qnn_inputs/vn3k_train_calib_500/raw/00245_pid375_HoGuom_00_00376_00012985.raw,259,762
246,386,train,HoGuom_00/00387_00012930.jpg,/Users/phamtunglam/Documents/Projects/mSigLIP/code/VN3K/imgs/HoGuom_00/00387_00012930.jpg,/Users/phamtunglam/Documents/Projects/mSigLIP/code/artifacts/deployment/qnn_inputs/vn3k_train_calib_500/raw/00246_pid386_HoGuom_00_00387_00012930.raw,298,797
247,1086,train,HoGuom_01/01087_00002085.jpg,/Users/phamtunglam/Documents/Projects/mSigLIP/code/VN3K/imgs/HoGuom_01/01087_00002085.jpg,/Users/phamtunglam/Documents/Projects/mSigLIP/code/artifacts/deployment/qnn_inputs/vn3k_train_calib_500/raw/00247_pid1086_HoGuom_01_01087_00002085.raw,242,555
248,1753,train,DHHN_HVBCVT_00/01754_00013830.jpg,/Users/phamtunglam/Documents/Projects/mSigLIP/code/VN3K/imgs/DHHN_HVBCVT_00/01754_00013830.jpg,/Users/phamtunglam/Documents/Projects/mSigLIP/code/artifacts/deployment/qnn_inputs/vn3k_train_calib_500/raw/00248_pid1753_DHHN_HVBCVT_00_01754_00013830.raw,73,148
249,98,train,HoGuom_00/00099_00001580.jpg,/Users/phamtunglam/Documents/Projects/mSigLIP/code/VN3K/imgs/HoGuom_00/00099_00001580.jpg,/Users/phamtunglam/Documents/Projects/mSigLIP/code/artifacts/deployment/qnn_inputs/vn3k_train_calib_500/raw/00249_pid98_HoGuom_00_00099_00001580.raw,219,612
250,69,train,TEST_DATA/Person70.2/output_9.jpg,/Users/phamtunglam/Documents/Projects/mSigLIP/code/VN3K/imgs/TEST_DATA/Person70.2/output_9.jpg,/Users/phamtunglam/Documents/Projects/mSigLIP/code/artifacts/deployment/qnn_inputs/vn3k_train_calib_500/raw/00250_pid69_TEST_DATA_Person70.2_output_9.raw,87,259
251,354,train,HoGuom_00/00355_00011905.jpg,/Users/phamtunglam/Documents/Projects/mSigLIP/code/VN3K/imgs/HoGuom_00/00355_00011905.jpg,/Users/phamtunglam/Documents/Projects/mSigLIP/code/artifacts/deployment/qnn_inputs/vn3k_train_calib_500/raw/00251_pid354_HoGuom_00_00355_00011905.raw,125,253
252,1972,train,DHGTVT_00/01973_00028460.jpg,/Users/phamtunglam/Documents/Projects/mSigLIP/code/VN3K/imgs/DHGTVT_00/01973_00028460.jpg,/Users/phamtunglam/Documents/Projects/mSigLIP/code/artifacts/deployment/qnn_inputs/vn3k_train_calib_500/raw/00252_pid1972_DHGTVT_00_01973_00028460.raw,130,298
253,718,train,HoGuom_00/00719_00011380.jpg,/Users/phamtunglam/Documents/Projects/mSigLIP/code/VN3K/imgs/HoGuom_00/00719_00011380.jpg,/Users/phamtunglam/Documents/Projects/mSigLIP/code/artifacts/deployment/qnn_inputs/vn3k_train_calib_500/raw/00253_pid718_HoGuom_00_00719_00011380.raw,123,390
254,421,train,HoGuom_00/00422_00014505.jpg,/Users/phamtunglam/Documents/Projects/mSigLIP/code/VN3K/imgs/HoGuom_00/00422_00014505.jpg,/Users/phamtunglam/Documents/Projects/mSigLIP/code/artifacts/deployment/qnn_inputs/vn3k_train_calib_500/raw/00254_pid421_HoGuom_00_00422_00014505.raw,154,388
255,289,train,HoGuom_00/00290_00009235.jpg,/Users/phamtunglam/Documents/Projects/mSigLIP/code/VN3K/imgs/HoGuom_00/00290_00009235.jpg,/Users/phamtunglam/Documents/Projects/mSigLIP/code/artifacts/deployment/qnn_inputs/vn3k_train_calib_500/raw/00255_pid289_HoGuom_00_00290_00009235.raw,79,134
256,982,train,HoGuom_01/00983_00007830.jpg,/Users/phamtunglam/Documents/Projects/mSigLIP/code/VN3K/imgs/HoGuom_01/00983_00007830.jpg,/Users/phamtunglam/Documents/Projects/mSigLIP/code/artifacts/deployment/qnn_inputs/vn3k_train_calib_500/raw/00256_pid982_HoGuom_01_00983_00007830.raw,84,265
257,332,train,HoGuom_00/00333_00010605.jpg,/Users/phamtunglam/Documents/Projects/mSigLIP/code/VN3K/imgs/HoGuom_00/00333_00010605.jpg,/Users/phamtunglam/Documents/Projects/mSigLIP/code/artifacts/deployment/qnn_inputs/vn3k_train_calib_500/raw/00257_pid332_HoGuom_00_00333_00010605.raw,210,470
258,1642,train,DHHN_HVBCVT_00/01643_00038820.jpg,/Users/phamtunglam/Documents/Projects/mSigLIP/code/VN3K/imgs/DHHN_HVBCVT_00/01643_00038820.jpg,/Users/phamtunglam/Documents/Projects/mSigLIP/code/artifacts/deployment/qnn_inputs/vn3k_train_calib_500/raw/00258_pid1642_DHHN_HVBCVT_00_01643_00038820.raw,180,426
259,510,train,HoGuom_00/00511_00001365.jpg,/Users/phamtunglam/Documents/Projects/mSigLIP/code/VN3K/imgs/HoGuom_00/00511_00001365.jpg,/Users/phamtunglam/Documents/Projects/mSigLIP/code/artifacts/deployment/qnn_inputs/vn3k_train_calib_500/raw/00259_pid510_HoGuom_00_00511_00001365.raw,175,522
260,1547,train,DHHN_HVBCVT_00/01548_00000420.jpg,/Users/phamtunglam/Documents/Projects/mSigLIP/code/VN3K/imgs/DHHN_HVBCVT_00/01548_00000420.jpg,/Users/phamtunglam/Documents/Projects/mSigLIP/code/artifacts/deployment/qnn_inputs/vn3k_train_calib_500/raw/00260_pid1547_DHHN_HVBCVT_00_01548_00000420.raw,98,294
261,1286,train,HoGuom_01/01287_00008685.jpg,/Users/phamtunglam/Documents/Projects/mSigLIP/code/VN3K/imgs/HoGuom_01/01287_00008685.jpg,/Users/phamtunglam/Documents/Projects/mSigLIP/code/artifacts/deployment/qnn_inputs/vn3k_train_calib_500/raw/00261_pid1286_HoGuom_01_01287_00008685.raw,83,260
262,1530,train,DHHN_HVBCVT_00/01531_00010425.jpg,/Users/phamtunglam/Documents/Projects/mSigLIP/code/VN3K/imgs/DHHN_HVBCVT_00/01531_00010425.jpg,/Users/phamtunglam/Documents/Projects/mSigLIP/code/artifacts/deployment/qnn_inputs/vn3k_train_calib_500/raw/00262_pid1530_DHHN_HVBCVT_00_01531_00010425.raw,72,125
263,1991,train,TamChuc_01/01992_2.jpg,/Users/phamtunglam/Documents/Projects/mSigLIP/code/VN3K/imgs/TamChuc_01/01992_2.jpg,/Users/phamtunglam/Documents/Projects/mSigLIP/code/artifacts/deployment/qnn_inputs/vn3k_train_calib_500/raw/00263_pid1991_TamChuc_01_01992_2.raw,132,386
264,1465,train,HoGuom_01/01466_2.jpg,/Users/phamtunglam/Documents/Projects/mSigLIP/code/VN3K/imgs/HoGuom_01/01466_2.jpg,/Users/phamtunglam/Documents/Projects/mSigLIP/code/artifacts/deployment/qnn_inputs/vn3k_train_calib_500/raw/00264_pid1465_HoGuom_01_01466_2.raw,235,662
265,818,train,HoGuom_01/00819_00004020.jpg,/Users/phamtunglam/Documents/Projects/mSigLIP/code/VN3K/imgs/HoGuom_01/00819_00004020.jpg,/Users/phamtunglam/Documents/Projects/mSigLIP/code/artifacts/deployment/qnn_inputs/vn3k_train_calib_500/raw/00265_pid818_HoGuom_01_00819_00004020.raw,106,346
266,594,train,HoGuom_00/00595_00006185.jpg,/Users/phamtunglam/Documents/Projects/mSigLIP/code/VN3K/imgs/HoGuom_00/00595_00006185.jpg,/Users/phamtunglam/Documents/Projects/mSigLIP/code/artifacts/deployment/qnn_inputs/vn3k_train_calib_500/raw/00266_pid594_HoGuom_00_00595_00006185.raw,83,202
267,734,train,HoGuom_00/00735_00012790.jpg,/Users/phamtunglam/Documents/Projects/mSigLIP/code/VN3K/imgs/HoGuom_00/00735_00012790.jpg,/Users/phamtunglam/Documents/Projects/mSigLIP/code/artifacts/deployment/qnn_inputs/vn3k_train_calib_500/raw/00267_pid734_HoGuom_00_00735_00012790.raw,154,407
268,922,train,HoGuom_01/00923_00010320.jpg,/Users/phamtunglam/Documents/Projects/mSigLIP/code/VN3K/imgs/HoGuom_01/00923_00010320.jpg,/Users/phamtunglam/Documents/Projects/mSigLIP/code/artifacts/deployment/qnn_inputs/vn3k_train_calib_500/raw/00268_pid922_HoGuom_01_00923_00010320.raw,96,251
269,743,train,HoGuom_00/00744_00012105.jpg,/Users/phamtunglam/Documents/Projects/mSigLIP/code/VN3K/imgs/HoGuom_00/00744_00012105.jpg,/Users/phamtunglam/Documents/Projects/mSigLIP/code/artifacts/deployment/qnn_inputs/vn3k_train_calib_500/raw/00269_pid743_HoGuom_00_00744_00012105.raw,68,193
270,766,train,HoGuom_00/00767_00005860.jpg,/Users/phamtunglam/Documents/Projects/mSigLIP/code/VN3K/imgs/HoGuom_00/00767_00005860.jpg,/Users/phamtunglam/Documents/Projects/mSigLIP/code/artifacts/deployment/qnn_inputs/vn3k_train_calib_500/raw/00270_pid766_HoGuom_00_00767_00005860.raw,86,262
271,1255,train,HoGuom_01/01256_00004755.jpg,/Users/phamtunglam/Documents/Projects/mSigLIP/code/VN3K/imgs/HoGuom_01/01256_00004755.jpg,/Users/phamtunglam/Documents/Projects/mSigLIP/code/artifacts/deployment/qnn_inputs/vn3k_train_calib_500/raw/00271_pid1255_HoGuom_01_01256_00004755.raw,105,318
272,1207,train,HoGuom_01/01208_00003495.jpg,/Users/phamtunglam/Documents/Projects/mSigLIP/code/VN3K/imgs/HoGuom_01/01208_00003495.jpg,/Users/phamtunglam/Documents/Projects/mSigLIP/code/artifacts/deployment/qnn_inputs/vn3k_train_calib_500/raw/00272_pid1207_HoGuom_01_01208_00003495.raw,173,510
273,1213,train,HoGuom_01/01214_00003270.jpg,/Users/phamtunglam/Documents/Projects/mSigLIP/code/VN3K/imgs/HoGuom_01/01214_00003270.jpg,/Users/phamtunglam/Documents/Projects/mSigLIP/code/artifacts/deployment/qnn_inputs/vn3k_train_calib_500/raw/00273_pid1213_HoGuom_01_01214_00003270.raw,71,161
274,248,train,HoGuom_00/00249_00007905.jpg,/Users/phamtunglam/Documents/Projects/mSigLIP/code/VN3K/imgs/HoGuom_00/00249_00007905.jpg,/Users/phamtunglam/Documents/Projects/mSigLIP/code/artifacts/deployment/qnn_inputs/vn3k_train_calib_500/raw/00274_pid248_HoGuom_00_00249_00007905.raw,94,269
275,1405,train,HoGuom_01/01406_1.jpg,/Users/phamtunglam/Documents/Projects/mSigLIP/code/VN3K/imgs/HoGuom_01/01406_1.jpg,/Users/phamtunglam/Documents/Projects/mSigLIP/code/artifacts/deployment/qnn_inputs/vn3k_train_calib_500/raw/00275_pid1405_HoGuom_01_01406_1.raw,128,312
276,1347,train,HoGuom_01/01348_00007740.jpg,/Users/phamtunglam/Documents/Projects/mSigLIP/code/VN3K/imgs/HoGuom_01/01348_00007740.jpg,/Users/phamtunglam/Documents/Projects/mSigLIP/code/artifacts/deployment/qnn_inputs/vn3k_train_calib_500/raw/00276_pid1347_HoGuom_01_01348_00007740.raw,147,460
277,1663,train,DHHN_HVBCVT_00/01664_00046125.jpg,/Users/phamtunglam/Documents/Projects/mSigLIP/code/VN3K/imgs/DHHN_HVBCVT_00/01664_00046125.jpg,/Users/phamtunglam/Documents/Projects/mSigLIP/code/artifacts/deployment/qnn_inputs/vn3k_train_calib_500/raw/00277_pid1663_DHHN_HVBCVT_00_01664_00046125.raw,65,155
278,1133,train,HoGuom_01/01134_00000690.jpg,/Users/phamtunglam/Documents/Projects/mSigLIP/code/VN3K/imgs/HoGuom_01/01134_00000690.jpg,/Users/phamtunglam/Documents/Projects/mSigLIP/code/artifacts/deployment/qnn_inputs/vn3k_train_calib_500/raw/00278_pid1133_HoGuom_01_01134_00000690.raw,284,790
279,793,train,HoGuom_01/00794_00002130.jpg,/Users/phamtunglam/Documents/Projects/mSigLIP/code/VN3K/imgs/HoGuom_01/00794_00002130.jpg,/Users/phamtunglam/Documents/Projects/mSigLIP/code/artifacts/deployment/qnn_inputs/vn3k_train_calib_500/raw/00279_pid793_HoGuom_01_00794_00002130.raw,138,414
280,555,train,HoGuom_00/00556_00004400.jpg,/Users/phamtunglam/Documents/Projects/mSigLIP/code/VN3K/imgs/HoGuom_00/00556_00004400.jpg,/Users/phamtunglam/Documents/Projects/mSigLIP/code/artifacts/deployment/qnn_inputs/vn3k_train_calib_500/raw/00280_pid555_HoGuom_00_00556_00004400.raw,96,236
281,1788,train,DHHN_HVBCVT_00/01789_00002040.jpg,/Users/phamtunglam/Documents/Projects/mSigLIP/code/VN3K/imgs/DHHN_HVBCVT_00/01789_00002040.jpg,/Users/phamtunglam/Documents/Projects/mSigLIP/code/artifacts/deployment/qnn_inputs/vn3k_train_calib_500/raw/00281_pid1788_DHHN_HVBCVT_00_01789_00002040.raw,164,432
282,720,train,HoGuom_00/00721_00011355.jpg,/Users/phamtunglam/Documents/Projects/mSigLIP/code/VN3K/imgs/HoGuom_00/00721_00011355.jpg,/Users/phamtunglam/Documents/Projects/mSigLIP/code/artifacts/deployment/qnn_inputs/vn3k_train_calib_500/raw/00282_pid720_HoGuom_00_00721_00011355.raw,144,377
283,58,train,TEST_DATA/Person59.2/output_6.jpg,/Users/phamtunglam/Documents/Projects/mSigLIP/code/VN3K/imgs/TEST_DATA/Person59.2/output_6.jpg,/Users/phamtunglam/Documents/Projects/mSigLIP/code/artifacts/deployment/qnn_inputs/vn3k_train_calib_500/raw/00283_pid58_TEST_DATA_Person59.2_output_6.raw,86,191
284,1201,train,HoGuom_01/01202_00004035.jpg,/Users/phamtunglam/Documents/Projects/mSigLIP/code/VN3K/imgs/HoGuom_01/01202_00004035.jpg,/Users/phamtunglam/Documents/Projects/mSigLIP/code/artifacts/deployment/qnn_inputs/vn3k_train_calib_500/raw/00284_pid1201_HoGuom_01_01202_00004035.raw,89,253
285,1436,train,HoGuom_01/01437_2.jpg,/Users/phamtunglam/Documents/Projects/mSigLIP/code/VN3K/imgs/HoGuom_01/01437_2.jpg,/Users/phamtunglam/Documents/Projects/mSigLIP/code/artifacts/deployment/qnn_inputs/vn3k_train_calib_500/raw/00285_pid1436_HoGuom_01_01437_2.raw,136,323
286,1082,train,HoGuom_01/01083_00001965.jpg,/Users/phamtunglam/Documents/Projects/mSigLIP/code/VN3K/imgs/HoGuom_01/01083_00001965.jpg,/Users/phamtunglam/Documents/Projects/mSigLIP/code/artifacts/deployment/qnn_inputs/vn3k_train_calib_500/raw/00286_pid1082_HoGuom_01_01083_00001965.raw,224,543
287,667,train,HoGuom_00/00668_00008515.jpg,/Users/phamtunglam/Documents/Projects/mSigLIP/code/VN3K/imgs/HoGuom_00/00668_00008515.jpg,/Users/phamtunglam/Documents/Projects/mSigLIP/code/artifacts/deployment/qnn_inputs/vn3k_train_calib_500/raw/00287_pid667_HoGuom_00_00668_00008515.raw,89,243
288,1723,train,DHHN_HVBCVT_00/01724_00012180.jpg,/Users/phamtunglam/Documents/Projects/mSigLIP/code/VN3K/imgs/DHHN_HVBCVT_00/01724_00012180.jpg,/Users/phamtunglam/Documents/Projects/mSigLIP/code/artifacts/deployment/qnn_inputs/vn3k_train_calib_500/raw/00288_pid1723_DHHN_HVBCVT_00_01724_00012180.raw,117,302
289,1941,train,DHGTVT_00/01942_00011020.jpg,/Users/phamtunglam/Documents/Projects/mSigLIP/code/VN3K/imgs/DHGTVT_00/01942_00011020.jpg,/Users/phamtunglam/Documents/Projects/mSigLIP/code/artifacts/deployment/qnn_inputs/vn3k_train_calib_500/raw/00289_pid1941_DHGTVT_00_01942_00011020.raw,74,199
290,57,train,TEST_DATA/Person58.2/output_6.jpg,/Users/phamtunglam/Documents/Projects/mSigLIP/code/VN3K/imgs/TEST_DATA/Person58.2/output_6.jpg,/Users/phamtunglam/Documents/Projects/mSigLIP/code/artifacts/deployment/qnn_inputs/vn3k_train_calib_500/raw/00290_pid57_TEST_DATA_Person58.2_output_6.raw,101,209
291,1042,train,HoGuom_01/01043_00000930.jpg,/Users/phamtunglam/Documents/Projects/mSigLIP/code/VN3K/imgs/HoGuom_01/01043_00000930.jpg,/Users/phamtunglam/Documents/Projects/mSigLIP/code/artifacts/deployment/qnn_inputs/vn3k_train_calib_500/raw/00291_pid1042_HoGuom_01_01043_00000930.raw,306,797
292,1594,train,DHHN_HVBCVT_00/01595_00013185.jpg,/Users/phamtunglam/Documents/Projects/mSigLIP/code/VN3K/imgs/DHHN_HVBCVT_00/01595_00013185.jpg,/Users/phamtunglam/Documents/Projects/mSigLIP/code/artifacts/deployment/qnn_inputs/vn3k_train_calib_500/raw/00292_pid1594_DHHN_HVBCVT_00_01595_00013185.raw,134,257
293,962,train,HoGuom_01/00963_00004155.jpg,/Users/phamtunglam/Documents/Projects/mSigLIP/code/VN3K/imgs/HoGuom_01/00963_00004155.jpg,/Users/phamtunglam/Documents/Projects/mSigLIP/code/artifacts/deployment/qnn_inputs/vn3k_train_calib_500/raw/00293_pid962_HoGuom_01_00963_00004155.raw,316,484
294,133,train,HoGuom_00/00134_00002470.jpg,/Users/phamtunglam/Documents/Projects/mSigLIP/code/VN3K/imgs/HoGuom_00/00134_00002470.jpg,/Users/phamtunglam/Documents/Projects/mSigLIP/code/artifacts/deployment/qnn_inputs/vn3k_train_calib_500/raw/00294_pid133_HoGuom_00_00134_00002470.raw,85,238
295,1791,train,DHHN_HVBCVT_00/01792_00001785.jpg,/Users/phamtunglam/Documents/Projects/mSigLIP/code/VN3K/imgs/DHHN_HVBCVT_00/01792_00001785.jpg,/Users/phamtunglam/Documents/Projects/mSigLIP/code/artifacts/deployment/qnn_inputs/vn3k_train_calib_500/raw/00295_pid1791_DHHN_HVBCVT_00_01792_00001785.raw,132,361
296,213,train,HoGuom_00/00214_00005855.jpg,/Users/phamtunglam/Documents/Projects/mSigLIP/code/VN3K/imgs/HoGuom_00/00214_00005855.jpg,/Users/phamtunglam/Documents/Projects/mSigLIP/code/artifacts/deployment/qnn_inputs/vn3k_train_calib_500/raw/00296_pid213_HoGuom_00_00214_00005855.raw,104,262
297,1,train,TRAINNING_DATA/Person2/output_6.jpg,/Users/phamtunglam/Documents/Projects/mSigLIP/code/VN3K/imgs/TRAINNING_DATA/Person2/output_6.jpg,/Users/phamtunglam/Documents/Projects/mSigLIP/code/artifacts/deployment/qnn_inputs/vn3k_train_calib_500/raw/00297_pid1_TRAINNING_DATA_Person2_output_6.raw,156,293
298,1732,train,DHHN_HVBCVT_00/01733_00013875.jpg,/Users/phamtunglam/Documents/Projects/mSigLIP/code/VN3K/imgs/DHHN_HVBCVT_00/01733_00013875.jpg,/Users/phamtunglam/Documents/Projects/mSigLIP/code/artifacts/deployment/qnn_inputs/vn3k_train_calib_500/raw/00298_pid1732_DHHN_HVBCVT_00_01733_00013875.raw,150,403
299,1398,train,HoGuom_01/01399_2.jpg,/Users/phamtunglam/Documents/Projects/mSigLIP/code/VN3K/imgs/HoGuom_01/01399_2.jpg,/Users/phamtunglam/Documents/Projects/mSigLIP/code/artifacts/deployment/qnn_inputs/vn3k_train_calib_500/raw/00299_pid1398_HoGuom_01_01399_2.raw,203,450
300,1864,train,DHGTVT_00/01865_00003480.jpg,/Users/phamtunglam/Documents/Projects/mSigLIP/code/VN3K/imgs/DHGTVT_00/01865_00003480.jpg,/Users/phamtunglam/Documents/Projects/mSigLIP/code/artifacts/deployment/qnn_inputs/vn3k_train_calib_500/raw/00300_pid1864_DHGTVT_00_01865_00003480.raw,103,253
301,184,train,HoGuom_00/00185_00004540.jpg,/Users/phamtunglam/Documents/Projects/mSigLIP/code/VN3K/imgs/HoGuom_00/00185_00004540.jpg,/Users/phamtunglam/Documents/Projects/mSigLIP/code/artifacts/deployment/qnn_inputs/vn3k_train_calib_500/raw/00301_pid184_HoGuom_00_00185_00004540.raw,85,197
302,949,train,HoGuom_01/00950_00002490.jpg,/Users/phamtunglam/Documents/Projects/mSigLIP/code/VN3K/imgs/HoGuom_01/00950_00002490.jpg,/Users/phamtunglam/Documents/Projects/mSigLIP/code/artifacts/deployment/qnn_inputs/vn3k_train_calib_500/raw/00302_pid949_HoGuom_01_00950_00002490.raw,146,343
303,647,train,HoGuom_00/00648_00008010.jpg,/Users/phamtunglam/Documents/Projects/mSigLIP/code/VN3K/imgs/HoGuom_00/00648_00008010.jpg,/Users/phamtunglam/Documents/Projects/mSigLIP/code/artifacts/deployment/qnn_inputs/vn3k_train_calib_500/raw/00303_pid647_HoGuom_00_00648_00008010.raw,116,369
304,1591,train,DHHN_HVBCVT_00/01592_00013185.jpg,/Users/phamtunglam/Documents/Projects/mSigLIP/code/VN3K/imgs/DHHN_HVBCVT_00/01592_00013185.jpg,/Users/phamtunglam/Documents/Projects/mSigLIP/code/artifacts/deployment/qnn_inputs/vn3k_train_calib_500/raw/00304_pid1591_DHHN_HVBCVT_00_01592_00013185.raw,137,396
305,1884,train,DHGTVT_00/01885_00003830.jpg,/Users/phamtunglam/Documents/Projects/mSigLIP/code/VN3K/imgs/DHGTVT_00/01885_00003830.jpg,/Users/phamtunglam/Documents/Projects/mSigLIP/code/artifacts/deployment/qnn_inputs/vn3k_train_calib_500/raw/00305_pid1884_DHGTVT_00_01885_00003830.raw,75,204
306,1673,train,DHHN_HVBCVT_00/01674_00052695.jpg,/Users/phamtunglam/Documents/Projects/mSigLIP/code/VN3K/imgs/DHHN_HVBCVT_00/01674_00052695.jpg,/Users/phamtunglam/Documents/Projects/mSigLIP/code/artifacts/deployment/qnn_inputs/vn3k_train_calib_500/raw/00306_pid1673_DHHN_HVBCVT_00_01674_00052695.raw,89,255
307,820,train,HoGuom_01/00821_00004620.jpg,/Users/phamtunglam/Documents/Projects/mSigLIP/code/VN3K/imgs/HoGuom_01/00821_00004620.jpg,/Users/phamtunglam/Documents/Projects/mSigLIP/code/artifacts/deployment/qnn_inputs/vn3k_train_calib_500/raw/00307_pid820_HoGuom_01_00821_00004620.raw,134,402
308,1925,train,DHGTVT_00/01926_00010180.jpg,/Users/phamtunglam/Documents/Projects/mSigLIP/code/VN3K/imgs/DHGTVT_00/01926_00010180.jpg,/Users/phamtunglam/Documents/Projects/mSigLIP/code/artifacts/deployment/qnn_inputs/vn3k_train_calib_500/raw/00308_pid1925_DHGTVT_00_01926_00010180.raw,90,230
309,1980,train,DHGTVT_00/01981_00030620.jpg,/Users/phamtunglam/Documents/Projects/mSigLIP/code/VN3K/imgs/DHGTVT_00/01981_00030620.jpg,/Users/phamtunglam/Documents/Projects/mSigLIP/code/artifacts/deployment/qnn_inputs/vn3k_train_calib_500/raw/00309_pid1980_DHGTVT_00_01981_00030620.raw,112,309
310,465,train,HoGuom_00/00466_00016385.jpg,/Users/phamtunglam/Documents/Projects/mSigLIP/code/VN3K/imgs/HoGuom_00/00466_00016385.jpg,/Users/phamtunglam/Documents/Projects/mSigLIP/code/artifacts/deployment/qnn_inputs/vn3k_train_calib_500/raw/00310_pid465_HoGuom_00_00466_00016385.raw,215,589
311,566,train,HoGuom_00/00567_00005430.jpg,/Users/phamtunglam/Documents/Projects/mSigLIP/code/VN3K/imgs/HoGuom_00/00567_00005430.jpg,/Users/phamtunglam/Documents/Projects/mSigLIP/code/artifacts/deployment/qnn_inputs/vn3k_train_calib_500/raw/00311_pid566_HoGuom_00_00567_00005430.raw,195,486
312,1014,train,HoGuom_01/01015_00000780.jpg,/Users/phamtunglam/Documents/Projects/mSigLIP/code/VN3K/imgs/HoGuom_01/01015_00000780.jpg,/Users/phamtunglam/Documents/Projects/mSigLIP/code/artifacts/deployment/qnn_inputs/vn3k_train_calib_500/raw/00312_pid1014_HoGuom_01_01015_00000780.raw,236,439
313,63,train,TRAINNING_DATA/Person64/output_9.jpg,/Users/phamtunglam/Documents/Projects/mSigLIP/code/VN3K/imgs/TRAINNING_DATA/Person64/output_9.jpg,/Users/phamtunglam/Documents/Projects/mSigLIP/code/artifacts/deployment/qnn_inputs/vn3k_train_calib_500/raw/00313_pid63_TRAINNING_DATA_Person64_output_9.raw,140,360
314,319,train,HoGuom_00/00320_00010335.jpg,/Users/phamtunglam/Documents/Projects/mSigLIP/code/VN3K/imgs/HoGuom_00/00320_00010335.jpg,/Users/phamtunglam/Documents/Projects/mSigLIP/code/artifacts/deployment/qnn_inputs/vn3k_train_calib_500/raw/00314_pid319_HoGuom_00_00320_00010335.raw,70,218
315,669,train,HoGuom_00/00670_00008635.jpg,/Users/phamtunglam/Documents/Projects/mSigLIP/code/VN3K/imgs/HoGuom_00/00670_00008635.jpg,/Users/phamtunglam/Documents/Projects/mSigLIP/code/artifacts/deployment/qnn_inputs/vn3k_train_calib_500/raw/00315_pid669_HoGuom_00_00670_00008635.raw,82,211
316,1279,train,HoGuom_01/01280_00008355.jpg,/Users/phamtunglam/Documents/Projects/mSigLIP/code/VN3K/imgs/HoGuom_01/01280_00008355.jpg,/Users/phamtunglam/Documents/Projects/mSigLIP/code/artifacts/deployment/qnn_inputs/vn3k_train_calib_500/raw/00316_pid1279_HoGuom_01_01280_00008355.raw,201,450
317,6,train,TEST_DATA/Person7.2/output_2.jpg,/Users/phamtunglam/Documents/Projects/mSigLIP/code/VN3K/imgs/TEST_DATA/Person7.2/output_2.jpg,/Users/phamtunglam/Documents/Projects/mSigLIP/code/artifacts/deployment/qnn_inputs/vn3k_train_calib_500/raw/00317_pid6_TEST_DATA_Person7.2_output_2.raw,75,232
318,1135,train,HoGuom_01/01136_00000841.jpg,/Users/phamtunglam/Documents/Projects/mSigLIP/code/VN3K/imgs/HoGuom_01/01136_00000841.jpg,/Users/phamtunglam/Documents/Projects/mSigLIP/code/artifacts/deployment/qnn_inputs/vn3k_train_calib_500/raw/00318_pid1135_HoGuom_01_01136_00000841.raw,272,691
319,770,train,HoGuom_01/00771_00000195.jpg,/Users/phamtunglam/Documents/Projects/mSigLIP/code/VN3K/imgs/HoGuom_01/00771_00000195.jpg,/Users/phamtunglam/Documents/Projects/mSigLIP/code/artifacts/deployment/qnn_inputs/vn3k_train_calib_500/raw/00319_pid770_HoGuom_01_00771_00000195.raw,92,248
320,1920,train,DHGTVT_00/01921_00010120.jpg,/Users/phamtunglam/Documents/Projects/mSigLIP/code/VN3K/imgs/DHGTVT_00/01921_00010120.jpg,/Users/phamtunglam/Documents/Projects/mSigLIP/code/artifacts/deployment/qnn_inputs/vn3k_train_calib_500/raw/00320_pid1920_DHGTVT_00_01921_00010120.raw,114,288
321,1356,train,HoGuom_01/01357_00007965.jpg,/Users/phamtunglam/Documents/Projects/mSigLIP/code/VN3K/imgs/HoGuom_01/01357_00007965.jpg,/Users/phamtunglam/Documents/Projects/mSigLIP/code/artifacts/deployment/qnn_inputs/vn3k_train_calib_500/raw/00321_pid1356_HoGuom_01_01357_00007965.raw,214,644
322,993,train,HoGuom_01/00994_00003525.jpg,/Users/phamtunglam/Documents/Projects/mSigLIP/code/VN3K/imgs/HoGuom_01/00994_00003525.jpg,/Users/phamtunglam/Documents/Projects/mSigLIP/code/artifacts/deployment/qnn_inputs/vn3k_train_calib_500/raw/00322_pid993_HoGuom_01_00994_00003525.raw,92,268
323,1188,train,HoGuom_01/01189_00001680.jpg,/Users/phamtunglam/Documents/Projects/mSigLIP/code/VN3K/imgs/HoGuom_01/01189_00001680.jpg,/Users/phamtunglam/Documents/Projects/mSigLIP/code/artifacts/deployment/qnn_inputs/vn3k_train_calib_500/raw/00323_pid1188_HoGuom_01_01189_00001680.raw,76,200
324,1712,train,DHHN_HVBCVT_00/01713_00009075.jpg,/Users/phamtunglam/Documents/Projects/mSigLIP/code/VN3K/imgs/DHHN_HVBCVT_00/01713_00009075.jpg,/Users/phamtunglam/Documents/Projects/mSigLIP/code/artifacts/deployment/qnn_inputs/vn3k_train_calib_500/raw/00324_pid1712_DHHN_HVBCVT_00_01713_00009075.raw,133,343
325,980,train,HoGuom_01/00981_00006210.jpg,/Users/phamtunglam/Documents/Projects/mSigLIP/code/VN3K/imgs/HoGuom_01/00981_00006210.jpg,/Users/phamtunglam/Documents/Projects/mSigLIP/code/artifacts/deployment/qnn_inputs/vn3k_train_calib_500/raw/00325_pid980_HoGuom_01_00981_00006210.raw,72,150
326,457,train,HoGuom_00/00458_00016030.jpg,/Users/phamtunglam/Documents/Projects/mSigLIP/code/VN3K/imgs/HoGuom_00/00458_00016030.jpg,/Users/phamtunglam/Documents/Projects/mSigLIP/code/artifacts/deployment/qnn_inputs/vn3k_train_calib_500/raw/00326_pid457_HoGuom_00_00458_00016030.raw,64,176
327,1747,train,DHHN_HVBCVT_00/01748_00018720.jpg,/Users/phamtunglam/Documents/Projects/mSigLIP/code/VN3K/imgs/DHHN_HVBCVT_00/01748_00018720.jpg,/Users/phamtunglam/Documents/Projects/mSigLIP/code/artifacts/deployment/qnn_inputs/vn3k_train_calib_500/raw/00327_pid1747_DHHN_HVBCVT_00_01748_00018720.raw,93,256
328,1910,train,DHGTVT_00/01911_00008230.jpg,/Users/phamtunglam/Documents/Projects/mSigLIP/code/VN3K/imgs/DHGTVT_00/01911_00008230.jpg,/Users/phamtunglam/Documents/Projects/mSigLIP/code/artifacts/deployment/qnn_inputs/vn3k_train_calib_500/raw/00328_pid1910_DHGTVT_00_01911_00008230.raw,95,257
329,755,train,HoGuom_00/00756_00012590.jpg,/Users/phamtunglam/Documents/Projects/mSigLIP/code/VN3K/imgs/HoGuom_00/00756_00012590.jpg,/Users/phamtunglam/Documents/Projects/mSigLIP/code/artifacts/deployment/qnn_inputs/vn3k_train_calib_500/raw/00329_pid755_HoGuom_00_00756_00012590.raw,75,212
330,1823,train,DHHN_HVBCVT_00/01824_00022065.jpg,/Users/phamtunglam/Documents/Projects/mSigLIP/code/VN3K/imgs/DHHN_HVBCVT_00/01824_00022065.jpg,/Users/phamtunglam/Documents/Projects/mSigLIP/code/artifacts/deployment/qnn_inputs/vn3k_train_calib_500/raw/00330_pid1823_DHHN_HVBCVT_00_01824_00022065.raw,78,216
331,928,train,HoGuom_01/00929_00008775.jpg,/Users/phamtunglam/Documents/Projects/mSigLIP/code/VN3K/imgs/HoGuom_01/00929_00008775.jpg,/Users/phamtunglam/Documents/Projects/mSigLIP/code/artifacts/deployment/qnn_inputs/vn3k_train_calib_500/raw/00331_pid928_HoGuom_01_00929_00008775.raw,65,167
332,1677,train,DHHN_HVBCVT_00/01678_00054315.jpg,/Users/phamtunglam/Documents/Projects/mSigLIP/code/VN3K/imgs/DHHN_HVBCVT_00/01678_00054315.jpg,/Users/phamtunglam/Documents/Projects/mSigLIP/code/artifacts/deployment/qnn_inputs/vn3k_train_calib_500/raw/00332_pid1677_DHHN_HVBCVT_00_01678_00054315.raw,67,167
333,254,train,HoGuom_00/00255_00007950.jpg,/Users/phamtunglam/Documents/Projects/mSigLIP/code/VN3K/imgs/HoGuom_00/00255_00007950.jpg,/Users/phamtunglam/Documents/Projects/mSigLIP/code/artifacts/deployment/qnn_inputs/vn3k_train_calib_500/raw/00333_pid254_HoGuom_00_00255_00007950.raw,80,204
334,1794,train,DHHN_HVBCVT_00/01795_00001395.jpg,/Users/phamtunglam/Documents/Projects/mSigLIP/code/VN3K/imgs/DHHN_HVBCVT_00/01795_00001395.jpg,/Users/phamtunglam/Documents/Projects/mSigLIP/code/artifacts/deployment/qnn_inputs/vn3k_train_calib_500/raw/00334_pid1794_DHHN_HVBCVT_00_01795_00001395.raw,91,282
335,465,train,HoGuom_00/00466_00016345.jpg,/Users/phamtunglam/Documents/Projects/mSigLIP/code/VN3K/imgs/HoGuom_00/00466_00016345.jpg,/Users/phamtunglam/Documents/Projects/mSigLIP/code/artifacts/deployment/qnn_inputs/vn3k_train_calib_500/raw/00335_pid465_HoGuom_00_00466_00016345.raw,143,403
336,1143,train,HoGuom_01/01144_00004050.jpg,/Users/phamtunglam/Documents/Projects/mSigLIP/code/VN3K/imgs/HoGuom_01/01144_00004050.jpg,/Users/phamtunglam/Documents/Projects/mSigLIP/code/artifacts/deployment/qnn_inputs/vn3k_train_calib_500/raw/00336_pid1143_HoGuom_01_01144_00004050.raw,96,222
337,445,train,HoGuom_00/00446_00015220.jpg,/Users/phamtunglam/Documents/Projects/mSigLIP/code/VN3K/imgs/HoGuom_00/00446_00015220.jpg,/Users/phamtunglam/Documents/Projects/mSigLIP/code/artifacts/deployment/qnn_inputs/vn3k_train_calib_500/raw/00337_pid445_HoGuom_00_00446_00015220.raw,157,441
338,691,train,HoGuom_00/00692_00010075.jpg,/Users/phamtunglam/Documents/Projects/mSigLIP/code/VN3K/imgs/HoGuom_00/00692_00010075.jpg,/Users/phamtunglam/Documents/Projects/mSigLIP/code/artifacts/deployment/qnn_inputs/vn3k_train_calib_500/raw/00338_pid691_HoGuom_00_00692_00010075.raw,76,258
339,675,train,HoGuom_00/00676_00008870.jpg,/Users/phamtunglam/Documents/Projects/mSigLIP/code/VN3K/imgs/HoGuom_00/00676_00008870.jpg,/Users/phamtunglam/Documents/Projects/mSigLIP/code/artifacts/deployment/qnn_inputs/vn3k_train_calib_500/raw/00339_pid675_HoGuom_00_00676_00008870.raw,193,452
340,1791,train,DHHN_HVBCVT_00/01792_00001635.jpg,/Users/phamtunglam/Documents/Projects/mSigLIP/code/VN3K/imgs/DHHN_HVBCVT_00/01792_00001635.jpg,/Users/phamtunglam/Documents/Projects/mSigLIP/code/artifacts/deployment/qnn_inputs/vn3k_train_calib_500/raw/00340_pid1791_DHHN_HVBCVT_00_01792_00001635.raw,79,239
341,263,train,HoGuom_00/00264_00008475.jpg,/Users/phamtunglam/Documents/Projects/mSigLIP/code/VN3K/imgs/HoGuom_00/00264_00008475.jpg,/Users/phamtunglam/Documents/Projects/mSigLIP/code/artifacts/deployment/qnn_inputs/vn3k_train_calib_500/raw/00341_pid263_HoGuom_00_00264_00008475.raw,153,423
342,313,train,HoGuom_00/00314_00010160.jpg,/Users/phamtunglam/Documents/Projects/mSigLIP/code/VN3K/imgs/HoGuom_00/00314_00010160.jpg,/Users/phamtunglam/Documents/Projects/mSigLIP/code/artifacts/deployment/qnn_inputs/vn3k_train_calib_500/raw/00342_pid313_HoGuom_00_00314_00010160.raw,66,188
343,1882,train,DHGTVT_00/01883_00004100.jpg,/Users/phamtunglam/Documents/Projects/mSigLIP/code/VN3K/imgs/DHGTVT_00/01883_00004100.jpg,/Users/phamtunglam/Documents/Projects/mSigLIP/code/artifacts/deployment/qnn_inputs/vn3k_train_calib_500/raw/00343_pid1882_DHGTVT_00_01883_00004100.raw,119,315
344,131,train,HoGuom_00/00132_00002430.jpg,/Users/phamtunglam/Documents/Projects/mSigLIP/code/VN3K/imgs/HoGuom_00/00132_00002430.jpg,/Users/phamtunglam/Documents/Projects/mSigLIP/code/artifacts/deployment/qnn_inputs/vn3k_train_calib_500/raw/00344_pid131_HoGuom_00_00132_00002430.raw,73,138
345,1821,train,DHHN_HVBCVT_00/01822_00019890.jpg,/Users/phamtunglam/Documents/Projects/mSigLIP/code/VN3K/imgs/DHHN_HVBCVT_00/01822_00019890.jpg,/Users/phamtunglam/Documents/Projects/mSigLIP/code/artifacts/deployment/qnn_inputs/vn3k_train_calib_500/raw/00345_pid1821_DHHN_HVBCVT_00_01822_00019890.raw,90,250
346,1418,train,HoGuom_01/01419_1.jpg,/Users/phamtunglam/Documents/Projects/mSigLIP/code/VN3K/imgs/HoGuom_01/01419_1.jpg,/Users/phamtunglam/Documents/Projects/mSigLIP/code/artifacts/deployment/qnn_inputs/vn3k_train_calib_500/raw/00346_pid1418_HoGuom_01_01419_1.raw,99,302
347,1585,train,DHHN_HVBCVT_00/01586_00012030.jpg,/Users/phamtunglam/Documents/Projects/mSigLIP/code/VN3K/imgs/DHHN_HVBCVT_00/01586_00012030.jpg,/Users/phamtunglam/Documents/Projects/mSigLIP/code/artifacts/deployment/qnn_inputs/vn3k_train_calib_500/raw/00347_pid1585_DHHN_HVBCVT_00_01586_00012030.raw,85,201
348,1962,train,DHGTVT_00/01963_00019420.jpg,/Users/phamtunglam/Documents/Projects/mSigLIP/code/VN3K/imgs/DHGTVT_00/01963_00019420.jpg,/Users/phamtunglam/Documents/Projects/mSigLIP/code/artifacts/deployment/qnn_inputs/vn3k_train_calib_500/raw/00348_pid1962_DHGTVT_00_01963_00019420.raw,86,199
349,111,train,HoGuom_00/00112_00002080.jpg,/Users/phamtunglam/Documents/Projects/mSigLIP/code/VN3K/imgs/HoGuom_00/00112_00002080.jpg,/Users/phamtunglam/Documents/Projects/mSigLIP/code/artifacts/deployment/qnn_inputs/vn3k_train_calib_500/raw/00349_pid111_HoGuom_00_00112_00002080.raw,84,190
350,351,train,HoGuom_00/00352_00011815.jpg,/Users/phamtunglam/Documents/Projects/mSigLIP/code/VN3K/imgs/HoGuom_00/00352_00011815.jpg,/Users/phamtunglam/Documents/Projects/mSigLIP/code/artifacts/deployment/qnn_inputs/vn3k_train_calib_500/raw/00350_pid351_HoGuom_00_00352_00011815.raw,116,285
351,108,train,HoGuom_00/00109_00001945.jpg,/Users/phamtunglam/Documents/Projects/mSigLIP/code/VN3K/imgs/HoGuom_00/00109_00001945.jpg,/Users/phamtunglam/Documents/Projects/mSigLIP/code/artifacts/deployment/qnn_inputs/vn3k_train_calib_500/raw/00351_pid108_HoGuom_00_00109_00001945.raw,238,618
352,1877,train,DHGTVT_00/01878_00003590.jpg,/Users/phamtunglam/Documents/Projects/mSigLIP/code/VN3K/imgs/DHGTVT_00/01878_00003590.jpg,/Users/phamtunglam/Documents/Projects/mSigLIP/code/artifacts/deployment/qnn_inputs/vn3k_train_calib_500/raw/00352_pid1877_DHGTVT_00_01878_00003590.raw,115,317
353,1564,train,DHHN_HVBCVT_00/01565_00001500.jpg,/Users/phamtunglam/Documents/Projects/mSigLIP/code/VN3K/imgs/DHHN_HVBCVT_00/01565_00001500.jpg,/Users/phamtunglam/Documents/Projects/mSigLIP/code/artifacts/deployment/qnn_inputs/vn3k_train_calib_500/raw/00353_pid1564_DHHN_HVBCVT_00_01565_00001500.raw,119,338
354,1429,train,HoGuom_01/01430_1.jpg,/Users/phamtunglam/Documents/Projects/mSigLIP/code/VN3K/imgs/HoGuom_01/01430_1.jpg,/Users/phamtunglam/Documents/Projects/mSigLIP/code/artifacts/deployment/qnn_inputs/vn3k_train_calib_500/raw/00354_pid1429_HoGuom_01_01430_1.raw,67,238
355,691,train,HoGuom_00/00692_00010050.jpg,/Users/phamtunglam/Documents/Projects/mSigLIP/code/VN3K/imgs/HoGuom_00/00692_00010050.jpg,/Users/phamtunglam/Documents/Projects/mSigLIP/code/artifacts/deployment/qnn_inputs/vn3k_train_calib_500/raw/00355_pid691_HoGuom_00_00692_00010050.raw,73,226
356,694,train,HoGuom_00/00695_00010080.jpg,/Users/phamtunglam/Documents/Projects/mSigLIP/code/VN3K/imgs/HoGuom_00/00695_00010080.jpg,/Users/phamtunglam/Documents/Projects/mSigLIP/code/artifacts/deployment/qnn_inputs/vn3k_train_calib_500/raw/00356_pid694_HoGuom_00_00695_00010080.raw,102,243
357,1637,train,DHHN_HVBCVT_00/01638_00034320.jpg,/Users/phamtunglam/Documents/Projects/mSigLIP/code/VN3K/imgs/DHHN_HVBCVT_00/01638_00034320.jpg,/Users/phamtunglam/Documents/Projects/mSigLIP/code/artifacts/deployment/qnn_inputs/vn3k_train_calib_500/raw/00357_pid1637_DHHN_HVBCVT_00_01638_00034320.raw,63,204
358,451,train,HoGuom_00/00452_00015475.jpg,/Users/phamtunglam/Documents/Projects/mSigLIP/code/VN3K/imgs/HoGuom_00/00452_00015475.jpg,/Users/phamtunglam/Documents/Projects/mSigLIP/code/artifacts/deployment/qnn_inputs/vn3k_train_calib_500/raw/00358_pid451_HoGuom_00_00452_00015475.raw,84,251
359,1050,train,HoGuom_01/01051_00002505.jpg,/Users/phamtunglam/Documents/Projects/mSigLIP/code/VN3K/imgs/HoGuom_01/01051_00002505.jpg,/Users/phamtunglam/Documents/Projects/mSigLIP/code/artifacts/deployment/qnn_inputs/vn3k_train_calib_500/raw/00359_pid1050_HoGuom_01_01051_00002505.raw,153,343
360,399,train,HoGuom_00/00400_00013670.jpg,/Users/phamtunglam/Documents/Projects/mSigLIP/code/VN3K/imgs/HoGuom_00/00400_00013670.jpg,/Users/phamtunglam/Documents/Projects/mSigLIP/code/artifacts/deployment/qnn_inputs/vn3k_train_calib_500/raw/00360_pid399_HoGuom_00_00400_00013670.raw,126,492
361,1739,train,DHHN_HVBCVT_00/01740_00015690.jpg,/Users/phamtunglam/Documents/Projects/mSigLIP/code/VN3K/imgs/DHHN_HVBCVT_00/01740_00015690.jpg,/Users/phamtunglam/Documents/Projects/mSigLIP/code/artifacts/deployment/qnn_inputs/vn3k_train_calib_500/raw/00361_pid1739_DHHN_HVBCVT_00_01740_00015690.raw,67,140
362,1887,train,DHGTVT_00/01888_00004160.jpg,/Users/phamtunglam/Documents/Projects/mSigLIP/code/VN3K/imgs/DHGTVT_00/01888_00004160.jpg,/Users/phamtunglam/Documents/Projects/mSigLIP/code/artifacts/deployment/qnn_inputs/vn3k_train_calib_500/raw/00362_pid1887_DHGTVT_00_01888_00004160.raw,130,318
363,1770,train,DHHN_HVBCVT_00/01771_00001350.jpg,/Users/phamtunglam/Documents/Projects/mSigLIP/code/VN3K/imgs/DHHN_HVBCVT_00/01771_00001350.jpg,/Users/phamtunglam/Documents/Projects/mSigLIP/code/artifacts/deployment/qnn_inputs/vn3k_train_calib_500/raw/00363_pid1770_DHHN_HVBCVT_00_01771_00001350.raw,95,275
364,540,train,HoGuom_00/00541_00003560.jpg,/Users/phamtunglam/Documents/Projects/mSigLIP/code/VN3K/imgs/HoGuom_00/00541_00003560.jpg,/Users/phamtunglam/Documents/Projects/mSigLIP/code/artifacts/deployment/qnn_inputs/vn3k_train_calib_500/raw/00364_pid540_HoGuom_00_00541_00003560.raw,87,261
365,509,train,HoGuom_00/00510_00001190.jpg,/Users/phamtunglam/Documents/Projects/mSigLIP/code/VN3K/imgs/HoGuom_00/00510_00001190.jpg,/Users/phamtunglam/Documents/Projects/mSigLIP/code/artifacts/deployment/qnn_inputs/vn3k_train_calib_500/raw/00365_pid509_HoGuom_00_00510_00001190.raw,244,481
366,917,train,HoGuom_01/00918_00008250.jpg,/Users/phamtunglam/Documents/Projects/mSigLIP/code/VN3K/imgs/HoGuom_01/00918_00008250.jpg,/Users/phamtunglam/Documents/Projects/mSigLIP/code/artifacts/deployment/qnn_inputs/vn3k_train_calib_500/raw/00366_pid917_HoGuom_01_00918_00008250.raw,80,218
367,1071,train,HoGuom_01/01072_00004695.jpg,/Users/phamtunglam/Documents/Projects/mSigLIP/code/VN3K/imgs/HoGuom_01/01072_00004695.jpg,/Users/phamtunglam/Documents/Projects/mSigLIP/code/artifacts/deployment/qnn_inputs/vn3k_train_calib_500/raw/00367_pid1071_HoGuom_01_01072_00004695.raw,162,417
368,1376,train,HoGuom_01/01377_00005385.jpg,/Users/phamtunglam/Documents/Projects/mSigLIP/code/VN3K/imgs/HoGuom_01/01377_00005385.jpg,/Users/phamtunglam/Documents/Projects/mSigLIP/code/artifacts/deployment/qnn_inputs/vn3k_train_calib_500/raw/00368_pid1376_HoGuom_01_01377_00005385.raw,167,456
369,1229,train,HoGuom_01/01230_00005430.jpg,/Users/phamtunglam/Documents/Projects/mSigLIP/code/VN3K/imgs/HoGuom_01/01230_00005430.jpg,/Users/phamtunglam/Documents/Projects/mSigLIP/code/artifacts/deployment/qnn_inputs/vn3k_train_calib_500/raw/00369_pid1229_HoGuom_01_01230_00005430.raw,179,545
370,1994,train,TamChuc_01/01995_2.jpg,/Users/phamtunglam/Documents/Projects/mSigLIP/code/VN3K/imgs/TamChuc_01/01995_2.jpg,/Users/phamtunglam/Documents/Projects/mSigLIP/code/artifacts/deployment/qnn_inputs/vn3k_train_calib_500/raw/00370_pid1994_TamChuc_01_01995_2.raw,326,740
371,1489,train,HoGuom_01/01490_2.jpg,/Users/phamtunglam/Documents/Projects/mSigLIP/code/VN3K/imgs/HoGuom_01/01490_2.jpg,/Users/phamtunglam/Documents/Projects/mSigLIP/code/artifacts/deployment/qnn_inputs/vn3k_train_calib_500/raw/00371_pid1489_HoGuom_01_01490_2.raw,227,675
372,717,train,HoGuom_00/00718_00011295.jpg,/Users/phamtunglam/Documents/Projects/mSigLIP/code/VN3K/imgs/HoGuom_00/00718_00011295.jpg,/Users/phamtunglam/Documents/Projects/mSigLIP/code/artifacts/deployment/qnn_inputs/vn3k_train_calib_500/raw/00372_pid717_HoGuom_00_00718_00011295.raw,72,240
373,1531,train,DHHN_HVBCVT_00/01532_00013935.jpg,/Users/phamtunglam/Documents/Projects/mSigLIP/code/VN3K/imgs/DHHN_HVBCVT_00/01532_00013935.jpg,/Users/phamtunglam/Documents/Projects/mSigLIP/code/artifacts/deployment/qnn_inputs/vn3k_train_calib_500/raw/00373_pid1531_DHHN_HVBCVT_00_01532_00013935.raw,72,205
374,1108,train,HoGuom_01/01109_00001590.jpg,/Users/phamtunglam/Documents/Projects/mSigLIP/code/VN3K/imgs/HoGuom_01/01109_00001590.jpg,/Users/phamtunglam/Documents/Projects/mSigLIP/code/artifacts/deployment/qnn_inputs/vn3k_train_calib_500/raw/00374_pid1108_HoGuom_01_01109_00001590.raw,276,796
375,1687,train,DHHN_HVBCVT_00/01688_00002175.jpg,/Users/phamtunglam/Documents/Projects/mSigLIP/code/VN3K/imgs/DHHN_HVBCVT_00/01688_00002175.jpg,/Users/phamtunglam/Documents/Projects/mSigLIP/code/artifacts/deployment/qnn_inputs/vn3k_train_calib_500/raw/00375_pid1687_DHHN_HVBCVT_00_01688_00002175.raw,82,229
376,1983,train,DHGTVT_00/01984_00031070.jpg,/Users/phamtunglam/Documents/Projects/mSigLIP/code/VN3K/imgs/DHGTVT_00/01984_00031070.jpg,/Users/phamtunglam/Documents/Projects/mSigLIP/code/artifacts/deployment/qnn_inputs/vn3k_train_calib_500/raw/00376_pid1983_DHGTVT_00_01984_00031070.raw,106,240
377,550,train,HoGuom_00/00551_00004206.jpg,/Users/phamtunglam/Documents/Projects/mSigLIP/code/VN3K/imgs/HoGuom_00/00551_00004206.jpg,/Users/phamtunglam/Documents/Projects/mSigLIP/code/artifacts/deployment/qnn_inputs/vn3k_train_calib_500/raw/00377_pid550_HoGuom_00_00551_00004206.raw,77,154
378,794,train,HoGuom_01/00795_00001980.jpg,/Users/phamtunglam/Documents/Projects/mSigLIP/code/VN3K/imgs/HoGuom_01/00795_00001980.jpg,/Users/phamtunglam/Documents/Projects/mSigLIP/code/artifacts/deployment/qnn_inputs/vn3k_train_calib_500/raw/00378_pid794_HoGuom_01_00795_00001980.raw,82,212
379,629,train,HoGuom_00/00630_00007305.jpg,/Users/phamtunglam/Documents/Projects/mSigLIP/code/VN3K/imgs/HoGuom_00/00630_00007305.jpg,/Users/phamtunglam/Documents/Projects/mSigLIP/code/artifacts/deployment/qnn_inputs/vn3k_train_calib_500/raw/00379_pid629_HoGuom_00_00630_00007305.raw,110,285
380,89,train,HoGuom_00/00090_00000750.jpg,/Users/phamtunglam/Documents/Projects/mSigLIP/code/VN3K/imgs/HoGuom_00/00090_00000750.jpg,/Users/phamtunglam/Documents/Projects/mSigLIP/code/artifacts/deployment/qnn_inputs/vn3k_train_calib_500/raw/00380_pid89_HoGuom_00_00090_00000750.raw,272,514
381,757,train,HoGuom_00/00758_00012910.jpg,/Users/phamtunglam/Documents/Projects/mSigLIP/code/VN3K/imgs/HoGuom_00/00758_00012910.jpg,/Users/phamtunglam/Documents/Projects/mSigLIP/code/artifacts/deployment/qnn_inputs/vn3k_train_calib_500/raw/00381_pid757_HoGuom_00_00758_00012910.raw,124,326
382,1271,train,HoGuom_01/01272_00004800.jpg,/Users/phamtunglam/Documents/Projects/mSigLIP/code/VN3K/imgs/HoGuom_01/01272_00004800.jpg,/Users/phamtunglam/Documents/Projects/mSigLIP/code/artifacts/deployment/qnn_inputs/vn3k_train_calib_500/raw/00382_pid1271_HoGuom_01_01272_00004800.raw,79,207
383,57,train,TEST_DATA/Person58.2/output_2.jpg,/Users/phamtunglam/Documents/Projects/mSigLIP/code/VN3K/imgs/TEST_DATA/Person58.2/output_2.jpg,/Users/phamtunglam/Documents/Projects/mSigLIP/code/artifacts/deployment/qnn_inputs/vn3k_train_calib_500/raw/00383_pid57_TEST_DATA_Person58.2_output_2.raw,101,184
384,907,train,HoGuom_01/00908_00002460.jpg,/Users/phamtunglam/Documents/Projects/mSigLIP/code/VN3K/imgs/HoGuom_01/00908_00002460.jpg,/Users/phamtunglam/Documents/Projects/mSigLIP/code/artifacts/deployment/qnn_inputs/vn3k_train_calib_500/raw/00384_pid907_HoGuom_01_00908_00002460.raw,78,206
385,443,train,HoGuom_00/00444_00015055.jpg,/Users/phamtunglam/Documents/Projects/mSigLIP/code/VN3K/imgs/HoGuom_00/00444_00015055.jpg,/Users/phamtunglam/Documents/Projects/mSigLIP/code/artifacts/deployment/qnn_inputs/vn3k_train_calib_500/raw/00385_pid443_HoGuom_00_00444_00015055.raw,79,217
386,1166,train,HoGuom_01/01167_00000765.jpg,/Users/phamtunglam/Documents/Projects/mSigLIP/code/VN3K/imgs/HoGuom_01/01167_00000765.jpg,/Users/phamtunglam/Documents/Projects/mSigLIP/code/artifacts/deployment/qnn_inputs/vn3k_train_calib_500/raw/00386_pid1166_HoGuom_01_01167_00000765.raw,331,745
387,713,train,HoGuom_00/00714_00011725.jpg,/Users/phamtunglam/Documents/Projects/mSigLIP/code/VN3K/imgs/HoGuom_00/00714_00011725.jpg,/Users/phamtunglam/Documents/Projects/mSigLIP/code/artifacts/deployment/qnn_inputs/vn3k_train_calib_500/raw/00387_pid713_HoGuom_00_00714_00011725.raw,143,404
388,67,train,TEST_DATA/Person68.2/output_6.jpg,/Users/phamtunglam/Documents/Projects/mSigLIP/code/VN3K/imgs/TEST_DATA/Person68.2/output_6.jpg,/Users/phamtunglam/Documents/Projects/mSigLIP/code/artifacts/deployment/qnn_inputs/vn3k_train_calib_500/raw/00388_pid67_TEST_DATA_Person68.2_output_6.raw,139,257
389,1126,train,HoGuom_01/01127_00000180.jpg,/Users/phamtunglam/Documents/Projects/mSigLIP/code/VN3K/imgs/HoGuom_01/01127_00000180.jpg,/Users/phamtunglam/Documents/Projects/mSigLIP/code/artifacts/deployment/qnn_inputs/vn3k_train_calib_500/raw/00389_pid1126_HoGuom_01_01127_00000180.raw,71,169
390,486,train,HoGuom_00/00487_00017460.jpg,/Users/phamtunglam/Documents/Projects/mSigLIP/code/VN3K/imgs/HoGuom_00/00487_00017460.jpg,/Users/phamtunglam/Documents/Projects/mSigLIP/code/artifacts/deployment/qnn_inputs/vn3k_train_calib_500/raw/00390_pid486_HoGuom_00_00487_00017460.raw,200,590
391,1413,train,HoGuom_01/01414_1.jpg,/Users/phamtunglam/Documents/Projects/mSigLIP/code/VN3K/imgs/HoGuom_01/01414_1.jpg,/Users/phamtunglam/Documents/Projects/mSigLIP/code/artifacts/deployment/qnn_inputs/vn3k_train_calib_500/raw/00391_pid1413_HoGuom_01_01414_1.raw,115,328
392,1373,train,HoGuom_01/01374_00005685.jpg,/Users/phamtunglam/Documents/Projects/mSigLIP/code/VN3K/imgs/HoGuom_01/01374_00005685.jpg,/Users/phamtunglam/Documents/Projects/mSigLIP/code/artifacts/deployment/qnn_inputs/vn3k_train_calib_500/raw/00392_pid1373_HoGuom_01_01374_00005685.raw,99,225
393,1441,train,HoGuom_01/01442_2.jpg,/Users/phamtunglam/Documents/Projects/mSigLIP/code/VN3K/imgs/HoGuom_01/01442_2.jpg,/Users/phamtunglam/Documents/Projects/mSigLIP/code/artifacts/deployment/qnn_inputs/vn3k_train_calib_500/raw/00393_pid1441_HoGuom_01_01442_2.raw,144,426
394,656,train,HoGuom_00/00657_00008350.jpg,/Users/phamtunglam/Documents/Projects/mSigLIP/code/VN3K/imgs/HoGuom_00/00657_00008350.jpg,/Users/phamtunglam/Documents/Projects/mSigLIP/code/artifacts/deployment/qnn_inputs/vn3k_train_calib_500/raw/00394_pid656_HoGuom_00_00657_00008350.raw,119,310
395,70,train,TRAINNING_DATA/Person71/output_6.jpg,/Users/phamtunglam/Documents/Projects/mSigLIP/code/VN3K/imgs/TRAINNING_DATA/Person71/output_6.jpg,/Users/phamtunglam/Documents/Projects/mSigLIP/code/artifacts/deployment/qnn_inputs/vn3k_train_calib_500/raw/00395_pid70_TRAINNING_DATA_Person71_output_6.raw,107,296
396,55,train,TEST_DATA/Person56.2/output_2.jpg,/Users/phamtunglam/Documents/Projects/mSigLIP/code/VN3K/imgs/TEST_DATA/Person56.2/output_2.jpg,/Users/phamtunglam/Documents/Projects/mSigLIP/code/artifacts/deployment/qnn_inputs/vn3k_train_calib_500/raw/00396_pid55_TEST_DATA_Person56.2_output_2.raw,69,165
397,25,train,TRAINNING_DATA/Person26/output_6.jpg,/Users/phamtunglam/Documents/Projects/mSigLIP/code/VN3K/imgs/TRAINNING_DATA/Person26/output_6.jpg,/Users/phamtunglam/Documents/Projects/mSigLIP/code/artifacts/deployment/qnn_inputs/vn3k_train_calib_500/raw/00397_pid25_TRAINNING_DATA_Person26_output_6.raw,93,301
398,1672,train,DHHN_HVBCVT_00/01673_00051270.jpg,/Users/phamtunglam/Documents/Projects/mSigLIP/code/VN3K/imgs/DHHN_HVBCVT_00/01673_00051270.jpg,/Users/phamtunglam/Documents/Projects/mSigLIP/code/artifacts/deployment/qnn_inputs/vn3k_train_calib_500/raw/00398_pid1672_DHHN_HVBCVT_00_01673_00051270.raw,81,280
399,1320,train,HoGuom_01/01321_00008985.jpg,/Users/phamtunglam/Documents/Projects/mSigLIP/code/VN3K/imgs/HoGuom_01/01321_00008985.jpg,/Users/phamtunglam/Documents/Projects/mSigLIP/code/artifacts/deployment/qnn_inputs/vn3k_train_calib_500/raw/00399_pid1320_HoGuom_01_01321_00008985.raw,129,277
400,204,train,HoGuom_00/00205_00005215.jpg,/Users/phamtunglam/Documents/Projects/mSigLIP/code/VN3K/imgs/HoGuom_00/00205_00005215.jpg,/Users/phamtunglam/Documents/Projects/mSigLIP/code/artifacts/deployment/qnn_inputs/vn3k_train_calib_500/raw/00400_pid204_HoGuom_00_00205_00005215.raw,230,481
401,1789,train,DHHN_HVBCVT_00/01790_00004110.jpg,/Users/phamtunglam/Documents/Projects/mSigLIP/code/VN3K/imgs/DHHN_HVBCVT_00/01790_00004110.jpg,/Users/phamtunglam/Documents/Projects/mSigLIP/code/artifacts/deployment/qnn_inputs/vn3k_train_calib_500/raw/00401_pid1789_DHHN_HVBCVT_00_01790_00004110.raw,326,670
402,1170,train,HoGuom_01/01171_00001260.jpg,/Users/phamtunglam/Documents/Projects/mSigLIP/code/VN3K/imgs/HoGuom_01/01171_00001260.jpg,/Users/phamtunglam/Documents/Projects/mSigLIP/code/artifacts/deployment/qnn_inputs/vn3k_train_calib_500/raw/00402_pid1170_HoGuom_01_01171_00001260.raw,145,453
403,1505,train,DHHN_HVBCVT_00/01506_00002490.jpg,/Users/phamtunglam/Documents/Projects/mSigLIP/code/VN3K/imgs/DHHN_HVBCVT_00/01506_00002490.jpg,/Users/phamtunglam/Documents/Projects/mSigLIP/code/artifacts/deployment/qnn_inputs/vn3k_train_calib_500/raw/00403_pid1505_DHHN_HVBCVT_00_01506_00002490.raw,274,679
404,1314,train,HoGuom_01/01315_00003720.jpg,/Users/phamtunglam/Documents/Projects/mSigLIP/code/VN3K/imgs/HoGuom_01/01315_00003720.jpg,/Users/phamtunglam/Documents/Projects/mSigLIP/code/artifacts/deployment/qnn_inputs/vn3k_train_calib_500/raw/00404_pid1314_HoGuom_01_01315_00003720.raw,222,619
405,382,train,HoGuom_00/00383_00012840.jpg,/Users/phamtunglam/Documents/Projects/mSigLIP/code/VN3K/imgs/HoGuom_00/00383_00012840.jpg,/Users/phamtunglam/Documents/Projects/mSigLIP/code/artifacts/deployment/qnn_inputs/vn3k_train_calib_500/raw/00405_pid382_HoGuom_00_00383_00012840.raw,102,313
406,750,train,HoGuom_00/00751_00012550.jpg,/Users/phamtunglam/Documents/Projects/mSigLIP/code/VN3K/imgs/HoGuom_00/00751_00012550.jpg,/Users/phamtunglam/Documents/Projects/mSigLIP/code/artifacts/deployment/qnn_inputs/vn3k_train_calib_500/raw/00406_pid750_HoGuom_00_00751_00012550.raw,145,382
407,256,train,HoGuom_00/00257_00008210.jpg,/Users/phamtunglam/Documents/Projects/mSigLIP/code/VN3K/imgs/HoGuom_00/00257_00008210.jpg,/Users/phamtunglam/Documents/Projects/mSigLIP/code/artifacts/deployment/qnn_inputs/vn3k_train_calib_500/raw/00407_pid256_HoGuom_00_00257_00008210.raw,87,213
408,321,train,HoGuom_00/00322_00010590.jpg,/Users/phamtunglam/Documents/Projects/mSigLIP/code/VN3K/imgs/HoGuom_00/00322_00010590.jpg,/Users/phamtunglam/Documents/Projects/mSigLIP/code/artifacts/deployment/qnn_inputs/vn3k_train_calib_500/raw/00408_pid321_HoGuom_00_00322_00010590.raw,133,378
409,1755,train,DHHN_HVBCVT_00/01756_00017100.jpg,/Users/phamtunglam/Documents/Projects/mSigLIP/code/VN3K/imgs/DHHN_HVBCVT_00/01756_00017100.jpg,/Users/phamtunglam/Documents/Projects/mSigLIP/code/artifacts/deployment/qnn_inputs/vn3k_train_calib_500/raw/00409_pid1755_DHHN_HVBCVT_00_01756_00017100.raw,105,243
410,28,train,TEST_DATA/Person29.2/output_9.jpg,/Users/phamtunglam/Documents/Projects/mSigLIP/code/VN3K/imgs/TEST_DATA/Person29.2/output_9.jpg,/Users/phamtunglam/Documents/Projects/mSigLIP/code/artifacts/deployment/qnn_inputs/vn3k_train_calib_500/raw/00410_pid28_TEST_DATA_Person29.2_output_9.raw,138,303
411,33,train,TRAINNING_DATA/Person34/output_6.jpg,/Users/phamtunglam/Documents/Projects/mSigLIP/code/VN3K/imgs/TRAINNING_DATA/Person34/output_6.jpg,/Users/phamtunglam/Documents/Projects/mSigLIP/code/artifacts/deployment/qnn_inputs/vn3k_train_calib_500/raw/00411_pid33_TRAINNING_DATA_Person34_output_6.raw,145,292
412,1935,train,DHGTVT_00/01936_00010830.jpg,/Users/phamtunglam/Documents/Projects/mSigLIP/code/VN3K/imgs/DHGTVT_00/01936_00010830.jpg,/Users/phamtunglam/Documents/Projects/mSigLIP/code/artifacts/deployment/qnn_inputs/vn3k_train_calib_500/raw/00412_pid1935_DHGTVT_00_01936_00010830.raw,108,281
413,1050,train,HoGuom_01/01051_00002400.jpg,/Users/phamtunglam/Documents/Projects/mSigLIP/code/VN3K/imgs/HoGuom_01/01051_00002400.jpg,/Users/phamtunglam/Documents/Projects/mSigLIP/code/artifacts/deployment/qnn_inputs/vn3k_train_calib_500/raw/00413_pid1050_HoGuom_01_01051_00002400.raw,114,328
414,310,train,HoGuom_00/00311_00010170.jpg,/Users/phamtunglam/Documents/Projects/mSigLIP/code/VN3K/imgs/HoGuom_00/00311_00010170.jpg,/Users/phamtunglam/Documents/Projects/mSigLIP/code/artifacts/deployment/qnn_inputs/vn3k_train_calib_500/raw/00414_pid310_HoGuom_00_00311_00010170.raw,150,457
415,655,train,HoGuom_00/00656_00008240.jpg,/Users/phamtunglam/Documents/Projects/mSigLIP/code/VN3K/imgs/HoGuom_00/00656_00008240.jpg,/Users/phamtunglam/Documents/Projects/mSigLIP/code/artifacts/deployment/qnn_inputs/vn3k_train_calib_500/raw/00415_pid655_HoGuom_00_00656_00008240.raw,66,173
416,1709,train,DHHN_HVBCVT_00/01710_00008445.jpg,/Users/phamtunglam/Documents/Projects/mSigLIP/code/VN3K/imgs/DHHN_HVBCVT_00/01710_00008445.jpg,/Users/phamtunglam/Documents/Projects/mSigLIP/code/artifacts/deployment/qnn_inputs/vn3k_train_calib_500/raw/00416_pid1709_DHHN_HVBCVT_00_01710_00008445.raw,85,279
417,235,train,HoGuom_00/00236_00007595.jpg,/Users/phamtunglam/Documents/Projects/mSigLIP/code/VN3K/imgs/HoGuom_00/00236_00007595.jpg,/Users/phamtunglam/Documents/Projects/mSigLIP/code/artifacts/deployment/qnn_inputs/vn3k_train_calib_500/raw/00417_pid235_HoGuom_00_00236_00007595.raw,152,378
418,1574,train,DHHN_HVBCVT_00/01575_00006780.jpg,/Users/phamtunglam/Documents/Projects/mSigLIP/code/VN3K/imgs/DHHN_HVBCVT_00/01575_00006780.jpg,/Users/phamtunglam/Documents/Projects/mSigLIP/code/artifacts/deployment/qnn_inputs/vn3k_train_calib_500/raw/00418_pid1574_DHHN_HVBCVT_00_01575_00006780.raw,146,382
419,571,train,HoGuom_00/00572_00005545.jpg,/Users/phamtunglam/Documents/Projects/mSigLIP/code/VN3K/imgs/HoGuom_00/00572_00005545.jpg,/Users/phamtunglam/Documents/Projects/mSigLIP/code/artifacts/deployment/qnn_inputs/vn3k_train_calib_500/raw/00419_pid571_HoGuom_00_00572_00005545.raw,90,244
420,1414,train,HoGuom_01/01415_1.jpg,/Users/phamtunglam/Documents/Projects/mSigLIP/code/VN3K/imgs/HoGuom_01/01415_1.jpg,/Users/phamtunglam/Documents/Projects/mSigLIP/code/artifacts/deployment/qnn_inputs/vn3k_train_calib_500/raw/00420_pid1414_HoGuom_01_01415_1.raw,89,227
421,418,train,HoGuom_00/00419_00014375.jpg,/Users/phamtunglam/Documents/Projects/mSigLIP/code/VN3K/imgs/HoGuom_00/00419_00014375.jpg,/Users/phamtunglam/Documents/Projects/mSigLIP/code/artifacts/deployment/qnn_inputs/vn3k_train_calib_500/raw/00421_pid418_HoGuom_00_00419_00014375.raw,92,322
422,863,train,HoGuom_01/00864_00086485.jpg,/Users/phamtunglam/Documents/Projects/mSigLIP/code/VN3K/imgs/HoGuom_01/00864_00086485.jpg,/Users/phamtunglam/Documents/Projects/mSigLIP/code/artifacts/deployment/qnn_inputs/vn3k_train_calib_500/raw/00422_pid863_HoGuom_01_00864_00086485.raw,70,156
423,1227,train,HoGuom_01/01228_00003945.jpg,/Users/phamtunglam/Documents/Projects/mSigLIP/code/VN3K/imgs/HoGuom_01/01228_00003945.jpg,/Users/phamtunglam/Documents/Projects/mSigLIP/code/artifacts/deployment/qnn_inputs/vn3k_train_calib_500/raw/00423_pid1227_HoGuom_01_01228_00003945.raw,75,216
424,679,train,HoGuom_00/00680_00009270.jpg,/Users/phamtunglam/Documents/Projects/mSigLIP/code/VN3K/imgs/HoGuom_00/00680_00009270.jpg,/Users/phamtunglam/Documents/Projects/mSigLIP/code/artifacts/deployment/qnn_inputs/vn3k_train_calib_500/raw/00424_pid679_HoGuom_00_00680_00009270.raw,387,894
425,1368,train,HoGuom_01/01369_00006135.jpg,/Users/phamtunglam/Documents/Projects/mSigLIP/code/VN3K/imgs/HoGuom_01/01369_00006135.jpg,/Users/phamtunglam/Documents/Projects/mSigLIP/code/artifacts/deployment/qnn_inputs/vn3k_train_calib_500/raw/00425_pid1368_HoGuom_01_01369_00006135.raw,90,239
426,1815,train,DHHN_HVBCVT_00/01816_00013875.jpg,/Users/phamtunglam/Documents/Projects/mSigLIP/code/VN3K/imgs/DHHN_HVBCVT_00/01816_00013875.jpg,/Users/phamtunglam/Documents/Projects/mSigLIP/code/artifacts/deployment/qnn_inputs/vn3k_train_calib_500/raw/00426_pid1815_DHHN_HVBCVT_00_01816_00013875.raw,81,221
427,369,train,HoGuom_00/00370_00012740.jpg,/Users/phamtunglam/Documents/Projects/mSigLIP/code/VN3K/imgs/HoGuom_00/00370_00012740.jpg,/Users/phamtunglam/Documents/Projects/mSigLIP/code/artifacts/deployment/qnn_inputs/vn3k_train_calib_500/raw/00427_pid369_HoGuom_00_00370_00012740.raw,161,366
428,680,train,HoGuom_00/00681_00009010.jpg,/Users/phamtunglam/Documents/Projects/mSigLIP/code/VN3K/imgs/HoGuom_00/00681_00009010.jpg,/Users/phamtunglam/Documents/Projects/mSigLIP/code/artifacts/deployment/qnn_inputs/vn3k_train_calib_500/raw/00428_pid680_HoGuom_00_00681_00009010.raw,219,274
429,162,train,HoGuom_00/00163_00004025.jpg,/Users/phamtunglam/Documents/Projects/mSigLIP/code/VN3K/imgs/HoGuom_00/00163_00004025.jpg,/Users/phamtunglam/Documents/Projects/mSigLIP/code/artifacts/deployment/qnn_inputs/vn3k_train_calib_500/raw/00429_pid162_HoGuom_00_00163_00004025.raw,79,287
430,1706,train,DHHN_HVBCVT_00/01707_00007635.jpg,/Users/phamtunglam/Documents/Projects/mSigLIP/code/VN3K/imgs/DHHN_HVBCVT_00/01707_00007635.jpg,/Users/phamtunglam/Documents/Projects/mSigLIP/code/artifacts/deployment/qnn_inputs/vn3k_train_calib_500/raw/00430_pid1706_DHHN_HVBCVT_00_01707_00007635.raw,153,425
431,776,train,HoGuom_01/00777_00000975.jpg,/Users/phamtunglam/Documents/Projects/mSigLIP/code/VN3K/imgs/HoGuom_01/00777_00000975.jpg,/Users/phamtunglam/Documents/Projects/mSigLIP/code/artifacts/deployment/qnn_inputs/vn3k_train_calib_500/raw/00431_pid776_HoGuom_01_00777_00000975.raw,112,312
432,1693,train,DHHN_HVBCVT_00/01694_00004260.jpg,/Users/phamtunglam/Documents/Projects/mSigLIP/code/VN3K/imgs/DHHN_HVBCVT_00/01694_00004260.jpg,/Users/phamtunglam/Documents/Projects/mSigLIP/code/artifacts/deployment/qnn_inputs/vn3k_train_calib_500/raw/00432_pid1693_DHHN_HVBCVT_00_01694_00004260.raw,78,236
433,1979,train,DHGTVT_00/01980_00030130.jpg,/Users/phamtunglam/Documents/Projects/mSigLIP/code/VN3K/imgs/DHGTVT_00/01980_00030130.jpg,/Users/phamtunglam/Documents/Projects/mSigLIP/code/artifacts/deployment/qnn_inputs/vn3k_train_calib_500/raw/00433_pid1979_DHGTVT_00_01980_00030130.raw,99,228
434,1958,train,DHGTVT_00/01959_00017950.jpg,/Users/phamtunglam/Documents/Projects/mSigLIP/code/VN3K/imgs/DHGTVT_00/01959_00017950.jpg,/Users/phamtunglam/Documents/Projects/mSigLIP/code/artifacts/deployment/qnn_inputs/vn3k_train_calib_500/raw/00434_pid1958_DHGTVT_00_01959_00017950.raw,66,177
435,68,train,TRAINNING_DATA/Person69/output_2.jpg,/Users/phamtunglam/Documents/Projects/mSigLIP/code/VN3K/imgs/TRAINNING_DATA/Person69/output_2.jpg,/Users/phamtunglam/Documents/Projects/mSigLIP/code/artifacts/deployment/qnn_inputs/vn3k_train_calib_500/raw/00435_pid68_TRAINNING_DATA_Person69_output_2.raw,191,355
436,573,train,HoGuom_00/00574_00005340.jpg,/Users/phamtunglam/Documents/Projects/mSigLIP/code/VN3K/imgs/HoGuom_00/00574_00005340.jpg,/Users/phamtunglam/Documents/Projects/mSigLIP/code/artifacts/deployment/qnn_inputs/vn3k_train_calib_500/raw/00436_pid573_HoGuom_00_00574_00005340.raw,86,209
437,1475,train,HoGuom_01/01476_2.jpg,/Users/phamtunglam/Documents/Projects/mSigLIP/code/VN3K/imgs/HoGuom_01/01476_2.jpg,/Users/phamtunglam/Documents/Projects/mSigLIP/code/artifacts/deployment/qnn_inputs/vn3k_train_calib_500/raw/00437_pid1475_HoGuom_01_01476_2.raw,83,303
438,1804,train,DHHN_HVBCVT_00/01805_00003795.jpg,/Users/phamtunglam/Documents/Projects/mSigLIP/code/VN3K/imgs/DHHN_HVBCVT_00/01805_00003795.jpg,/Users/phamtunglam/Documents/Projects/mSigLIP/code/artifacts/deployment/qnn_inputs/vn3k_train_calib_500/raw/00438_pid1804_DHHN_HVBCVT_00_01805_00003795.raw,139,298
439,1199,train,HoGuom_01/01200_00003330.jpg,/Users/phamtunglam/Documents/Projects/mSigLIP/code/VN3K/imgs/HoGuom_01/01200_00003330.jpg,/Users/phamtunglam/Documents/Projects/mSigLIP/code/artifacts/deployment/qnn_inputs/vn3k_train_calib_500/raw/00439_pid1199_HoGuom_01_01200_00003330.raw,333,726
440,741,train,HoGuom_00/00742_00012870.jpg,/Users/phamtunglam/Documents/Projects/mSigLIP/code/VN3K/imgs/HoGuom_00/00742_00012870.jpg,/Users/phamtunglam/Documents/Projects/mSigLIP/code/artifacts/deployment/qnn_inputs/vn3k_train_calib_500/raw/00440_pid741_HoGuom_00_00742_00012870.raw,71,184
441,1628,train,DHHN_HVBCVT_00/01629_00029325.jpg,/Users/phamtunglam/Documents/Projects/mSigLIP/code/VN3K/imgs/DHHN_HVBCVT_00/01629_00029325.jpg,/Users/phamtunglam/Documents/Projects/mSigLIP/code/artifacts/deployment/qnn_inputs/vn3k_train_calib_500/raw/00441_pid1628_DHHN_HVBCVT_00_01629_00029325.raw,105,346
442,616,train,HoGuom_00/00617_00006995.jpg,/Users/phamtunglam/Documents/Projects/mSigLIP/code/VN3K/imgs/HoGuom_00/00617_00006995.jpg,/Users/phamtunglam/Documents/Projects/mSigLIP/code/artifacts/deployment/qnn_inputs/vn3k_train_calib_500/raw/00442_pid616_HoGuom_00_00617_00006995.raw,166,525
443,48,train,TRAINNING_DATA/Person49/output_6.jpg,/Users/phamtunglam/Documents/Projects/mSigLIP/code/VN3K/imgs/TRAINNING_DATA/Person49/output_6.jpg,/Users/phamtunglam/Documents/Projects/mSigLIP/code/artifacts/deployment/qnn_inputs/vn3k_train_calib_500/raw/00443_pid48_TRAINNING_DATA_Person49_output_6.raw,132,274
444,561,train,HoGuom_00/00562_00004855.jpg,/Users/phamtunglam/Documents/Projects/mSigLIP/code/VN3K/imgs/HoGuom_00/00562_00004855.jpg,/Users/phamtunglam/Documents/Projects/mSigLIP/code/artifacts/deployment/qnn_inputs/vn3k_train_calib_500/raw/00444_pid561_HoGuom_00_00562_00004855.raw,102,318
445,40,train,TEST_DATA/Person41.2/output_2.jpg,/Users/phamtunglam/Documents/Projects/mSigLIP/code/VN3K/imgs/TEST_DATA/Person41.2/output_2.jpg,/Users/phamtunglam/Documents/Projects/mSigLIP/code/artifacts/deployment/qnn_inputs/vn3k_train_calib_500/raw/00445_pid40_TEST_DATA_Person41.2_output_2.raw,74,233
446,1568,train,DHHN_HVBCVT_00/01569_00002115.jpg,/Users/phamtunglam/Documents/Projects/mSigLIP/code/VN3K/imgs/DHHN_HVBCVT_00/01569_00002115.jpg,/Users/phamtunglam/Documents/Projects/mSigLIP/code/artifacts/deployment/qnn_inputs/vn3k_train_calib_500/raw/00446_pid1568_DHHN_HVBCVT_00_01569_00002115.raw,151,345
447,138,train,HoGuom_00/00139_00002750.jpg,/Users/phamtunglam/Documents/Projects/mSigLIP/code/VN3K/imgs/HoGuom_00/00139_00002750.jpg,/Users/phamtunglam/Documents/Projects/mSigLIP/code/artifacts/deployment/qnn_inputs/vn3k_train_calib_500/raw/00447_pid138_HoGuom_00_00139_00002750.raw,87,206
448,1172,train,HoGuom_01/01173_00001770.jpg,/Users/phamtunglam/Documents/Projects/mSigLIP/code/VN3K/imgs/HoGuom_01/01173_00001770.jpg,/Users/phamtunglam/Documents/Projects/mSigLIP/code/artifacts/deployment/qnn_inputs/vn3k_train_calib_500/raw/00448_pid1172_HoGuom_01_01173_00001770.raw,247,700
449,28,train,TEST_DATA/Person29.2/output_6.jpg,/Users/phamtunglam/Documents/Projects/mSigLIP/code/VN3K/imgs/TEST_DATA/Person29.2/output_6.jpg,/Users/phamtunglam/Documents/Projects/mSigLIP/code/artifacts/deployment/qnn_inputs/vn3k_train_calib_500/raw/00449_pid28_TEST_DATA_Person29.2_output_6.raw,110,247
450,171,train,HoGuom_00/00172_00004255.jpg,/Users/phamtunglam/Documents/Projects/mSigLIP/code/VN3K/imgs/HoGuom_00/00172_00004255.jpg,/Users/phamtunglam/Documents/Projects/mSigLIP/code/artifacts/deployment/qnn_inputs/vn3k_train_calib_500/raw/00450_pid171_HoGuom_00_00172_00004255.raw,140,418
451,1001,train,HoGuom_01/01002_00000810.jpg,/Users/phamtunglam/Documents/Projects/mSigLIP/code/VN3K/imgs/HoGuom_01/01002_00000810.jpg,/Users/phamtunglam/Documents/Projects/mSigLIP/code/artifacts/deployment/qnn_inputs/vn3k_train_calib_500/raw/00451_pid1001_HoGuom_01_01002_00000810.raw,158,471
452,1702,train,DHHN_HVBCVT_00/01703_00007845.jpg,/Users/phamtunglam/Documents/Projects/mSigLIP/code/VN3K/imgs/DHHN_HVBCVT_00/01703_00007845.jpg,/Users/phamtunglam/Documents/Projects/mSigLIP/code/artifacts/deployment/qnn_inputs/vn3k_train_calib_500/raw/00452_pid1702_DHHN_HVBCVT_00_01703_00007845.raw,111,292
453,31,train,TEST_DATA/Person32.2/output_9.jpg,/Users/phamtunglam/Documents/Projects/mSigLIP/code/VN3K/imgs/TEST_DATA/Person32.2/output_9.jpg,/Users/phamtunglam/Documents/Projects/mSigLIP/code/artifacts/deployment/qnn_inputs/vn3k_train_calib_500/raw/00453_pid31_TEST_DATA_Person32.2_output_9.raw,138,327
454,1830,train,DHHN_HVBCVT_00/01831_00028380.jpg,/Users/phamtunglam/Documents/Projects/mSigLIP/code/VN3K/imgs/DHHN_HVBCVT_00/01831_00028380.jpg,/Users/phamtunglam/Documents/Projects/mSigLIP/code/artifacts/deployment/qnn_inputs/vn3k_train_calib_500/raw/00454_pid1830_DHHN_HVBCVT_00_01831_00028380.raw,160,377
455,1976,train,DHGTVT_00/01977_00028710.jpg,/Users/phamtunglam/Documents/Projects/mSigLIP/code/VN3K/imgs/DHGTVT_00/01977_00028710.jpg,/Users/phamtunglam/Documents/Projects/mSigLIP/code/artifacts/deployment/qnn_inputs/vn3k_train_calib_500/raw/00455_pid1976_DHGTVT_00_01977_00028710.raw,109,240
456,1660,train,DHHN_HVBCVT_00/01661_00045015.jpg,/Users/phamtunglam/Documents/Projects/mSigLIP/code/VN3K/imgs/DHHN_HVBCVT_00/01661_00045015.jpg,/Users/phamtunglam/Documents/Projects/mSigLIP/code/artifacts/deployment/qnn_inputs/vn3k_train_calib_500/raw/00456_pid1660_DHHN_HVBCVT_00_01661_00045015.raw,192,527
457,1378,train,HoGuom_01/01379_00007680.jpg,/Users/phamtunglam/Documents/Projects/mSigLIP/code/VN3K/imgs/HoGuom_01/01379_00007680.jpg,/Users/phamtunglam/Documents/Projects/mSigLIP/code/artifacts/deployment/qnn_inputs/vn3k_train_calib_500/raw/00457_pid1378_HoGuom_01_01379_00007680.raw,109,284
458,1626,train,DHHN_HVBCVT_00/01627_00029325.jpg,/Users/phamtunglam/Documents/Projects/mSigLIP/code/VN3K/imgs/DHHN_HVBCVT_00/01627_00029325.jpg,/Users/phamtunglam/Documents/Projects/mSigLIP/code/artifacts/deployment/qnn_inputs/vn3k_train_calib_500/raw/00458_pid1626_DHHN_HVBCVT_00_01627_00029325.raw,112,308
459,485,train,HoGuom_00/00486_00017290.jpg,/Users/phamtunglam/Documents/Projects/mSigLIP/code/VN3K/imgs/HoGuom_00/00486_00017290.jpg,/Users/phamtunglam/Documents/Projects/mSigLIP/code/artifacts/deployment/qnn_inputs/vn3k_train_calib_500/raw/00459_pid485_HoGuom_00_00486_00017290.raw,300,639
460,1265,train,HoGuom_01/01266_00005130.jpg,/Users/phamtunglam/Documents/Projects/mSigLIP/code/VN3K/imgs/HoGuom_01/01266_00005130.jpg,/Users/phamtunglam/Documents/Projects/mSigLIP/code/artifacts/deployment/qnn_inputs/vn3k_train_calib_500/raw/00460_pid1265_HoGuom_01_01266_00005130.raw,98,233
461,848,train,HoGuom_01/00849_00009855.jpg,/Users/phamtunglam/Documents/Projects/mSigLIP/code/VN3K/imgs/HoGuom_01/00849_00009855.jpg,/Users/phamtunglam/Documents/Projects/mSigLIP/code/artifacts/deployment/qnn_inputs/vn3k_train_calib_500/raw/00461_pid848_HoGuom_01_00849_00009855.raw,80,221
462,507,train,HoGuom_00/00508_00001065.jpg,/Users/phamtunglam/Documents/Projects/mSigLIP/code/VN3K/imgs/HoGuom_00/00508_00001065.jpg,/Users/phamtunglam/Documents/Projects/mSigLIP/code/artifacts/deployment/qnn_inputs/vn3k_train_calib_500/raw/00462_pid507_HoGuom_00_00508_00001065.raw,79,115
463,547,train,HoGuom_00/00548_00004025.jpg,/Users/phamtunglam/Documents/Projects/mSigLIP/code/VN3K/imgs/HoGuom_00/00548_00004025.jpg,/Users/phamtunglam/Documents/Projects/mSigLIP/code/artifacts/deployment/qnn_inputs/vn3k_train_calib_500/raw/00463_pid547_HoGuom_00_00548_00004025.raw,118,366
464,1148,train,HoGuom_01/01149_00000150.jpg,/Users/phamtunglam/Documents/Projects/mSigLIP/code/VN3K/imgs/HoGuom_01/01149_00000150.jpg,/Users/phamtunglam/Documents/Projects/mSigLIP/code/artifacts/deployment/qnn_inputs/vn3k_train_calib_500/raw/00464_pid1148_HoGuom_01_01149_00000150.raw,69,206
465,886,train,HoGuom_01/00887_00013890.jpg,/Users/phamtunglam/Documents/Projects/mSigLIP/code/VN3K/imgs/HoGuom_01/00887_00013890.jpg,/Users/phamtunglam/Documents/Projects/mSigLIP/code/artifacts/deployment/qnn_inputs/vn3k_train_calib_500/raw/00465_pid886_HoGuom_01_00887_00013890.raw,116,319
466,517,train,HoGuom_00/00518_00002185.jpg,/Users/phamtunglam/Documents/Projects/mSigLIP/code/VN3K/imgs/HoGuom_00/00518_00002185.jpg,/Users/phamtunglam/Documents/Projects/mSigLIP/code/artifacts/deployment/qnn_inputs/vn3k_train_calib_500/raw/00466_pid517_HoGuom_00_00518_00002185.raw,172,483
467,384,train,HoGuom_00/00385_00012915.jpg,/Users/phamtunglam/Documents/Projects/mSigLIP/code/VN3K/imgs/HoGuom_00/00385_00012915.jpg,/Users/phamtunglam/Documents/Projects/mSigLIP/code/artifacts/deployment/qnn_inputs/vn3k_train_calib_500/raw/00467_pid384_HoGuom_00_00385_00012915.raw,162,583
468,1194,train,HoGuom_01/01195_00002505.jpg,/Users/phamtunglam/Documents/Projects/mSigLIP/code/VN3K/imgs/HoGuom_01/01195_00002505.jpg,/Users/phamtunglam/Documents/Projects/mSigLIP/code/artifacts/deployment/qnn_inputs/vn3k_train_calib_500/raw/00468_pid1194_HoGuom_01_01195_00002505.raw,94,210
469,191,train,HoGuom_00/00192_00004685.jpg,/Users/phamtunglam/Documents/Projects/mSigLIP/code/VN3K/imgs/HoGuom_00/00192_00004685.jpg,/Users/phamtunglam/Documents/Projects/mSigLIP/code/artifacts/deployment/qnn_inputs/vn3k_train_calib_500/raw/00469_pid191_HoGuom_00_00192_00004685.raw,109,368
470,1025,train,HoGuom_01/01026_00001710.jpg,/Users/phamtunglam/Documents/Projects/mSigLIP/code/VN3K/imgs/HoGuom_01/01026_00001710.jpg,/Users/phamtunglam/Documents/Projects/mSigLIP/code/artifacts/deployment/qnn_inputs/vn3k_train_calib_500/raw/00470_pid1025_HoGuom_01_01026_00001710.raw,191,568
471,1712,train,DHHN_HVBCVT_00/01713_00009015.jpg,/Users/phamtunglam/Documents/Projects/mSigLIP/code/VN3K/imgs/DHHN_HVBCVT_00/01713_00009015.jpg,/Users/phamtunglam/Documents/Projects/mSigLIP/code/artifacts/deployment/qnn_inputs/vn3k_train_calib_500/raw/00471_pid1712_DHHN_HVBCVT_00_01713_00009015.raw,134,364
472,1168,train,HoGuom_01/01169_00000930.jpg,/Users/phamtunglam/Documents/Projects/mSigLIP/code/VN3K/imgs/HoGuom_01/01169_00000930.jpg,/Users/phamtunglam/Documents/Projects/mSigLIP/code/artifacts/deployment/qnn_inputs/vn3k_train_calib_500/raw/00472_pid1168_HoGuom_01_01169_00000930.raw,168,474
473,175,train,HoGuom_00/00176_00004425.jpg,/Users/phamtunglam/Documents/Projects/mSigLIP/code/VN3K/imgs/HoGuom_00/00176_00004425.jpg,/Users/phamtunglam/Documents/Projects/mSigLIP/code/artifacts/deployment/qnn_inputs/vn3k_train_calib_500/raw/00473_pid175_HoGuom_00_00176_00004425.raw,157,423
474,1978,train,DHGTVT_00/01979_00030220.jpg,/Users/phamtunglam/Documents/Projects/mSigLIP/code/VN3K/imgs/DHGTVT_00/01979_00030220.jpg,/Users/phamtunglam/Documents/Projects/mSigLIP/code/artifacts/deployment/qnn_inputs/vn3k_train_calib_500/raw/00474_pid1978_DHGTVT_00_01979_00030220.raw,152,375
475,975,train,HoGuom_01/00976_00006105.jpg,/Users/phamtunglam/Documents/Projects/mSigLIP/code/VN3K/imgs/HoGuom_01/00976_00006105.jpg,/Users/phamtunglam/Documents/Projects/mSigLIP/code/artifacts/deployment/qnn_inputs/vn3k_train_calib_500/raw/00475_pid975_HoGuom_01_00976_00006105.raw,97,270
476,77,train,HoGuom_00/00078_00000275.jpg,/Users/phamtunglam/Documents/Projects/mSigLIP/code/VN3K/imgs/HoGuom_00/00078_00000275.jpg,/Users/phamtunglam/Documents/Projects/mSigLIP/code/artifacts/deployment/qnn_inputs/vn3k_train_calib_500/raw/00476_pid77_HoGuom_00_00078_00000275.raw,90,275
477,1729,train,DHHN_HVBCVT_00/01730_00013470.jpg,/Users/phamtunglam/Documents/Projects/mSigLIP/code/VN3K/imgs/DHHN_HVBCVT_00/01730_00013470.jpg,/Users/phamtunglam/Documents/Projects/mSigLIP/code/artifacts/deployment/qnn_inputs/vn3k_train_calib_500/raw/00477_pid1729_DHHN_HVBCVT_00_01730_00013470.raw,123,318
478,905,train,HoGuom_01/00906_00002415.jpg,/Users/phamtunglam/Documents/Projects/mSigLIP/code/VN3K/imgs/HoGuom_01/00906_00002415.jpg,/Users/phamtunglam/Documents/Projects/mSigLIP/code/artifacts/deployment/qnn_inputs/vn3k_train_calib_500/raw/00478_pid905_HoGuom_01_00906_00002415.raw,226,554
479,752,train,HoGuom_00/00753_00012505.jpg,/Users/phamtunglam/Documents/Projects/mSigLIP/code/VN3K/imgs/HoGuom_00/00753_00012505.jpg,/Users/phamtunglam/Documents/Projects/mSigLIP/code/artifacts/deployment/qnn_inputs/vn3k_train_calib_500/raw/00479_pid752_HoGuom_00_00753_00012505.raw,118,362
480,1466,train,HoGuom_01/01467_1.jpg,/Users/phamtunglam/Documents/Projects/mSigLIP/code/VN3K/imgs/HoGuom_01/01467_1.jpg,/Users/phamtunglam/Documents/Projects/mSigLIP/code/artifacts/deployment/qnn_inputs/vn3k_train_calib_500/raw/00480_pid1466_HoGuom_01_01467_1.raw,183,444
481,634,train,HoGuom_00/00635_00007575.jpg,/Users/phamtunglam/Documents/Projects/mSigLIP/code/VN3K/imgs/HoGuom_00/00635_00007575.jpg,/Users/phamtunglam/Documents/Projects/mSigLIP/code/artifacts/deployment/qnn_inputs/vn3k_train_calib_500/raw/00481_pid634_HoGuom_00_00635_00007575.raw,107,270
482,1469,train,HoGuom_01/01470_1.jpg,/Users/phamtunglam/Documents/Projects/mSigLIP/code/VN3K/imgs/HoGuom_01/01470_1.jpg,/Users/phamtunglam/Documents/Projects/mSigLIP/code/artifacts/deployment/qnn_inputs/vn3k_train_calib_500/raw/00482_pid1469_HoGuom_01_01470_1.raw,97,287
483,1692,train,DHHN_HVBCVT_00/01693_00004170.jpg,/Users/phamtunglam/Documents/Projects/mSigLIP/code/VN3K/imgs/DHHN_HVBCVT_00/01693_00004170.jpg,/Users/phamtunglam/Documents/Projects/mSigLIP/code/artifacts/deployment/qnn_inputs/vn3k_train_calib_500/raw/00483_pid1692_DHHN_HVBCVT_00_01693_00004170.raw,66,208
484,758,train,HoGuom_00/00759_00012831.jpg,/Users/phamtunglam/Documents/Projects/mSigLIP/code/VN3K/imgs/HoGuom_00/00759_00012831.jpg,/Users/phamtunglam/Documents/Projects/mSigLIP/code/artifacts/deployment/qnn_inputs/vn3k_train_calib_500/raw/00484_pid758_HoGuom_00_00759_00012831.raw,83,192
485,1434,train,HoGuom_01/01435_1.jpg,/Users/phamtunglam/Documents/Projects/mSigLIP/code/VN3K/imgs/HoGuom_01/01435_1.jpg,/Users/phamtunglam/Documents/Projects/mSigLIP/code/artifacts/deployment/qnn_inputs/vn3k_train_calib_500/raw/00485_pid1434_HoGuom_01_01435_1.raw,210,710
486,1778,train,DHHN_HVBCVT_00/01779_00000615.jpg,/Users/phamtunglam/Documents/Projects/mSigLIP/code/VN3K/imgs/DHHN_HVBCVT_00/01779_00000615.jpg,/Users/phamtunglam/Documents/Projects/mSigLIP/code/artifacts/deployment/qnn_inputs/vn3k_train_calib_500/raw/00486_pid1778_DHHN_HVBCVT_00_01779_00000615.raw,98,231
487,898,train,HoGuom_01/00899_00014730.jpg,/Users/phamtunglam/Documents/Projects/mSigLIP/code/VN3K/imgs/HoGuom_01/00899_00014730.jpg,/Users/phamtunglam/Documents/Projects/mSigLIP/code/artifacts/deployment/qnn_inputs/vn3k_train_calib_500/raw/00487_pid898_HoGuom_01_00899_00014730.raw,104,309
488,679,train,HoGuom_00/00680_00009250.jpg,/Users/phamtunglam/Documents/Projects/mSigLIP/code/VN3K/imgs/HoGuom_00/00680_00009250.jpg,/Users/phamtunglam/Documents/Projects/mSigLIP/code/artifacts/deployment/qnn_inputs/vn3k_train_calib_500/raw/00488_pid679_HoGuom_00_00680_00009250.raw,320,701
489,1683,train,DHHN_HVBCVT_00/01684_00002745.jpg,/Users/phamtunglam/Documents/Projects/mSigLIP/code/VN3K/imgs/DHHN_HVBCVT_00/01684_00002745.jpg,/Users/phamtunglam/Documents/Projects/mSigLIP/code/artifacts/deployment/qnn_inputs/vn3k_train_calib_500/raw/00489_pid1683_DHHN_HVBCVT_00_01684_00002745.raw,210,613
490,208,train,HoGuom_00/00209_00005605.jpg,/Users/phamtunglam/Documents/Projects/mSigLIP/code/VN3K/imgs/HoGuom_00/00209_00005605.jpg,/Users/phamtunglam/Documents/Projects/mSigLIP/code/artifacts/deployment/qnn_inputs/vn3k_train_calib_500/raw/00490_pid208_HoGuom_00_00209_00005605.raw,134,413
491,807,train,HoGuom_01/00808_00003120.jpg,/Users/phamtunglam/Documents/Projects/mSigLIP/code/VN3K/imgs/HoGuom_01/00808_00003120.jpg,/Users/phamtunglam/Documents/Projects/mSigLIP/code/artifacts/deployment/qnn_inputs/vn3k_train_calib_500/raw/00491_pid807_HoGuom_01_00808_00003120.raw,99,281
492,431,train,HoGuom_00/00432_00014770.jpg,/Users/phamtunglam/Documents/Projects/mSigLIP/code/VN3K/imgs/HoGuom_00/00432_00014770.jpg,/Users/phamtunglam/Documents/Projects/mSigLIP/code/artifacts/deployment/qnn_inputs/vn3k_train_calib_500/raw/00492_pid431_HoGuom_00_00432_00014770.raw,94,211
493,1711,train,DHHN_HVBCVT_00/01712_00008940.jpg,/Users/phamtunglam/Documents/Projects/mSigLIP/code/VN3K/imgs/DHHN_HVBCVT_00/01712_00008940.jpg,/Users/phamtunglam/Documents/Projects/mSigLIP/code/artifacts/deployment/qnn_inputs/vn3k_train_calib_500/raw/00493_pid1711_DHHN_HVBCVT_00_01712_00008940.raw,104,301
494,1150,train,HoGuom_01/01151_00000270.jpg,/Users/phamtunglam/Documents/Projects/mSigLIP/code/VN3K/imgs/HoGuom_01/01151_00000270.jpg,/Users/phamtunglam/Documents/Projects/mSigLIP/code/artifacts/deployment/qnn_inputs/vn3k_train_calib_500/raw/00494_pid1150_HoGuom_01_01151_00000270.raw,182,534
495,1235,train,HoGuom_01/01236_00003330.jpg,/Users/phamtunglam/Documents/Projects/mSigLIP/code/VN3K/imgs/HoGuom_01/01236_00003330.jpg,/Users/phamtunglam/Documents/Projects/mSigLIP/code/artifacts/deployment/qnn_inputs/vn3k_train_calib_500/raw/00495_pid1235_HoGuom_01_01236_00003330.raw,239,569
496,1417,train,HoGuom_01/01418_1.jpg,/Users/phamtunglam/Documents/Projects/mSigLIP/code/VN3K/imgs/HoGuom_01/01418_1.jpg,/Users/phamtunglam/Documents/Projects/mSigLIP/code/artifacts/deployment/qnn_inputs/vn3k_train_calib_500/raw/00496_pid1417_HoGuom_01_01418_1.raw,219,646
497,813,train,HoGuom_01/00814_00003435.jpg,/Users/phamtunglam/Documents/Projects/mSigLIP/code/VN3K/imgs/HoGuom_01/00814_00003435.jpg,/Users/phamtunglam/Documents/Projects/mSigLIP/code/artifacts/deployment/qnn_inputs/vn3k_train_calib_500/raw/00497_pid813_HoGuom_01_00814_00003435.raw,87,184
498,277,train,HoGuom_00/00278_00008720.jpg,/Users/phamtunglam/Documents/Projects/mSigLIP/code/VN3K/imgs/HoGuom_00/00278_00008720.jpg,/Users/phamtunglam/Documents/Projects/mSigLIP/code/artifacts/deployment/qnn_inputs/vn3k_train_calib_500/raw/00498_pid277_HoGuom_00_00278_00008720.raw,101,301
499,1952,train,DHGTVT_00/01953_00012710.jpg,/Users/phamtunglam/Documents/Projects/mSigLIP/code/VN3K/imgs/DHGTVT_00/01953_00012710.jpg,/Users/phamtunglam/Documents/Projects/mSigLIP/code/artifacts/deployment/qnn_inputs/vn3k_train_calib_500/raw/00499_pid1952_DHGTVT_00_01953_00012710.raw,109,253
