sample_index,pid,split,dataset_file_path,image_path,raw_path,original_width,original_height
0,111,train,HoGuom_00/00112_00002095.jpg,/Users/phamtunglam/Documents/Projects/mSigLIP/code/VN3K/imgs/HoGuom_00/00112_00002095.jpg,/Users/phamtunglam/Documents/Projects/mSigLIP/code/artifacts/deployment/qnn_inputs/vn3k_train_calib_2000/raw/00000_pid111_HoGuom_00_00112_00002095.raw,79,186
1,178,train,HoGuom_00/00179_00004675.jpg,/Users/phamtunglam/Documents/Projects/mSigLIP/code/VN3K/imgs/HoGuom_00/00179_00004675.jpg,/Users/phamtunglam/Documents/Projects/mSigLIP/code/artifacts/deployment/qnn_inputs/vn3k_train_calib_2000/raw/00001_pid178_HoGuom_00_00179_00004675.raw,308,713
2,1880,train,DHGTVT_00/01881_00003620.jpg,/Users/phamtunglam/Documents/Projects/mSigLIP/code/VN3K/imgs/DHGTVT_00/01881_00003620.jpg,/Users/phamtunglam/Documents/Projects/mSigLIP/code/artifacts/deployment/qnn_inputs/vn3k_train_calib_2000/raw/00002_pid1880_DHGTVT_00_01881_00003620.raw,100,281
3,21,train,TEST_DATA/Person22.2/output_2.jpg,/Users/phamtunglam/Documents/Projects/mSigLIP/code/VN3K/imgs/TEST_DATA/Person22.2/output_2.jpg,/Users/phamtunglam/Documents/Projects/mSigLIP/code/artifacts/deployment/qnn_inputs/vn3k_train_calib_2000/raw/00003_pid21_TEST_DATA_Person22.2_output_2.raw,104,210
4,58,train,TRAINNING_DATA/Person59/output_6.jpg,/Users/phamtunglam/Documents/Projects/mSigLIP/code/VN3K/imgs/TRAINNING_DATA/Person59/output_6.jpg,/Users/phamtunglam/Documents/Projects/mSigLIP/code/artifacts/deployment/qnn_inputs/vn3k_train_calib_2000/raw/00004_pid58_TRAINNING_DATA_Person59_output_6.raw,167,347
5,937,train,HoGuom_01/00938_00000015.jpg,/Users/phamtunglam/Documents/Projects/mSigLIP/code/VN3K/imgs/HoGuom_01/00938_00000015.jpg,/Users/phamtunglam/Documents/Projects/mSigLIP/code/artifacts/deployment/qnn_inputs/vn3k_train_calib_2000/raw/00005_pid937_HoGuom_01_00938_00000015.raw,72,178
6,445,train,HoGuom_00/00446_00015230.jpg,/Users/phamtunglam/Documents/Projects/mSigLIP/code/VN3K/imgs/HoGuom_00/00446_00015230.jpg,/Users/phamtunglam/Documents/Projects/mSigLIP/code/artifacts/deployment/qnn_inputs/vn3k_train_calib_2000/raw/00006_pid445_HoGuom_00_00446_00015230.raw,181,441
7,311,train,HoGuom_00/00312_00010225.jpg,/Users/phamtunglam/Documents/Projects/mSigLIP/code/VN3K/imgs/HoGuom_00/00312_00010225.jpg,/Users/phamtunglam/Documents/Projects/mSigLIP/code/artifacts/deployment/qnn_inputs/vn3k_train_calib_2000/raw/00007_pid311_HoGuom_00_00312_00010225.raw,196,488
8,1737,train,DHHN_HVBCVT_00/01738_00010380.jpg,/Users/phamtunglam/Documents/Projects/mSigLIP/code/VN3K/imgs/DHHN_HVBCVT_00/01738_00010380.jpg,/Users/phamtunglam/Documents/Projects/mSigLIP/code/artifacts/deployment/qnn_inputs/vn3k_train_calib_2000/raw/00008_pid1737_DHHN_HVBCVT_00_01738_00010380.raw,188,496
9,1773,train,DHHN_HVBCVT_00/01774_00001410.jpg,/Users/phamtunglam/Documents/Projects/mSigLIP/code/VN3K/imgs/DHHN_HVBCVT_00/01774_00001410.jpg,/Users/phamtunglam/Documents/Projects/mSigLIP/code/artifacts/deployment/qnn_inputs/vn3k_train_calib_2000/raw/00009_pid1773_DHHN_HVBCVT_00_01774_00001410.raw,83,269
10,186,train,HoGuom_00/00187_00004565.jpg,/Users/phamtunglam/Documents/Projects/mSigLIP/code/VN3K/imgs/HoGuom_00/00187_00004565.jpg,/Users/phamtunglam/Documents/Projects/mSigLIP/code/artifacts/deployment/qnn_inputs/vn3k_train_calib_2000/raw/00010_pid186_HoGuom_00_00187_00004565.raw,148,475
11,429,train,HoGuom_00/00430_00014655.jpg,/Users/phamtunglam/Documents/Projects/mSigLIP/code/VN3K/imgs/HoGuom_00/00430_00014655.jpg,/Users/phamtunglam/Documents/Projects/mSigLIP/code/artifacts/deployment/qnn_inputs/vn3k_train_calib_2000/raw/00011_pid429_HoGuom_00_00430_00014655.raw,102,287
12,469,train,HoGuom_00/00470_00016555.jpg,/Users/phamtunglam/Documents/Projects/mSigLIP/code/VN3K/imgs/HoGuom_00/00470_00016555.jpg,/Users/phamtunglam/Documents/Projects/mSigLIP/code/artifacts/deployment/qnn_inputs/vn3k_train_calib_2000/raw/00012_pid469_HoGuom_00_00470_00016555.raw,224,465
13,110,train,HoGuom_00/00111_00001855.jpg,/Users/phamtunglam/Documents/Projects/mSigLIP/code/VN3K/imgs/HoGuom_00/00111_00001855.jpg,/Users/phamtunglam/Documents/Projects/mSigLIP/code/artifacts/deployment/qnn_inputs/vn3k_train_calib_2000/raw/00013_pid110_HoGuom_00_00111_00001855.raw,76,196
14,589,train,HoGuom_00/00590_00006235.jpg,/Users/phamtunglam/Documents/Projects/mSigLIP/code/VN3K/imgs/HoGuom_00/00590_00006235.jpg,/Users/phamtunglam/Documents/Projects/mSigLIP/code/artifacts/deployment/qnn_inputs/vn3k_train_calib_2000/raw/00014_pid589_HoGuom_00_00590_00006235.raw,247,680
15,1204,train,HoGuom_01/01205_00002925.jpg,/Users/phamtunglam/Documents/Projects/mSigLIP/code/VN3K/imgs/HoGuom_01/01205_00002925.jpg,/Users/phamtunglam/Documents/Projects/mSigLIP/code/artifacts/deployment/qnn_inputs/vn3k_train_calib_2000/raw/00015_pid1204_HoGuom_01_01205_00002925.raw,220,618
16,793,train,HoGuom_01/00794_00002100.jpg,/Users/phamtunglam/Documents/Projects/mSigLIP/code/VN3K/imgs/HoGuom_01/00794_00002100.jpg,/Users/phamtunglam/Documents/Projects/mSigLIP/code/artifacts/deployment/qnn_inputs/vn3k_train_calib_2000/raw/00016_pid793_HoGuom_01_00794_00002100.raw,136,357
17,159,train,HoGuom_00/00160_00003945.jpg,/Users/phamtunglam/Documents/Projects/mSigLIP/code/VN3K/imgs/HoGuom_00/00160_00003945.jpg,/Users/phamtunglam/Documents/Projects/mSigLIP/code/artifacts/deployment/qnn_inputs/vn3k_train_calib_2000/raw/00017_pid159_HoGuom_00_00160_00003945.raw,114,357
18,1771,train,DHHN_HVBCVT_00/01772_00001140.jpg,/Users/phamtunglam/Documents/Projects/mSigLIP/code/VN3K/imgs/DHHN_HVBCVT_00/01772_00001140.jpg,/Users/phamtunglam/Documents/Projects/mSigLIP/code/artifacts/deployment/qnn_inputs/vn3k_train_calib_2000/raw/00018_pid1771_DHHN_HVBCVT_00_01772_00001140.raw,75,179
19,449,train,HoGuom_00/00450_00015365.jpg,/Users/phamtunglam/Documents/Projects/mSigLIP/code/VN3K/imgs/HoGuom_00/00450_00015365.jpg,/Users/phamtunglam/Documents/Projects/mSigLIP/code/artifacts/deployment/qnn_inputs/vn3k_train_calib_2000/raw/00019_pid449_HoGuom_00_00450_00015365.raw,174,544
20,176,train,HoGuom_00/00177_00004520.jpg,/Users/phamtunglam/Documents/Projects/mSigLIP/code/VN3K/imgs/HoGuom_00/00177_00004520.jpg,/Users/phamtunglam/Documents/Projects/mSigLIP/code/artifacts/deployment/qnn_inputs/vn3k_train_calib_2000/raw/00020_pid176_HoGuom_00_00177_00004520.raw,177,432
21,579,train,HoGuom_00/00580_00005465.jpg,/Users/phamtunglam/Documents/Projects/mSigLIP/code/VN3K/imgs/HoGuom_00/00580_00005465.jpg,/Users/phamtunglam/Documents/Projects/mSigLIP/code/artifacts/deployment/qnn_inputs/vn3k_train_calib_2000/raw/00021_pid579_HoGuom_00_00580_00005465.raw,107,327
22,810,train,HoGuom_01/00811_00002580.jpg,/Users/phamtunglam/Documents/Projects/mSigLIP/code/VN3K/imgs/HoGuom_01/00811_00002580.jpg,/Users/phamtunglam/Documents/Projects/mSigLIP/code/artifacts/deployment/qnn_inputs/vn3k_train_calib_2000/raw/00022_pid810_HoGuom_01_00811_00002580.raw,101,203
23,1947,train,DHGTVT_00/01948_00011460.jpg,/Users/phamtunglam/Documents/Projects/mSigLIP/code/VN3K/imgs/DHGTVT_00/01948_00011460.jpg,/Users/phamtunglam/Documents/Projects/mSigLIP/code/artifacts/deployment/qnn_inputs/vn3k_train_calib_2000/raw/00023_pid1947_DHGTVT_00_01948_00011460.raw,71,203
24,731,train,HoGuom_00/00732_00012190.jpg,/Users/phamtunglam/Documents/Projects/mSigLIP/code/VN3K/imgs/HoGuom_00/00732_00012190.jpg,/Users/phamtunglam/Documents/Projects/mSigLIP/code/artifacts/deployment/qnn_inputs/vn3k_train_calib_2000/raw/00024_pid731_HoGuom_00_00732_00012190.raw,205,459
25,1779,train,DHHN_HVBCVT_00/01780_00001395.jpg,/Users/phamtunglam/Documents/Projects/mSigLIP/code/VN3K/imgs/DHHN_HVBCVT_00/01780_00001395.jpg,/Users/phamtunglam/Documents/Projects/mSigLIP/code/artifacts/deployment/qnn_inputs/vn3k_train_calib_2000/raw/00025_pid1779_DHHN_HVBCVT_00_01780_00001395.raw,221,633
26,1317,train,HoGuom_01/01318_00008370.jpg,/Users/phamtunglam/Documents/Projects/mSigLIP/code/VN3K/imgs/HoGuom_01/01318_00008370.jpg,/Users/phamtunglam/Documents/Projects/mSigLIP/code/artifacts/deployment/qnn_inputs/vn3k_train_calib_2000/raw/00026_pid1317_HoGuom_01_01318_00008370.raw,160,397
27,1264,train,HoGuom_01/01265_00008700.jpg,/Users/phamtunglam/Documents/Projects/mSigLIP/code/VN3K/imgs/HoGuom_01/01265_00008700.jpg,/Users/phamtunglam/Documents/Projects/mSigLIP/code/artifacts/deployment/qnn_inputs/vn3k_train_calib_2000/raw/00027_pid1264_HoGuom_01_01265_00008700.raw,149,263
28,546,train,HoGuom_00/00547_00003955.jpg,/Users/phamtunglam/Documents/Projects/mSigLIP/code/VN3K/imgs/HoGuom_00/00547_00003955.jpg,/Users/phamtunglam/Documents/Projects/mSigLIP/code/artifacts/deployment/qnn_inputs/vn3k_train_calib_2000/raw/00028_pid546_HoGuom_00_00547_00003955.raw,171,265
29,595,train,HoGuom_00/00596_00006220.jpg,/Users/phamtunglam/Documents/Projects/mSigLIP/code/VN3K/imgs/HoGuom_00/00596_00006220.jpg,/Users/phamtunglam/Documents/Projects/mSigLIP/code/artifacts/deployment/qnn_inputs/vn3k_train_calib_2000/raw/00029_pid595_HoGuom_00_00596_00006220.raw,106,255
30,1666,train,DHHN_HVBCVT_00/01667_00047640.jpg,/Users/phamtunglam/Documents/Projects/mSigLIP/code/VN3K/imgs/DHHN_HVBCVT_00/01667_00047640.jpg,/Users/phamtunglam/Documents/Projects/mSigLIP/code/artifacts/deployment/qnn_inputs/vn3k_train_calib_2000/raw/00030_pid1666_DHHN_HVBCVT_00_01667_00047640.raw,106,206
31,738,train,HoGuom_00/00739_00012340.jpg,/Users/phamtunglam/Documents/Projects/mSigLIP/code/VN3K/imgs/HoGuom_00/00739_00012340.jpg,/Users/phamtunglam/Documents/Projects/mSigLIP/code/artifacts/deployment/qnn_inputs/vn3k_train_calib_2000/raw/00031_pid738_HoGuom_00_00739_00012340.raw,155,480
32,125,train,HoGuom_00/00126_00002260.jpg,/Users/phamtunglam/Documents/Projects/mSigLIP/code/VN3K/imgs/HoGuom_00/00126_00002260.jpg,/Users/phamtunglam/Documents/Projects/mSigLIP/code/artifacts/deployment/qnn_inputs/vn3k_train_calib_2000/raw/00032_pid125_HoGuom_00_00126_00002260.raw,288,602
33,27,train,TRAINNING_DATA/Person28/output_6.jpg,/Users/phamtunglam/Documents/Projects/mSigLIP/code/VN3K/imgs/TRAINNING_DATA/Person28/output_6.jpg,/Users/phamtunglam/Documents/Projects/mSigLIP/code/artifacts/deployment/qnn_inputs/vn3k_train_calib_2000/raw/00033_pid27_TRAINNING_DATA_Person28_output_6.raw,167,292
34,864,train,HoGuom_01/00865_00010650.jpg,/Users/phamtunglam/Documents/Projects/mSigLIP/code/VN3K/imgs/HoGuom_01/00865_00010650.jpg,/Users/phamtunglam/Documents/Projects/mSigLIP/code/artifacts/deployment/qnn_inputs/vn3k_train_calib_2000/raw/00034_pid864_HoGuom_01_00865_00010650.raw,85,231
35,154,train,HoGuom_00/00155_00003525.jpg,/Users/phamtunglam/Documents/Projects/mSigLIP/code/VN3K/imgs/HoGuom_00/00155_00003525.jpg,/Users/phamtunglam/Documents/Projects/mSigLIP/code/artifacts/deployment/qnn_inputs/vn3k_train_calib_2000/raw/00035_pid154_HoGuom_00_00155_00003525.raw,274,291
36,1045,train,HoGuom_01/01046_00000360.jpg,/Users/phamtunglam/Documents/Projects/mSigLIP/code/VN3K/imgs/HoGuom_01/01046_00000360.jpg,/Users/phamtunglam/Documents/Projects/mSigLIP/code/artifacts/deployment/qnn_inputs/vn3k_train_calib_2000/raw/00036_pid1045_HoGuom_01_01046_00000360.raw,100,267
37,49,train,TEST_DATA/Person50.2/output_2.jpg,/Users/phamtunglam/Documents/Projects/mSigLIP/code/VN3K/imgs/TEST_DATA/Person50.2/output_2.jpg,/Users/phamtunglam/Documents/Projects/mSigLIP/code/artifacts/deployment/qnn_inputs/vn3k_train_calib_2000/raw/00037_pid49_TEST_DATA_Person50.2_output_2.raw,53,188
38,436,train,HoGuom_00/00437_00014820.jpg,/Users/phamtunglam/Documents/Projects/mSigLIP/code/VN3K/imgs/HoGuom_00/00437_00014820.jpg,/Users/phamtunglam/Documents/Projects/mSigLIP/code/artifacts/deployment/qnn_inputs/vn3k_train_calib_2000/raw/00038_pid436_HoGuom_00_00437_00014820.raw,88,244
39,1862,train,DHGTVT_00/01863_00003080.jpg,/Users/phamtunglam/Documents/Projects/mSigLIP/code/VN3K/imgs/DHGTVT_00/01863_00003080.jpg,/Users/phamtunglam/Documents/Projects/mSigLIP/code/artifacts/deployment/qnn_inputs/vn3k_train_calib_2000/raw/00039_pid1862_DHGTVT_00_01863_00003080.raw,97,193
40,1368,train,HoGuom_01/01369_00006270.jpg,/Users/phamtunglam/Documents/Projects/mSigLIP/code/VN3K/imgs/HoGuom_01/01369_00006270.jpg,/Users/phamtunglam/Documents/Projects/mSigLIP/code/artifacts/deployment/qnn_inputs/vn3k_train_calib_2000/raw/00040_pid1368_HoGuom_01_01369_00006270.raw,148,411
41,314,train,HoGuom_00/00315_00010275.jpg,/Users/phamtunglam/Documents/Projects/mSigLIP/code/VN3K/imgs/HoGuom_00/00315_00010275.jpg,/Users/phamtunglam/Documents/Projects/mSigLIP/code/artifacts/deployment/qnn_inputs/vn3k_train_calib_2000/raw/00041_pid314_HoGuom_00_00315_00010275.raw,259,546
42,1656,train,DHHN_HVBCVT_00/01657_00043110.jpg,/Users/phamtunglam/Documents/Projects/mSigLIP/code/VN3K/imgs/DHHN_HVBCVT_00/01657_00043110.jpg,/Users/phamtunglam/Documents/Projects/mSigLIP/code/artifacts/deployment/qnn_inputs/vn3k_train_calib_2000/raw/00042_pid1656_DHHN_HVBCVT_00_01657_00043110.raw,80,259
43,1272,train,HoGuom_01/01273_00007770.jpg,/Users/phamtunglam/Documents/Projects/mSigLIP/code/VN3K/imgs/HoGuom_01/01273_00007770.jpg,/Users/phamtunglam/Documents/Projects/mSigLIP/code/artifacts/deployment/qnn_inputs/vn3k_train_calib_2000/raw/00043_pid1272_HoGuom_01_01273_00007770.raw,76,173
44,681,train,HoGuom_00/00682_00009730.jpg,/Users/phamtunglam/Documents/Projects/mSigLIP/code/VN3K/imgs/HoGuom_00/00682_00009730.jpg,/Users/phamtunglam/Documents/Projects/mSigLIP/code/artifacts/deployment/qnn_inputs/vn3k_train_calib_2000/raw/00044_pid681_HoGuom_00_00682_00009730.raw,198,690
45,913,train,HoGuom_01/00914_00005070.jpg,/Users/phamtunglam/Documents/Projects/mSigLIP/code/VN3K/imgs/HoGuom_01/00914_00005070.jpg,/Users/phamtunglam/Documents/Projects/mSigLIP/code/artifacts/deployment/qnn_inputs/vn3k_train_calib_2000/raw/00045_pid913_HoGuom_01_00914_00005070.raw,70,181
46,94,train,HoGuom_00/00095_00001075.jpg,/Users/phamtunglam/Documents/Projects/mSigLIP/code/VN3K/imgs/HoGuom_00/00095_00001075.jpg,/Users/phamtunglam/Documents/Projects/mSigLIP/code/artifacts/deployment/qnn_inputs/vn3k_train_calib_2000/raw/00046_pid94_HoGuom_00_00095_00001075.raw,75,167
47,1679,train,DHHN_HVBCVT_00/01680_00001335.jpg,/Users/phamtunglam/Documents/Projects/mSigLIP/code/VN3K/imgs/DHHN_HVBCVT_00/01680_00001335.jpg,/Users/phamtunglam/Documents/Projects/mSigLIP/code/artifacts/deployment/qnn_inputs/vn3k_train_calib_2000/raw/00047_pid1679_DHHN_HVBCVT_00_01680_00001335.raw,93,238
48,727,train,HoGuom_00/00728_00012325.jpg,/Users/phamtunglam/Documents/Projects/mSigLIP/code/VN3K/imgs/HoGuom_00/00728_00012325.jpg,/Users/phamtunglam/Documents/Projects/mSigLIP/code/artifacts/deployment/qnn_inputs/vn3k_train_calib_2000/raw/00048_pid727_HoGuom_00_00728_00012325.raw,85,276
49,733,train,HoGuom_00/00734_00012555.jpg,/Users/phamtunglam/Documents/Projects/mSigLIP/code/VN3K/imgs/HoGuom_00/00734_00012555.jpg,/Users/phamtunglam/Documents/Projects/mSigLIP/code/artifacts/deployment/qnn_inputs/vn3k_train_calib_2000/raw/00049_pid733_HoGuom_00_00734_00012555.raw,85,251
50,538,train,HoGuom_00/00539_00003555.jpg,/Users/phamtunglam/Documents/Projects/mSigLIP/code/VN3K/imgs/HoGuom_00/00539_00003555.jpg,/Users/phamtunglam/Documents/Projects/mSigLIP/code/artifacts/deployment/qnn_inputs/vn3k_train_calib_2000/raw/00050_pid538_HoGuom_00_00539_00003555.raw,186,508
51,1145,train,HoGuom_01/01146_00002040.jpg,/Users/phamtunglam/Documents/Projects/mSigLIP/code/VN3K/imgs/HoGuom_01/01146_00002040.jpg,/Users/phamtunglam/Documents/Projects/mSigLIP/code/artifacts/deployment/qnn_inputs/vn3k_train_calib_2000/raw/00051_pid1145_HoGuom_01_01146_00002040.raw,134,313
52,385,train,HoGuom_00/00386_00012850.jpg,/Users/phamtunglam/Documents/Projects/mSigLIP/code/VN3K/imgs/HoGuom_00/00386_00012850.jpg,/Users/phamtunglam/Documents/Projects/mSigLIP/code/artifacts/deployment/qnn_inputs/vn3k_train_calib_2000/raw/00052_pid385_HoGuom_00_00386_00012850.raw,183,609
53,1000,train,HoGuom_01/01001_00010015.jpg,/Users/phamtunglam/Documents/Projects/mSigLIP/code/VN3K/imgs/HoGuom_01/01001_00010015.jpg,/Users/phamtunglam/Documents/Projects/mSigLIP/code/artifacts/deployment/qnn_inputs/vn3k_train_calib_2000/raw/00053_pid1000_HoGuom_01_01001_00010015.raw,63,164
54,1155,train,HoGuom_01/01156_00000120.jpg,/Users/phamtunglam/Documents/Projects/mSigLIP/code/VN3K/imgs/HoGuom_01/01156_00000120.jpg,/Users/phamtunglam/Documents/Projects/mSigLIP/code/artifacts/deployment/qnn_inputs/vn3k_train_calib_2000/raw/00054_pid1155_HoGuom_01_01156_00000120.raw,101,145
55,1287,train,HoGuom_01/01288_00006660.jpg,/Users/phamtunglam/Documents/Projects/mSigLIP/code/VN3K/imgs/HoGuom_01/01288_00006660.jpg,/Users/phamtunglam/Documents/Projects/mSigLIP/code/artifacts/deployment/qnn_inputs/vn3k_train_calib_2000/raw/00055_pid1287_HoGuom_01_01288_00006660.raw,98,269
56,1033,train,HoGuom_01/01034_00000061.jpg,/Users/phamtunglam/Documents/Projects/mSigLIP/code/VN3K/imgs/HoGuom_01/01034_00000061.jpg,/Users/phamtunglam/Documents/Projects/mSigLIP/code/artifacts/deployment/qnn_inputs/vn3k_train_calib_2000/raw/00056_pid1033_HoGuom_01_01034_00000061.raw,122,280
57,1435,train,HoGuom_01/01436_2.jpg,/Users/phamtunglam/Documents/Projects/mSigLIP/code/VN3K/imgs/HoGuom_01/01436_2.jpg,/Users/phamtunglam/Documents/Projects/mSigLIP/code/artifacts/deployment/qnn_inputs/vn3k_train_calib_2000/raw/00057_pid1435_HoGuom_01_01436_2.raw,93,361
58,541,train,HoGuom_00/00542_00003610.jpg,/Users/phamtunglam/Documents/Projects/mSigLIP/code/VN3K/imgs/HoGuom_00/00542_00003610.jpg,/Users/phamtunglam/Documents/Projects/mSigLIP/code/artifacts/deployment/qnn_inputs/vn3k_train_calib_2000/raw/00058_pid541_HoGuom_00_00542_00003610.raw,238,578
59,14,train,TEST_DATA/Person15.2/output_6.jpg,/Users/phamtunglam/Documents/Projects/mSigLIP/code/VN3K/imgs/TEST_DATA/Person15.2/output_6.jpg,/Users/phamtunglam/Documents/Projects/mSigLIP/code/artifacts/deployment/qnn_inputs/vn3k_train_calib_2000/raw/00059_pid14_TEST_DATA_Person15.2_output_6.raw,91,264
60,1540,train,DHHN_HVBCVT_00/01541_00001590.jpg,/Users/phamtunglam/Documents/Projects/mSigLIP/code/VN3K/imgs/DHHN_HVBCVT_00/01541_00001590.jpg,/Users/phamtunglam/Documents/Projects/mSigLIP/code/artifacts/deployment/qnn_inputs/vn3k_train_calib_2000/raw/00060_pid1540_DHHN_HVBCVT_00_01541_00001590.raw,213,662
61,635,train,HoGuom_00/00636_00007545.jpg,/Users/phamtunglam/Documents/Projects/mSigLIP/code/VN3K/imgs/HoGuom_00/00636_00007545.jpg,/Users/phamtunglam/Documents/Projects/mSigLIP/code/artifacts/deployment/qnn_inputs/vn3k_train_calib_2000/raw/00061_pid635_HoGuom_00_00636_00007545.raw,73,203
62,839,train,HoGuom_01/00840_00009480.jpg,/Users/phamtunglam/Documents/Projects/mSigLIP/code/VN3K/imgs/HoGuom_01/00840_00009480.jpg,/Users/phamtunglam/Documents/Projects/mSigLIP/code/artifacts/deployment/qnn_inputs/vn3k_train_calib_2000/raw/00062_pid839_HoGuom_01_00840_00009480.raw,81,195
63,1144,train,HoGuom_01/01145_00000735.jpg,/Users/phamtunglam/Documents/Projects/mSigLIP/code/VN3K/imgs/HoGuom_01/01145_00000735.jpg,/Users/phamtunglam/Documents/Projects/mSigLIP/code/artifacts/deployment/qnn_inputs/vn3k_train_calib_2000/raw/00063_pid1144_HoGuom_01_01145_00000735.raw,171,509
64,143,train,HoGuom_00/00144_00003080.jpg,/Users/phamtunglam/Documents/Projects/mSigLIP/code/VN3K/imgs/HoGuom_00/00144_00003080.jpg,/Users/phamtunglam/Documents/Projects/mSigLIP/code/artifacts/deployment/qnn_inputs/vn3k_train_calib_2000/raw/00064_pid143_HoGuom_00_00144_00003080.raw,217,447
65,918,train,HoGuom_01/00919_00008460.jpg,/Users/phamtunglam/Documents/Projects/mSigLIP/code/VN3K/imgs/HoGuom_01/00919_00008460.jpg,/Users/phamtunglam/Documents/Projects/mSigLIP/code/artifacts/deployment/qnn_inputs/vn3k_train_calib_2000/raw/00065_pid918_HoGuom_01_00919_00008460.raw,76,203
66,671,train,HoGuom_00/00672_00008740.jpg,/Users/phamtunglam/Documents/Projects/mSigLIP/code/VN3K/imgs/HoGuom_00/00672_00008740.jpg,/Users/phamtunglam/Documents/Projects/mSigLIP/code/artifacts/deployment/qnn_inputs/vn3k_train_calib_2000/raw/00066_pid671_HoGuom_00_00672_00008740.raw,100,261
67,65,train,TEST_DATA/Person66.2/output_6.jpg,/Users/phamtunglam/Documents/Projects/mSigLIP/code/VN3K/imgs/TEST_DATA/Person66.2/output_6.jpg,/Users/phamtunglam/Documents/Projects/mSigLIP/code/artifacts/deployment/qnn_inputs/vn3k_train_calib_2000/raw/00067_pid65_TEST_DATA_Person66.2_output_6.raw,121,269
68,740,train,HoGuom_00/00741_00012235.jpg,/Users/phamtunglam/Documents/Projects/mSigLIP/code/VN3K/imgs/HoGuom_00/00741_00012235.jpg,/Users/phamtunglam/Documents/Projects/mSigLIP/code/artifacts/deployment/qnn_inputs/vn3k_train_calib_2000/raw/00068_pid740_HoGuom_00_00741_00012235.raw,76,208
69,1332,train,HoGuom_01/01333_00005715.jpg,/Users/phamtunglam/Documents/Projects/mSigLIP/code/VN3K/imgs/HoGuom_01/01333_00005715.jpg,/Users/phamtunglam/Documents/Projects/mSigLIP/code/artifacts/deployment/qnn_inputs/vn3k_train_calib_2000/raw/00069_pid1332_HoGuom_01_01333_00005715.raw,82,252
70,487,train,HoGuom_00/00488_00017380.jpg,/Users/phamtunglam/Documents/Projects/mSigLIP/code/VN3K/imgs/HoGuom_00/00488_00017380.jpg,/Users/phamtunglam/Documents/Projects/mSigLIP/code/artifacts/deployment/qnn_inputs/vn3k_train_calib_2000/raw/00070_pid487_HoGuom_00_00488_00017380.raw,167,541
71,1009,train,HoGuom_01/01010_00000795.jpg,/Users/phamtunglam/Documents/Projects/mSigLIP/code/VN3K/imgs/HoGuom_01/01010_00000795.jpg,/Users/phamtunglam/Documents/Projects/mSigLIP/code/artifacts/deployment/qnn_inputs/vn3k_train_calib_2000/raw/00071_pid1009_HoGuom_01_01010_00000795.raw,163,329
72,418,train,HoGuom_00/00419_00014645.jpg,/Users/phamtunglam/Documents/Projects/mSigLIP/code/VN3K/imgs/HoGuom_00/00419_00014645.jpg,/Users/phamtunglam/Documents/Projects/mSigLIP/code/artifacts/deployment/qnn_inputs/vn3k_train_calib_2000/raw/00072_pid418_HoGuom_00_00419_00014645.raw,217,538
73,105,train,HoGuom_00/00106_00001870.jpg,/Users/phamtunglam/Documents/Projects/mSigLIP/code/VN3K/imgs/HoGuom_00/00106_00001870.jpg,/Users/phamtunglam/Documents/Projects/mSigLIP/code/artifacts/deployment/qnn_inputs/vn3k_train_calib_2000/raw/00073_pid105_HoGuom_00_00106_00001870.raw,119,284
74,63,train,TEST_DATA/Person64.2/output_9.jpg,/Users/phamtunglam/Documents/Projects/mSigLIP/code/VN3K/imgs/TEST_DATA/Person64.2/output_9.jpg,/Users/phamtunglam/Documents/Projects/mSigLIP/code/artifacts/deployment/qnn_inputs/vn3k_train_calib_2000/raw/00074_pid63_TEST_DATA_Person64.2_output_9.raw,117,256
75,1632,train,DHHN_HVBCVT_00/01633_00033150.jpg,/Users/phamtunglam/Documents/Projects/mSigLIP/code/VN3K/imgs/DHHN_HVBCVT_00/01633_00033150.jpg,/Users/phamtunglam/Documents/Projects/mSigLIP/code/artifacts/deployment/qnn_inputs/vn3k_train_calib_2000/raw/00075_pid1632_DHHN_HVBCVT_00_01633_00033150.raw,64,138
76,336,train,HoGuom_00/00337_00010720.jpg,/Users/phamtunglam/Documents/Projects/mSigLIP/code/VN3K/imgs/HoGuom_00/00337_00010720.jpg,/Users/phamtunglam/Documents/Projects/mSigLIP/code/artifacts/deployment/qnn_inputs/vn3k_train_calib_2000/raw/00076_pid336_HoGuom_00_00337_00010720.raw,120,241
77,1266,train,HoGuom_01/01267_00004440.jpg,/Users/phamtunglam/Documents/Projects/mSigLIP/code/VN3K/imgs/HoGuom_01/01267_00004440.jpg,/Users/phamtunglam/Documents/Projects/mSigLIP/code/artifacts/deployment/qnn_inputs/vn3k_train_calib_2000/raw/00077_pid1266_HoGuom_01_01267_00004440.raw,215,687
78,1957,train,DHGTVT_00/01958_00014460.jpg,/Users/phamtunglam/Documents/Projects/mSigLIP/code/VN3K/imgs/DHGTVT_00/01958_00014460.jpg,/Users/phamtunglam/Documents/Projects/mSigLIP/code/artifacts/deployment/qnn_inputs/vn3k_train_calib_2000/raw/00078_pid1957_DHGTVT_00_01958_00014460.raw,87,308
79,122,train,HoGuom_00/00123_00002520.jpg,/Users/phamtunglam/Documents/Projects/mSigLIP/code/VN3K/imgs/HoGuom_00/00123_00002520.jpg,/Users/phamtunglam/Documents/Projects/mSigLIP/code/artifacts/deployment/qnn_inputs/vn3k_train_calib_2000/raw/00079_pid122_HoGuom_00_00123_00002520.raw,86,283
80,273,train,HoGuom_00/00274_00008700.jpg,/Users/phamtunglam/Documents/Projects/mSigLIP/code/VN3K/imgs/HoGuom_00/00274_00008700.jpg,/Users/phamtunglam/Documents/Projects/mSigLIP/code/artifacts/deployment/qnn_inputs/vn3k_train_calib_2000/raw/00080_pid273_HoGuom_00_00274_00008700.raw,93,305
81,1664,train,DHHN_HVBCVT_00/01665_00046755.jpg,/Users/phamtunglam/Documents/Projects/mSigLIP/code/VN3K/imgs/DHHN_HVBCVT_00/01665_00046755.jpg,/Users/phamtunglam/Documents/Projects/mSigLIP/code/artifacts/deployment/qnn_inputs/vn3k_train_calib_2000/raw/00081_pid1664_DHHN_HVBCVT_00_01665_00046755.raw,132,325
82,699,train,HoGuom_00/00700_00010315.jpg,/Users/phamtunglam/Documents/Projects/mSigLIP/code/VN3K/imgs/HoGuom_00/00700_00010315.jpg,/Users/phamtunglam/Documents/Projects/mSigLIP/code/artifacts/deployment/qnn_inputs/vn3k_train_calib_2000/raw/00082_pid699_HoGuom_00_00700_00010315.raw,170,437
83,1041,train,HoGuom_01/01042_0000013.jpg,/Users/phamtunglam/Documents/Projects/mSigLIP/code/VN3K/imgs/HoGuom_01/01042_0000013.jpg,/Users/phamtunglam/Documents/Projects/mSigLIP/code/artifacts/deployment/qnn_inputs/vn3k_train_calib_2000/raw/00083_pid1041_HoGuom_01_01042_0000013.raw,93,327
84,804,train,HoGuom_01/00805_00002475.jpg,/Users/phamtunglam/Documents/Projects/mSigLIP/code/VN3K/imgs/HoGuom_01/00805_00002475.jpg,/Users/phamtunglam/Documents/Projects/mSigLIP/code/artifacts/deployment/qnn_inputs/vn3k_train_calib_2000/raw/00084_pid804_HoGuom_01_00805_00002475.raw,70,177
85,1210,train,HoGuom_01/01211_00002955.jpg,/Users/phamtunglam/Documents/Projects/mSigLIP/code/VN3K/imgs/HoGuom_01/01211_00002955.jpg,/Users/phamtunglam/Documents/Projects/mSigLIP/code/artifacts/deployment/qnn_inputs/vn3k_train_calib_2000/raw/00085_pid1210_HoGuom_01_01211_00002955.raw,191,508
86,627,train,HoGuom_00/00628_00007285.jpg,/Users/phamtunglam/Documents/Projects/mSigLIP/code/VN3K/imgs/HoGuom_00/00628_00007285.jpg,/Users/phamtunglam/Documents/Projects/mSigLIP/code/artifacts/deployment/qnn_inputs/vn3k_train_calib_2000/raw/00086_pid627_HoGuom_00_00628_00007285.raw,116,351
87,388,train,HoGuom_00/00389_00013330.jpg,/Users/phamtunglam/Documents/Projects/mSigLIP/code/VN3K/imgs/HoGuom_00/00389_00013330.jpg,/Users/phamtunglam/Documents/Projects/mSigLIP/code/artifacts/deployment/qnn_inputs/vn3k_train_calib_2000/raw/00087_pid388_HoGuom_00_00389_00013330.raw,89,223
88,1843,train,HoGuom_00/01844_00014315.jpg,/Users/phamtunglam/Documents/Projects/mSigLIP/code/VN3K/imgs/HoGuom_00/01844_00014315.jpg,/Users/phamtunglam/Documents/Projects/mSigLIP/code/artifacts/deployment/qnn_inputs/vn3k_train_calib_2000/raw/00088_pid1843_HoGuom_00_01844_00014315.raw,206,541
89,47,train,TEST_DATA/Person48.2/output_6.jpg,/Users/phamtunglam/Documents/Projects/mSigLIP/code/VN3K/imgs/TEST_DATA/Person48.2/output_6.jpg,/Users/phamtunglam/Documents/Projects/mSigLIP/code/artifacts/deployment/qnn_inputs/vn3k_train_calib_2000/raw/00089_pid47_TEST_DATA_Person48.2_output_6.raw,134,354
90,1606,train,DHHN_HVBCVT_00/01607_00020040.jpg,/Users/phamtunglam/Documents/Projects/mSigLIP/code/VN3K/imgs/DHHN_HVBCVT_00/01607_00020040.jpg,/Users/phamtunglam/Documents/Projects/mSigLIP/code/artifacts/deployment/qnn_inputs/vn3k_train_calib_2000/raw/00090_pid1606_DHHN_HVBCVT_00_01607_00020040.raw,173,393
91,1464,train,HoGuom_01/01465_2.jpg,/Users/phamtunglam/Documents/Projects/mSigLIP/code/VN3K/imgs/HoGuom_01/01465_2.jpg,/Users/phamtunglam/Documents/Projects/mSigLIP/code/artifacts/deployment/qnn_inputs/vn3k_train_calib_2000/raw/00091_pid1464_HoGuom_01_01465_2.raw,219,592
92,909,train,HoGuom_01/00910_00003450.jpg,/Users/phamtunglam/Documents/Projects/mSigLIP/code/VN3K/imgs/HoGuom_01/00910_00003450.jpg,/Users/phamtunglam/Documents/Projects/mSigLIP/code/artifacts/deployment/qnn_inputs/vn3k_train_calib_2000/raw/00092_pid909_HoGuom_01_00910_00003450.raw,81,180
93,832,train,HoGuom_01/00833_00007515.jpg,/Users/phamtunglam/Documents/Projects/mSigLIP/code/VN3K/imgs/HoGuom_01/00833_00007515.jpg,/Users/phamtunglam/Documents/Projects/mSigLIP/code/artifacts/deployment/qnn_inputs/vn3k_train_calib_2000/raw/00093_pid832_HoGuom_01_00833_00007515.raw,172,378
94,929,train,HoGuom_01/00930_00009631.jpg,/Users/phamtunglam/Documents/Projects/mSigLIP/code/VN3K/imgs/HoGuom_01/00930_00009631.jpg,/Users/phamtunglam/Documents/Projects/mSigLIP/code/artifacts/deployment/qnn_inputs/vn3k_train_calib_2000/raw/00094_pid929_HoGuom_01_00930_00009631.raw,64,164
95,512,train,HoGuom_00/00513_00001750.jpg,/Users/phamtunglam/Documents/Projects/mSigLIP/code/VN3K/imgs/HoGuom_00/00513_00001750.jpg,/Users/phamtunglam/Documents/Projects/mSigLIP/code/artifacts/deployment/qnn_inputs/vn3k_train_calib_2000/raw/00095_pid512_HoGuom_00_00513_00001750.raw,89,210
96,1823,train,DHHN_HVBCVT_00/01824_00022260.jpg,/Users/phamtunglam/Documents/Projects/mSigLIP/code/VN3K/imgs/DHHN_HVBCVT_00/01824_00022260.jpg,/Users/phamtunglam/Documents/Projects/mSigLIP/code/artifacts/deployment/qnn_inputs/vn3k_train_calib_2000/raw/00096_pid1823_DHHN_HVBCVT_00_01824_00022260.raw,252,652
97,981,train,HoGuom_01/00982_00007065.jpg,/Users/phamtunglam/Documents/Projects/mSigLIP/code/VN3K/imgs/HoGuom_01/00982_00007065.jpg,/Users/phamtunglam/Documents/Projects/mSigLIP/code/artifacts/deployment/qnn_inputs/vn3k_train_calib_2000/raw/00097_pid981_HoGuom_01_00982_00007065.raw,107,239
98,1585,train,DHHN_HVBCVT_00/01586_00008235.jpg,/Users/phamtunglam/Documents/Projects/mSigLIP/code/VN3K/imgs/DHHN_HVBCVT_00/01586_00008235.jpg,/Users/phamtunglam/Documents/Projects/mSigLIP/code/artifacts/deployment/qnn_inputs/vn3k_train_calib_2000/raw/00098_pid1585_DHHN_HVBCVT_00_01586_00008235.raw,71,231
99,1452,train,DANgoc_01/03042_1.jpg,/Users/phamtunglam/Documents/Projects/mSigLIP/code/VN3K/imgs/DANgoc_01/03042_1.jpg,/Users/phamtunglam/Documents/Projects/mSigLIP/code/artifacts/deployment/qnn_inputs/vn3k_train_calib_2000/raw/00099_pid1452_DANgoc_01_03042_1.raw,103,249
100,516,train,HoGuom_00/00517_00002140.jpg,/Users/phamtunglam/Documents/Projects/mSigLIP/code/VN3K/imgs/HoGuom_00/00517_00002140.jpg,/Users/phamtunglam/Documents/Projects/mSigLIP/code/artifacts/deployment/qnn_inputs/vn3k_train_calib_2000/raw/00100_pid516_HoGuom_00_00517_00002140.raw,110,321
101,225,train,HoGuom_00/00226_00006345.jpg,/Users/phamtunglam/Documents/Projects/mSigLIP/code/VN3K/imgs/HoGuom_00/00226_00006345.jpg,/Users/phamtunglam/Documents/Projects/mSigLIP/code/artifacts/deployment/qnn_inputs/vn3k_train_calib_2000/raw/00101_pid225_HoGuom_00_00226_00006345.raw,283,678
102,1820,train,DHHN_HVBCVT_00/01821_00019560.jpg,/Users/phamtunglam/Documents/Projects/mSigLIP/code/VN3K/imgs/DHHN_HVBCVT_00/01821_00019560.jpg,/Users/phamtunglam/Documents/Projects/mSigLIP/code/artifacts/deployment/qnn_inputs/vn3k_train_calib_2000/raw/00102_pid1820_DHHN_HVBCVT_00_01821_00019560.raw,132,357
103,9,train,TRAINNING_DATA/Person10/output_2.jpg,/Users/phamtunglam/Documents/Projects/mSigLIP/code/VN3K/imgs/TRAINNING_DATA/Person10/output_2.jpg,/Users/phamtunglam/Documents/Projects/mSigLIP/code/artifacts/deployment/qnn_inputs/vn3k_train_calib_2000/raw/00103_pid9_TRAINNING_DATA_Person10_output_2.raw,156,267
104,1970,train,DHGTVT_00/01971_00027430.jpg,/Users/phamtunglam/Documents/Projects/mSigLIP/code/VN3K/imgs/DHGTVT_00/01971_00027430.jpg,/Users/phamtunglam/Documents/Projects/mSigLIP/code/artifacts/deployment/qnn_inputs/vn3k_train_calib_2000/raw/00104_pid1970_DHGTVT_00_01971_00027430.raw,78,210
105,3,train,TEST_DATA/Person4.2/output_12.jpg,/Users/phamtunglam/Documents/Projects/mSigLIP/code/VN3K/imgs/TEST_DATA/Person4.2/output_12.jpg,/Users/phamtunglam/Documents/Projects/mSigLIP/code/artifacts/deployment/qnn_inputs/vn3k_train_calib_2000/raw/00105_pid3_TEST_DATA_Person4.2_output_12.raw,66,304
106,1617,train,DHHN_HVBCVT_00/01618_00023460.jpg,/Users/phamtunglam/Documents/Projects/mSigLIP/code/VN3K/imgs/DHHN_HVBCVT_00/01618_00023460.jpg,/Users/phamtunglam/Documents/Projects/mSigLIP/code/artifacts/deployment/qnn_inputs/vn3k_train_calib_2000/raw/00106_pid1617_DHHN_HVBCVT_00_01618_00023460.raw,67,112
107,292,train,HoGuom_00/00293_00009300.jpg,/Users/phamtunglam/Documents/Projects/mSigLIP/code/VN3K/imgs/HoGuom_00/00293_00009300.jpg,/Users/phamtunglam/Documents/Projects/mSigLIP/code/artifacts/deployment/qnn_inputs/vn3k_train_calib_2000/raw/00107_pid292_HoGuom_00_00293_00009300.raw,112,374
108,212,train,HoGuom_00/00213_00005690.jpg,/Users/phamtunglam/Documents/Projects/mSigLIP/code/VN3K/imgs/HoGuom_00/00213_00005690.jpg,/Users/phamtunglam/Documents/Projects/mSigLIP/code/artifacts/deployment/qnn_inputs/vn3k_train_calib_2000/raw/00108_pid212_HoGuom_00_00213_00005690.raw,222,487
109,3,train,TEST_DATA/Person4.2/output_2.jpg,/Users/phamtunglam/Documents/Projects/mSigLIP/code/VN3K/imgs/TEST_DATA/Person4.2/output_2.jpg,/Users/phamtunglam/Documents/Projects/mSigLIP/code/artifacts/deployment/qnn_inputs/vn3k_train_calib_2000/raw/00109_pid3_TEST_DATA_Person4.2_output_2.raw,86,208
110,810,train,HoGuom_01/00811_00002865.jpg,/Users/phamtunglam/Documents/Projects/mSigLIP/code/VN3K/imgs/HoGuom_01/00811_00002865.jpg,/Users/phamtunglam/Documents/Projects/mSigLIP/code/artifacts/deployment/qnn_inputs/vn3k_train_calib_2000/raw/00110_pid810_HoGuom_01_00811_00002865.raw,117,329
111,1707,train,DHHN_HVBCVT_00/01708_00008130.jpg,/Users/phamtunglam/Documents/Projects/mSigLIP/code/VN3K/imgs/DHHN_HVBCVT_00/01708_00008130.jpg,/Users/phamtunglam/Documents/Projects/mSigLIP/code/artifacts/deployment/qnn_inputs/vn3k_train_calib_2000/raw/00111_pid1707_DHHN_HVBCVT_00_01708_00008130.raw,94,286
112,1054,train,HoGuom_01/01055_00001320.jpg,/Users/phamtunglam/Documents/Projects/mSigLIP/code/VN3K/imgs/HoGuom_01/01055_00001320.jpg,/Users/phamtunglam/Documents/Projects/mSigLIP/code/artifacts/deployment/qnn_inputs/vn3k_train_calib_2000/raw/00112_pid1054_HoGuom_01_01055_00001320.raw,209,632
113,1735,train,DHHN_HVBCVT_00/01736_00013935.jpg,/Users/phamtunglam/Documents/Projects/mSigLIP/code/VN3K/imgs/DHHN_HVBCVT_00/01736_00013935.jpg,/Users/phamtunglam/Documents/Projects/mSigLIP/code/artifacts/deployment/qnn_inputs/vn3k_train_calib_2000/raw/00113_pid1735_DHHN_HVBCVT_00_01736_00013935.raw,97,281
114,1722,train,DHHN_HVBCVT_00/01723_00012210.jpg,/Users/phamtunglam/Documents/Projects/mSigLIP/code/VN3K/imgs/DHHN_HVBCVT_00/01723_00012210.jpg,/Users/phamtunglam/Documents/Projects/mSigLIP/code/artifacts/deployment/qnn_inputs/vn3k_train_calib_2000/raw/00114_pid1722_DHHN_HVBCVT_00_01723_00012210.raw,81,205
115,506,train,HoGuom_00/00507_00000980.jpg,/Users/phamtunglam/Documents/Projects/mSigLIP/code/VN3K/imgs/HoGuom_00/00507_00000980.jpg,/Users/phamtunglam/Documents/Projects/mSigLIP/code/artifacts/deployment/qnn_inputs/vn3k_train_calib_2000/raw/00115_pid506_HoGuom_00_00507_00000980.raw,76,156
116,1833,train,DHHN_HVBCVT_00/01834_00029370.jpg,/Users/phamtunglam/Documents/Projects/mSigLIP/code/VN3K/imgs/DHHN_HVBCVT_00/01834_00029370.jpg,/Users/phamtunglam/Documents/Projects/mSigLIP/code/artifacts/deployment/qnn_inputs/vn3k_train_calib_2000/raw/00116_pid1833_DHHN_HVBCVT_00_01834_00029370.raw,180,495
117,1639,train,DHHN_HVBCVT_00/01640_00034935.jpg,/Users/phamtunglam/Documents/Projects/mSigLIP/code/VN3K/imgs/DHHN_HVBCVT_00/01640_00034935.jpg,/Users/phamtunglam/Documents/Projects/mSigLIP/code/artifacts/deployment/qnn_inputs/vn3k_train_calib_2000/raw/00117_pid1639_DHHN_HVBCVT_00_01640_00034935.raw,137,362
118,80,train,HoGuom_00/00081_00000825.jpg,/Users/phamtunglam/Documents/Projects/mSigLIP/code/VN3K/imgs/HoGuom_00/00081_00000825.jpg,/Users/phamtunglam/Documents/Projects/mSigLIP/code/artifacts/deployment/qnn_inputs/vn3k_train_calib_2000/raw/00118_pid80_HoGuom_00_00081_00000825.raw,92,158
119,1200,train,HoGuom_01/01201_00003375.jpg,/Users/phamtunglam/Documents/Projects/mSigLIP/code/VN3K/imgs/HoGuom_01/01201_00003375.jpg,/Users/phamtunglam/Documents/Projects/mSigLIP/code/artifacts/deployment/qnn_inputs/vn3k_train_calib_2000/raw/00119_pid1200_HoGuom_01_01201_00003375.raw,177,434
120,1394,train,HoGuom_01/01395_2.jpg,/Users/phamtunglam/Documents/Projects/mSigLIP/code/VN3K/imgs/HoGuom_01/01395_2.jpg,/Users/phamtunglam/Documents/Projects/mSigLIP/code/artifacts/deployment/qnn_inputs/vn3k_train_calib_2000/raw/00120_pid1394_HoGuom_01_01395_2.raw,86,269
121,721,train,HoGuom_00/00722_00011670.jpg,/Users/phamtunglam/Documents/Projects/mSigLIP/code/VN3K/imgs/HoGuom_00/00722_00011670.jpg,/Users/phamtunglam/Documents/Projects/mSigLIP/code/artifacts/deployment/qnn_inputs/vn3k_train_calib_2000/raw/00121_pid721_HoGuom_00_00722_00011670.raw,71,105
122,23,train,TRAINNING_DATA/Person24/output_6.jpg,/Users/phamtunglam/Documents/Projects/mSigLIP/code/VN3K/imgs/TRAINNING_DATA/Person24/output_6.jpg,/Users/phamtunglam/Documents/Projects/mSigLIP/code/artifacts/deployment/qnn_inputs/vn3k_train_calib_2000/raw/00122_pid23_TRAINNING_DATA_Person24_output_6.raw,242,363
123,1732,train,DHHN_HVBCVT_00/01733_00013635.jpg,/Users/phamtunglam/Documents/Projects/mSigLIP/code/VN3K/imgs/DHHN_HVBCVT_00/01733_00013635.jpg,/Users/phamtunglam/Documents/Projects/mSigLIP/code/artifacts/deployment/qnn_inputs/vn3k_train_calib_2000/raw/00123_pid1732_DHHN_HVBCVT_00_01733_00013635.raw,102,333
124,700,train,HoGuom_00/00701_00010240.jpg,/Users/phamtunglam/Documents/Projects/mSigLIP/code/VN3K/imgs/HoGuom_00/00701_00010240.jpg,/Users/phamtunglam/Documents/Projects/mSigLIP/code/artifacts/deployment/qnn_inputs/vn3k_train_calib_2000/raw/00124_pid700_HoGuom_00_00701_00010240.raw,83,242
125,303,train,HoGuom_00/00304_00009830.jpg,/Users/phamtunglam/Documents/Projects/mSigLIP/code/VN3K/imgs/HoGuom_00/00304_00009830.jpg,/Users/phamtunglam/Documents/Projects/mSigLIP/code/artifacts/deployment/qnn_inputs/vn3k_train_calib_2000/raw/00125_pid303_HoGuom_00_00304_00009830.raw,145,278
126,402,train,HoGuom_00/00403_00013585.jpg,/Users/phamtunglam/Documents/Projects/mSigLIP/code/VN3K/imgs/HoGuom_00/00403_00013585.jpg,/Users/phamtunglam/Documents/Projects/mSigLIP/code/artifacts/deployment/qnn_inputs/vn3k_train_calib_2000/raw/00126_pid402_HoGuom_00_00403_00013585.raw,77,201
127,410,train,HoGuom_00/00411_00013860.jpg,/Users/phamtunglam/Documents/Projects/mSigLIP/code/VN3K/imgs/HoGuom_00/00411_00013860.jpg,/Users/phamtunglam/Documents/Projects/mSigLIP/code/artifacts/deployment/qnn_inputs/vn3k_train_calib_2000/raw/00127_pid410_HoGuom_00_00411_00013860.raw,103,286
128,762,train,HoGuom_00/00763_00013450.jpg,/Users/phamtunglam/Documents/Projects/mSigLIP/code/VN3K/imgs/HoGuom_00/00763_00013450.jpg,/Users/phamtunglam/Documents/Projects/mSigLIP/code/artifacts/deployment/qnn_inputs/vn3k_train_calib_2000/raw/00128_pid762_HoGuom_00_00763_00013450.raw,66,150
129,11,train,TRAINNING_DATA/Person12/output_9.jpg,/Users/phamtunglam/Documents/Projects/mSigLIP/code/VN3K/imgs/TRAINNING_DATA/Person12/output_9.jpg,/Users/phamtunglam/Documents/Projects/mSigLIP/code/artifacts/deployment/qnn_inputs/vn3k_train_calib_2000/raw/00129_pid11_TRAINNING_DATA_Person12_output_9.raw,86,298
130,240,train,HoGuom_00/00241_00008265.jpg,/Users/phamtunglam/Documents/Projects/mSigLIP/code/VN3K/imgs/HoGuom_00/00241_00008265.jpg,/Users/phamtunglam/Documents/Projects/mSigLIP/code/artifacts/deployment/qnn_inputs/vn3k_train_calib_2000/raw/00130_pid240_HoGuom_00_00241_00008265.raw,262,652
131,1838,train,DHHN_HVBCVT_00/01839_00031065.jpg,/Users/phamtunglam/Documents/Projects/mSigLIP/code/VN3K/imgs/DHHN_HVBCVT_00/01839_00031065.jpg,/Users/phamtunglam/Documents/Projects/mSigLIP/code/artifacts/deployment/qnn_inputs/vn3k_train_calib_2000/raw/00131_pid1838_DHHN_HVBCVT_00_01839_00031065.raw,125,301
132,1265,train,HoGuom_01/01266_00005220.jpg,/Users/phamtunglam/Documents/Projects/mSigLIP/code/VN3K/imgs/HoGuom_01/01266_00005220.jpg,/Users/phamtunglam/Documents/Projects/mSigLIP/code/artifacts/deployment/qnn_inputs/vn3k_train_calib_2000/raw/00132_pid1265_HoGuom_01_01266_00005220.raw,124,291
133,46,train,TEST_DATA/Person47.2/output_6.jpg,/Users/phamtunglam/Documents/Projects/mSigLIP/code/VN3K/imgs/TEST_DATA/Person47.2/output_6.jpg,/Users/phamtunglam/Documents/Projects/mSigLIP/code/artifacts/deployment/qnn_inputs/vn3k_train_calib_2000/raw/00133_pid46_TEST_DATA_Person47.2_output_6.raw,177,368
134,944,train,HoGuom_01/00945_00000825.jpg,/Users/phamtunglam/Documents/Projects/mSigLIP/code/VN3K/imgs/HoGuom_01/00945_00000825.jpg,/Users/phamtunglam/Documents/Projects/mSigLIP/code/artifacts/deployment/qnn_inputs/vn3k_train_calib_2000/raw/00134_pid944_HoGuom_01_00945_00000825.raw,141,285
135,563,train,HoGuom_00/00564_00004695.jpg,/Users/phamtunglam/Documents/Projects/mSigLIP/code/VN3K/imgs/HoGuom_00/00564_00004695.jpg,/Users/phamtunglam/Documents/Projects/mSigLIP/code/artifacts/deployment/qnn_inputs/vn3k_train_calib_2000/raw/00135_pid563_HoGuom_00_00564_00004695.raw,109,317
136,1516,train,DHHN_HVBCVT_00/01517_00017760.jpg,/Users/phamtunglam/Documents/Projects/mSigLIP/code/VN3K/imgs/DHHN_HVBCVT_00/01517_00017760.jpg,/Users/phamtunglam/Documents/Projects/mSigLIP/code/artifacts/deployment/qnn_inputs/vn3k_train_calib_2000/raw/00136_pid1516_DHHN_HVBCVT_00_01517_00017760.raw,98,223
137,1017,train,HoGuom_01/01018_00001845.jpg,/Users/phamtunglam/Documents/Projects/mSigLIP/code/VN3K/imgs/HoGuom_01/01018_00001845.jpg,/Users/phamtunglam/Documents/Projects/mSigLIP/code/artifacts/deployment/qnn_inputs/vn3k_train_calib_2000/raw/00137_pid1017_HoGuom_01_01018_00001845.raw,148,596
138,1190,train,HoGuom_01/01191_00001965.jpg,/Users/phamtunglam/Documents/Projects/mSigLIP/code/VN3K/imgs/HoGuom_01/01191_00001965.jpg,/Users/phamtunglam/Documents/Projects/mSigLIP/code/artifacts/deployment/qnn_inputs/vn3k_train_calib_2000/raw/00138_pid1190_HoGuom_01_01191_00001965.raw,84,267
139,380,train,HoGuom_00/00381_00012930.jpg,/Users/phamtunglam/Documents/Projects/mSigLIP/code/VN3K/imgs/HoGuom_00/00381_00012930.jpg,/Users/phamtunglam/Documents/Projects/mSigLIP/code/artifacts/deployment/qnn_inputs/vn3k_train_calib_2000/raw/00139_pid380_HoGuom_00_00381_00012930.raw,135,222
140,1181,train,HoGuom_01/01182_00001185.jpg,/Users/phamtunglam/Documents/Projects/mSigLIP/code/VN3K/imgs/HoGuom_01/01182_00001185.jpg,/Users/phamtunglam/Documents/Projects/mSigLIP/code/artifacts/deployment/qnn_inputs/vn3k_train_calib_2000/raw/00140_pid1181_HoGuom_01_01182_00001185.raw,192,295
141,1268,train,HoGuom_01/01269_00004965.jpg,/Users/phamtunglam/Documents/Projects/mSigLIP/code/VN3K/imgs/HoGuom_01/01269_00004965.jpg,/Users/phamtunglam/Documents/Projects/mSigLIP/code/artifacts/deployment/qnn_inputs/vn3k_train_calib_2000/raw/00141_pid1268_HoGuom_01_01269_00004965.raw,128,407
142,716,train,HoGuom_00/00717_00011705.jpg,/Users/phamtunglam/Documents/Projects/mSigLIP/code/VN3K/imgs/HoGuom_00/00717_00011705.jpg,/Users/phamtunglam/Documents/Projects/mSigLIP/code/artifacts/deployment/qnn_inputs/vn3k_train_calib_2000/raw/00142_pid716_HoGuom_00_00717_00011705.raw,190,496
143,165,train,HoGuom_00/00166_00004410.jpg,/Users/phamtunglam/Documents/Projects/mSigLIP/code/VN3K/imgs/HoGuom_00/00166_00004410.jpg,/Users/phamtunglam/Documents/Projects/mSigLIP/code/artifacts/deployment/qnn_inputs/vn3k_train_calib_2000/raw/00143_pid165_HoGuom_00_00166_00004410.raw,269,711
144,932,train,HoGuom_01/00933_00016381.jpg,/Users/phamtunglam/Documents/Projects/mSigLIP/code/VN3K/imgs/HoGuom_01/00933_00016381.jpg,/Users/phamtunglam/Documents/Projects/mSigLIP/code/artifacts/deployment/qnn_inputs/vn3k_train_calib_2000/raw/00144_pid932_HoGuom_01_00933_00016381.raw,71,200
145,1021,train,HoGuom_01/01022_00001200.jpg,/Users/phamtunglam/Documents/Projects/mSigLIP/code/VN3K/imgs/HoGuom_01/01022_00001200.jpg,/Users/phamtunglam/Documents/Projects/mSigLIP/code/artifacts/deployment/qnn_inputs/vn3k_train_calib_2000/raw/00145_pid1021_HoGuom_01_01022_00001200.raw,116,278
146,62,train,TEST_DATA/Person63.2/output_9.jpg,/Users/phamtunglam/Documents/Projects/mSigLIP/code/VN3K/imgs/TEST_DATA/Person63.2/output_9.jpg,/Users/phamtunglam/Documents/Projects/mSigLIP/code/artifacts/deployment/qnn_inputs/vn3k_train_calib_2000/raw/00146_pid62_TEST_DATA_Person63.2_output_9.raw,77,265
147,1726,train,DHHN_HVBCVT_00/01727_00012855.jpg,/Users/phamtunglam/Documents/Projects/mSigLIP/code/VN3K/imgs/DHHN_HVBCVT_00/01727_00012855.jpg,/Users/phamtunglam/Documents/Projects/mSigLIP/code/artifacts/deployment/qnn_inputs/vn3k_train_calib_2000/raw/00147_pid1726_DHHN_HVBCVT_00_01727_00012855.raw,155,429
148,592,train,HoGuom_00/00593_00006390.jpg,/Users/phamtunglam/Documents/Projects/mSigLIP/code/VN3K/imgs/HoGuom_00/00593_00006390.jpg,/Users/phamtunglam/Documents/Projects/mSigLIP/code/artifacts/deployment/qnn_inputs/vn3k_train_calib_2000/raw/00148_pid592_HoGuom_00_00593_00006390.raw,77,212
149,14,train,TEST_DATA/Person15.2/output_9.jpg,/Users/phamtunglam/Documents/Projects/mSigLIP/code/VN3K/imgs/TEST_DATA/Person15.2/output_9.jpg,/Users/phamtunglam/Documents/Projects/mSigLIP/code/artifacts/deployment/qnn_inputs/vn3k_train_calib_2000/raw/00149_pid14_TEST_DATA_Person15.2_output_9.raw,169,313
150,473,train,HoGuom_00/00474_00016445.jpg,/Users/phamtunglam/Documents/Projects/mSigLIP/code/VN3K/imgs/HoGuom_00/00474_00016445.jpg,/Users/phamtunglam/Documents/Projects/mSigLIP/code/artifacts/deployment/qnn_inputs/vn3k_train_calib_2000/raw/00150_pid473_HoGuom_00_00474_00016445.raw,69,209
151,1042,train,HoGuom_01/01043_00000885.jpg,/Users/phamtunglam/Documents/Projects/mSigLIP/code/VN3K/imgs/HoGuom_01/01043_00000885.jpg,/Users/phamtunglam/Documents/Projects/mSigLIP/code/artifacts/deployment/qnn_inputs/vn3k_train_calib_2000/raw/00151_pid1042_HoGuom_01_01043_00000885.raw,333,794
152,1818,train,DHHN_HVBCVT_00/01819_00018120.jpg,/Users/phamtunglam/Documents/Projects/mSigLIP/code/VN3K/imgs/DHHN_HVBCVT_00/01819_00018120.jpg,/Users/phamtunglam/Documents/Projects/mSigLIP/code/artifacts/deployment/qnn_inputs/vn3k_train_calib_2000/raw/00152_pid1818_DHHN_HVBCVT_00_01819_00018120.raw,72,268
153,707,train,HoGuom_00/00708_00010380.jpg,/Users/phamtunglam/Documents/Projects/mSigLIP/code/VN3K/imgs/HoGuom_00/00708_00010380.jpg,/Users/phamtunglam/Documents/Projects/mSigLIP/code/artifacts/deployment/qnn_inputs/vn3k_train_calib_2000/raw/00153_pid707_HoGuom_00_00708_00010380.raw,86,257
154,1701,train,DHHN_HVBCVT_00/01702_00007065.jpg,/Users/phamtunglam/Documents/Projects/mSigLIP/code/VN3K/imgs/DHHN_HVBCVT_00/01702_00007065.jpg,/Users/phamtunglam/Documents/Projects/mSigLIP/code/artifacts/deployment/qnn_inputs/vn3k_train_calib_2000/raw/00154_pid1701_DHHN_HVBCVT_00_01702_00007065.raw,69,172
155,719,train,HoGuom_00/00720_00011345.jpg,/Users/phamtunglam/Documents/Projects/mSigLIP/code/VN3K/imgs/HoGuom_00/00720_00011345.jpg,/Users/phamtunglam/Documents/Projects/mSigLIP/code/artifacts/deployment/qnn_inputs/vn3k_train_calib_2000/raw/00155_pid719_HoGuom_00_00720_00011345.raw,129,265
156,1968,train,DHGTVT_00/01969_00027510.jpg,/Users/phamtunglam/Documents/Projects/mSigLIP/code/VN3K/imgs/DHGTVT_00/01969_00027510.jpg,/Users/phamtunglam/Documents/Projects/mSigLIP/code/artifacts/deployment/qnn_inputs/vn3k_train_calib_2000/raw/00156_pid1968_DHGTVT_00_01969_00027510.raw,136,319
157,1412,train,HoGuom_01/01413_2.jpg,/Users/phamtunglam/Documents/Projects/mSigLIP/code/VN3K/imgs/HoGuom_01/01413_2.jpg,/Users/phamtunglam/Documents/Projects/mSigLIP/code/artifacts/deployment/qnn_inputs/vn3k_train_calib_2000/raw/00157_pid1412_HoGuom_01_01413_2.raw,147,336
158,40,train,TEST_DATA/Person41.2/output_9.jpg,/Users/phamtunglam/Documents/Projects/mSigLIP/code/VN3K/imgs/TEST_DATA/Person41.2/output_9.jpg,/Users/phamtunglam/Documents/Projects/mSigLIP/code/artifacts/deployment/qnn_inputs/vn3k_train_calib_2000/raw/00158_pid40_TEST_DATA_Person41.2_output_9.raw,134,389
159,1868,train,DHGTVT_00/01869_00003650.jpg,/Users/phamtunglam/Documents/Projects/mSigLIP/code/VN3K/imgs/DHGTVT_00/01869_00003650.jpg,/Users/phamtunglam/Documents/Projects/mSigLIP/code/artifacts/deployment/qnn_inputs/vn3k_train_calib_2000/raw/00159_pid1868_DHGTVT_00_01869_00003650.raw,115,329
160,1001,train,HoGuom_01/01002_00000750.jpg,/Users/phamtunglam/Documents/Projects/mSigLIP/code/VN3K/imgs/HoGuom_01/01002_00000750.jpg,/Users/phamtunglam/Documents/Projects/mSigLIP/code/artifacts/deployment/qnn_inputs/vn3k_train_calib_2000/raw/00160_pid1001_HoGuom_01_01002_00000750.raw,99,297
161,1071,train,HoGuom_01/01072_00004740.jpg,/Users/phamtunglam/Documents/Projects/mSigLIP/code/VN3K/imgs/HoGuom_01/01072_00004740.jpg,/Users/phamtunglam/Documents/Projects/mSigLIP/code/artifacts/deployment/qnn_inputs/vn3k_train_calib_2000/raw/00161_pid1071_HoGuom_01_01072_00004740.raw,115,373
162,1808,train,DHHN_HVBCVT_00/01809_00007065.jpg,/Users/phamtunglam/Documents/Projects/mSigLIP/code/VN3K/imgs/DHHN_HVBCVT_00/01809_00007065.jpg,/Users/phamtunglam/Documents/Projects/mSigLIP/code/artifacts/deployment/qnn_inputs/vn3k_train_calib_2000/raw/00162_pid1808_DHHN_HVBCVT_00_01809_00007065.raw,161,364
163,42,train,TEST_DATA/Person43.2/output_6.jpg,/Users/phamtunglam/Documents/Projects/mSigLIP/code/VN3K/imgs/TEST_DATA/Person43.2/output_6.jpg,/Users/phamtunglam/Documents/Projects/mSigLIP/code/artifacts/deployment/qnn_inputs/vn3k_train_calib_2000/raw/00163_pid42_TEST_DATA_Person43.2_output_6.raw,88,283
164,1389,train,HoGuom_01/01390_2.jpg,/Users/phamtunglam/Documents/Projects/mSigLIP/code/VN3K/imgs/HoGuom_01/01390_2.jpg,/Users/phamtunglam/Documents/Projects/mSigLIP/code/artifacts/deployment/qnn_inputs/vn3k_train_calib_2000/raw/00164_pid1389_HoGuom_01_01390_2.raw,102,273
165,1105,train,HoGuom_01/01106_00001290.jpg,/Users/phamtunglam/Documents/Projects/mSigLIP/code/VN3K/imgs/HoGuom_01/01106_00001290.jpg,/Users/phamtunglam/Documents/Projects/mSigLIP/code/artifacts/deployment/qnn_inputs/vn3k_train_calib_2000/raw/00165_pid1105_HoGuom_01_01106_00001290.raw,122,312
166,1416,train,HoGuom_01/01417_1.jpg,/Users/phamtunglam/Documents/Projects/mSigLIP/code/VN3K/imgs/HoGuom_01/01417_1.jpg,/Users/phamtunglam/Documents/Projects/mSigLIP/code/artifacts/deployment/qnn_inputs/vn3k_train_calib_2000/raw/00166_pid1416_HoGuom_01_01417_1.raw,123,363
167,1164,train,HoGuom_01/01165_00000780.jpg,/Users/phamtunglam/Documents/Projects/mSigLIP/code/VN3K/imgs/HoGuom_01/01165_00000780.jpg,/Users/phamtunglam/Documents/Projects/mSigLIP/code/artifacts/deployment/qnn_inputs/vn3k_train_calib_2000/raw/00167_pid1164_HoGuom_01_01165_00000780.raw,122,273
168,1522,train,DHHN_HVBCVT_00/01523_00001935.jpg,/Users/phamtunglam/Documents/Projects/mSigLIP/code/VN3K/imgs/DHHN_HVBCVT_00/01523_00001935.jpg,/Users/phamtunglam/Documents/Projects/mSigLIP/code/artifacts/deployment/qnn_inputs/vn3k_train_calib_2000/raw/00168_pid1522_DHHN_HVBCVT_00_01523_00001935.raw,298,914
169,459,train,HoGuom_00/00460_00016170.jpg,/Users/phamtunglam/Documents/Projects/mSigLIP/code/VN3K/imgs/HoGuom_00/00460_00016170.jpg,/Users/phamtunglam/Documents/Projects/mSigLIP/code/artifacts/deployment/qnn_inputs/vn3k_train_calib_2000/raw/00169_pid459_HoGuom_00_00460_00016170.raw,114,306
170,808,train,HoGuom_01/00809_00002745.jpg,/Users/phamtunglam/Documents/Projects/mSigLIP/code/VN3K/imgs/HoGuom_01/00809_00002745.jpg,/Users/phamtunglam/Documents/Projects/mSigLIP/code/artifacts/deployment/qnn_inputs/vn3k_train_calib_2000/raw/00170_pid808_HoGuom_01_00809_00002745.raw,119,285
171,84,train,HoGuom_00/00085_00000770.jpg,/Users/phamtunglam/Documents/Projects/mSigLIP/code/VN3K/imgs/HoGuom_00/00085_00000770.jpg,/Users/phamtunglam/Documents/Projects/mSigLIP/code/artifacts/deployment/qnn_inputs/vn3k_train_calib_2000/raw/00171_pid84_HoGuom_00_00085_00000770.raw,65,132
172,137,train,HoGuom_00/00138_00002640.jpg,/Users/phamtunglam/Documents/Projects/mSigLIP/code/VN3K/imgs/HoGuom_00/00138_00002640.jpg,/Users/phamtunglam/Documents/Projects/mSigLIP/code/artifacts/deployment/qnn_inputs/vn3k_train_calib_2000/raw/00172_pid137_HoGuom_00_00138_00002640.raw,105,235
173,1771,train,DHHN_HVBCVT_00/01772_00001335.jpg,/Users/phamtunglam/Documents/Projects/mSigLIP/code/VN3K/imgs/DHHN_HVBCVT_00/01772_00001335.jpg,/Users/phamtunglam/Documents/Projects/mSigLIP/code/artifacts/deployment/qnn_inputs/vn3k_train_calib_2000/raw/00173_pid1771_DHHN_HVBCVT_00_01772_00001335.raw,137,364
174,942,train,HoGuom_01/00943_00000315.jpg,/Users/phamtunglam/Documents/Projects/mSigLIP/code/VN3K/imgs/HoGuom_01/00943_00000315.jpg,/Users/phamtunglam/Documents/Projects/mSigLIP/code/artifacts/deployment/qnn_inputs/vn3k_train_calib_2000/raw/00174_pid942_HoGuom_01_00943_00000315.raw,110,242
175,1121,train,HoGuom_01/01122_00002175.jpg,/Users/phamtunglam/Documents/Projects/mSigLIP/code/VN3K/imgs/HoGuom_01/01122_00002175.jpg,/Users/phamtunglam/Documents/Projects/mSigLIP/code/artifacts/deployment/qnn_inputs/vn3k_train_calib_2000/raw/00175_pid1121_HoGuom_01_01122_00002175.raw,216,577
176,67,train,TEST_DATA/Person68.2/output_2.jpg,/Users/phamtunglam/Documents/Projects/mSigLIP/code/VN3K/imgs/TEST_DATA/Person68.2/output_2.jpg,/Users/phamtunglam/Documents/Projects/mSigLIP/code/artifacts/deployment/qnn_inputs/vn3k_train_calib_2000/raw/00176_pid67_TEST_DATA_Person68.2_output_2.raw,64,192
177,1049,train,HoGuom_01/01050_00002265.jpg,/Users/phamtunglam/Documents/Projects/mSigLIP/code/VN3K/imgs/HoGuom_01/01050_00002265.jpg,/Users/phamtunglam/Documents/Projects/mSigLIP/code/artifacts/deployment/qnn_inputs/vn3k_train_calib_2000/raw/00177_pid1049_HoGuom_01_01050_00002265.raw,159,590
178,281,train,HoGuom_00/00282_00008810.jpg,/Users/phamtunglam/Documents/Projects/mSigLIP/code/VN3K/imgs/HoGuom_00/00282_00008810.jpg,/Users/phamtunglam/Documents/Projects/mSigLIP/code/artifacts/deployment/qnn_inputs/vn3k_train_calib_2000/raw/00178_pid281_HoGuom_00_00282_00008810.raw,97,379
179,190,train,HoGuom_00/00191_00004670.jpg,/Users/phamtunglam/Documents/Projects/mSigLIP/code/VN3K/imgs/HoGuom_00/00191_00004670.jpg,/Users/phamtunglam/Documents/Projects/mSigLIP/code/artifacts/deployment/qnn_inputs/vn3k_train_calib_2000/raw/00179_pid190_HoGuom_00_00191_00004670.raw,146,385
180,509,train,HoGuom_00/00510_00001210.jpg,/Users/phamtunglam/Documents/Projects/mSigLIP/code/VN3K/imgs/HoGuom_00/00510_00001210.jpg,/Users/phamtunglam/Documents/Projects/mSigLIP/code/artifacts/deployment/qnn_inputs/vn3k_train_calib_2000/raw/00180_pid509_HoGuom_00_00510_00001210.raw,273,467
181,50,train,TRAINNING_DATA/Person51/output_2.jpg,/Users/phamtunglam/Documents/Projects/mSigLIP/code/VN3K/imgs/TRAINNING_DATA/Person51/output_2.jpg,/Users/phamtunglam/Documents/Projects/mSigLIP/code/artifacts/deployment/qnn_inputs/vn3k_train_calib_2000/raw/00181_pid50_TRAINNING_DATA_Person51_output_2.raw,178,340
182,1622,train,DHHN_HVBCVT_00/01623_00026835.jpg,/Users/phamtunglam/Documents/Projects/mSigLIP/code/VN3K/imgs/DHHN_HVBCVT_00/01623_00026835.jpg,/Users/phamtunglam/Documents/Projects/mSigLIP/code/artifacts/deployment/qnn_inputs/vn3k_train_calib_2000/raw/00182_pid1622_DHHN_HVBCVT_00_01623_00026835.raw,200,467
183,71,train,TEST_DATA/Person72.2/output_2.jpg,/Users/phamtunglam/Documents/Projects/mSigLIP/code/VN3K/imgs/TEST_DATA/Person72.2/output_2.jpg,/Users/phamtunglam/Documents/Projects/mSigLIP/code/artifacts/deployment/qnn_inputs/vn3k_train_calib_2000/raw/00183_pid71_TEST_DATA_Person72.2_output_2.raw,70,194
184,823,train,HoGuom_01/00824_00004365.jpg,/Users/phamtunglam/Documents/Projects/mSigLIP/code/VN3K/imgs/HoGuom_01/00824_00004365.jpg,/Users/phamtunglam/Documents/Projects/mSigLIP/code/artifacts/deployment/qnn_inputs/vn3k_train_calib_2000/raw/00184_pid823_HoGuom_01_00824_00004365.raw,64,177
185,1291,train,HoGuom_01/01292_00005445.jpg,/Users/phamtunglam/Documents/Projects/mSigLIP/code/VN3K/imgs/HoGuom_01/01292_00005445.jpg,/Users/phamtunglam/Documents/Projects/mSigLIP/code/artifacts/deployment/qnn_inputs/vn3k_train_calib_2000/raw/00185_pid1291_HoGuom_01_01292_00005445.raw,193,614
186,688,train,HoGuom_00/00689_00009905.jpg,/Users/phamtunglam/Documents/Projects/mSigLIP/code/VN3K/imgs/HoGuom_00/00689_00009905.jpg,/Users/phamtunglam/Documents/Projects/mSigLIP/code/artifacts/deployment/qnn_inputs/vn3k_train_calib_2000/raw/00186_pid688_HoGuom_00_00689_00009905.raw,74,196
187,668,train,HoGuom_00/00669_00008560.jpg,/Users/phamtunglam/Documents/Projects/mSigLIP/code/VN3K/imgs/HoGuom_00/00669_00008560.jpg,/Users/phamtunglam/Documents/Projects/mSigLIP/code/artifacts/deployment/qnn_inputs/vn3k_train_calib_2000/raw/00187_pid668_HoGuom_00_00669_00008560.raw,254,618
188,1962,train,DHGTVT_00/01963_00019420.jpg,/Users/phamtunglam/Documents/Projects/mSigLIP/code/VN3K/imgs/DHGTVT_00/01963_00019420.jpg,/Users/phamtunglam/Documents/Projects/mSigLIP/code/artifacts/deployment/qnn_inputs/vn3k_train_calib_2000/raw/00188_pid1962_DHGTVT_00_01963_00019420.raw,86,199
189,547,train,HoGuom_00/00548_00004040.jpg,/Users/phamtunglam/Documents/Projects/mSigLIP/code/VN3K/imgs/HoGuom_00/00548_00004040.jpg,/Users/phamtunglam/Documents/Projects/mSigLIP/code/artifacts/deployment/qnn_inputs/vn3k_train_calib_2000/raw/00189_pid547_HoGuom_00_00548_00004040.raw,104,398
190,1028,train,HoGuom_01/01029_00000120.jpg,/Users/phamtunglam/Documents/Projects/mSigLIP/code/VN3K/imgs/HoGuom_01/01029_00000120.jpg,/Users/phamtunglam/Documents/Projects/mSigLIP/code/artifacts/deployment/qnn_inputs/vn3k_train_calib_2000/raw/00190_pid1028_HoGuom_01_01029_00000120.raw,64,185
191,1081,train,HoGuom_01/01082_00005280.jpg,/Users/phamtunglam/Documents/Projects/mSigLIP/code/VN3K/imgs/HoGuom_01/01082_00005280.jpg,/Users/phamtunglam/Documents/Projects/mSigLIP/code/artifacts/deployment/qnn_inputs/vn3k_train_calib_2000/raw/00191_pid1081_HoGuom_01_01082_00005280.raw,190,460
192,549,train,HoGuom_00/00550_00004355.jpg,/Users/phamtunglam/Documents/Projects/mSigLIP/code/VN3K/imgs/HoGuom_00/00550_00004355.jpg,/Users/phamtunglam/Documents/Projects/mSigLIP/code/artifacts/deployment/qnn_inputs/vn3k_train_calib_2000/raw/00192_pid549_HoGuom_00_00550_00004355.raw,109,270
193,726,train,HoGuom_00/00727_00012285.jpg,/Users/phamtunglam/Documents/Projects/mSigLIP/code/VN3K/imgs/HoGuom_00/00727_00012285.jpg,/Users/phamtunglam/Documents/Projects/mSigLIP/code/artifacts/deployment/qnn_inputs/vn3k_train_calib_2000/raw/00193_pid726_HoGuom_00_00727_00012285.raw,70,166
194,899,train,HoGuom_01/00900_00016215.jpg,/Users/phamtunglam/Documents/Projects/mSigLIP/code/VN3K/imgs/HoGuom_01/00900_00016215.jpg,/Users/phamtunglam/Documents/Projects/mSigLIP/code/artifacts/deployment/qnn_inputs/vn3k_train_calib_2000/raw/00194_pid899_HoGuom_01_00900_00016215.raw,76,195
195,1625,train,DHHN_HVBCVT_00/01626_00028860.jpg,/Users/phamtunglam/Documents/Projects/mSigLIP/code/VN3K/imgs/DHHN_HVBCVT_00/01626_00028860.jpg,/Users/phamtunglam/Documents/Projects/mSigLIP/code/artifacts/deployment/qnn_inputs/vn3k_train_calib_2000/raw/00195_pid1625_DHHN_HVBCVT_00_01626_00028860.raw,94,296
196,694,train,HoGuom_00/00695_00010115.jpg,/Users/phamtunglam/Documents/Projects/mSigLIP/code/VN3K/imgs/HoGuom_00/00695_00010115.jpg,/Users/phamtunglam/Documents/Projects/mSigLIP/code/artifacts/deployment/qnn_inputs/vn3k_train_calib_2000/raw/00196_pid694_HoGuom_00_00695_00010115.raw,86,285
197,280,train,HoGuom_00/00281_00008800.jpg,/Users/phamtunglam/Documents/Projects/mSigLIP/code/VN3K/imgs/HoGuom_00/00281_00008800.jpg,/Users/phamtunglam/Documents/Projects/mSigLIP/code/artifacts/deployment/qnn_inputs/vn3k_train_calib_2000/raw/00197_pid280_HoGuom_00_00281_00008800.raw,66,195
198,947,train,HoGuom_01/00948_00001440.jpg,/Users/phamtunglam/Documents/Projects/mSigLIP/code/VN3K/imgs/HoGuom_01/00948_00001440.jpg,/Users/phamtunglam/Documents/Projects/mSigLIP/code/artifacts/deployment/qnn_inputs/vn3k_train_calib_2000/raw/00198_pid947_HoGuom_01_00948_00001440.raw,124,364
199,1096,train,HoGuom_01/01097_00005670.jpg,/Users/phamtunglam/Documents/Projects/mSigLIP/code/VN3K/imgs/HoGuom_01/01097_00005670.jpg,/Users/phamtunglam/Documents/Projects/mSigLIP/code/artifacts/deployment/qnn_inputs/vn3k_train_calib_2000/raw/00199_pid1096_HoGuom_01_01097_00005670.raw,89,209
200,639,train,HoGuom_00/00640_00007685.jpg,/Users/phamtunglam/Documents/Projects/mSigLIP/code/VN3K/imgs/HoGuom_00/00640_00007685.jpg,/Users/phamtunglam/Documents/Projects/mSigLIP/code/artifacts/deployment/qnn_inputs/vn3k_train_calib_2000/raw/00200_pid639_HoGuom_00_00640_00007685.raw,100,251
201,787,train,HoGuom_01/00788_00001636.jpg,/Users/phamtunglam/Documents/Projects/mSigLIP/code/VN3K/imgs/HoGuom_01/00788_00001636.jpg,/Users/phamtunglam/Documents/Projects/mSigLIP/code/artifacts/deployment/qnn_inputs/vn3k_train_calib_2000/raw/00201_pid787_HoGuom_01_00788_00001636.raw,100,217
202,1238,train,HoGuom_01/01239_00003915.jpg,/Users/phamtunglam/Documents/Projects/mSigLIP/code/VN3K/imgs/HoGuom_01/01239_00003915.jpg,/Users/phamtunglam/Documents/Projects/mSigLIP/code/artifacts/deployment/qnn_inputs/vn3k_train_calib_2000/raw/00202_pid1238_HoGuom_01_01239_00003915.raw,90,269
203,67,train,TEST_DATA/Person68.2/output_9.jpg,/Users/phamtunglam/Documents/Projects/mSigLIP/code/VN3K/imgs/TEST_DATA/Person68.2/output_9.jpg,/Users/phamtunglam/Documents/Projects/mSigLIP/code/artifacts/deployment/qnn_inputs/vn3k_train_calib_2000/raw/00203_pid67_TEST_DATA_Person68.2_output_9.raw,160,295
204,323,train,HoGuom_00/00324_00010385.jpg,/Users/phamtunglam/Documents/Projects/mSigLIP/code/VN3K/imgs/HoGuom_00/00324_00010385.jpg,/Users/phamtunglam/Documents/Projects/mSigLIP/code/artifacts/deployment/qnn_inputs/vn3k_train_calib_2000/raw/00204_pid323_HoGuom_00_00324_00010385.raw,154,355
205,609,train,HoGuom_00/00610_00007280.jpg,/Users/phamtunglam/Documents/Projects/mSigLIP/code/VN3K/imgs/HoGuom_00/00610_00007280.jpg,/Users/phamtunglam/Documents/Projects/mSigLIP/code/artifacts/deployment/qnn_inputs/vn3k_train_calib_2000/raw/00205_pid609_HoGuom_00_00610_00007280.raw,68,194
206,1847,train,HoGuom_01/01848_00000676.jpg,/Users/phamtunglam/Documents/Projects/mSigLIP/code/VN3K/imgs/HoGuom_01/01848_00000676.jpg,/Users/phamtunglam/Documents/Projects/mSigLIP/code/artifacts/deployment/qnn_inputs/vn3k_train_calib_2000/raw/00206_pid1847_HoGuom_01_01848_00000676.raw,74,217
207,1917,train,DHGTVT_00/01918_00008690.jpg,/Users/phamtunglam/Documents/Projects/mSigLIP/code/VN3K/imgs/DHGTVT_00/01918_00008690.jpg,/Users/phamtunglam/Documents/Projects/mSigLIP/code/artifacts/deployment/qnn_inputs/vn3k_train_calib_2000/raw/00207_pid1917_DHGTVT_00_01918_00008690.raw,86,253
208,1854,train,DHGTVT_00/01855_00001720.jpg,/Users/phamtunglam/Documents/Projects/mSigLIP/code/VN3K/imgs/DHGTVT_00/01855_00001720.jpg,/Users/phamtunglam/Documents/Projects/mSigLIP/code/artifacts/deployment/qnn_inputs/vn3k_train_calib_2000/raw/00208_pid1854_DHGTVT_00_01855_00001720.raw,109,222
209,1220,train,HoGuom_01/01221_00003690.jpg,/Users/phamtunglam/Documents/Projects/mSigLIP/code/VN3K/imgs/HoGuom_01/01221_00003690.jpg,/Users/phamtunglam/Documents/Projects/mSigLIP/code/artifacts/deployment/qnn_inputs/vn3k_train_calib_2000/raw/00209_pid1220_HoGuom_01_01221_00003690.raw,69,233
210,1584,train,DHHN_HVBCVT_00/01585_00008100.jpg,/Users/phamtunglam/Documents/Projects/mSigLIP/code/VN3K/imgs/DHHN_HVBCVT_00/01585_00008100.jpg,/Users/phamtunglam/Documents/Projects/mSigLIP/code/artifacts/deployment/qnn_inputs/vn3k_train_calib_2000/raw/00210_pid1584_DHHN_HVBCVT_00_01585_00008100.raw,82,234
211,164,train,HoGuom_00/00165_00004065.jpg,/Users/phamtunglam/Documents/Projects/mSigLIP/code/VN3K/imgs/HoGuom_00/00165_00004065.jpg,/Users/phamtunglam/Documents/Projects/mSigLIP/code/artifacts/deployment/qnn_inputs/vn3k_train_calib_2000/raw/00211_pid164_HoGuom_00_00165_00004065.raw,238,550
212,1092,train,HoGuom_01/01093_00004395.jpg,/Users/phamtunglam/Documents/Projects/mSigLIP/code/VN3K/imgs/HoGuom_01/01093_00004395.jpg,/Users/phamtunglam/Documents/Projects/mSigLIP/code/artifacts/deployment/qnn_inputs/vn3k_train_calib_2000/raw/00212_pid1092_HoGuom_01_01093_00004395.raw,155,368
213,325,train,HoGuom_00/00326_00010490.jpg,/Users/phamtunglam/Documents/Projects/mSigLIP/code/VN3K/imgs/HoGuom_00/00326_00010490.jpg,/Users/phamtunglam/Documents/Projects/mSigLIP/code/artifacts/deployment/qnn_inputs/vn3k_train_calib_2000/raw/00213_pid325_HoGuom_00_00326_00010490.raw,85,201
214,10,train,TRAINNING_DATA/Person11/output_6.jpg,/Users/phamtunglam/Documents/Projects/mSigLIP/code/VN3K/imgs/TRAINNING_DATA/Person11/output_6.jpg,/Users/phamtunglam/Documents/Projects/mSigLIP/code/artifacts/deployment/qnn_inputs/vn3k_train_calib_2000/raw/00214_pid10_TRAINNING_DATA_Person11_output_6.raw,194,367
215,1643,train,DHHN_HVBCVT_00/01644_00038715.jpg,/Users/phamtunglam/Documents/Projects/mSigLIP/code/VN3K/imgs/DHHN_HVBCVT_00/01644_00038715.jpg,/Users/phamtunglam/Documents/Projects/mSigLIP/code/artifacts/deployment/qnn_inputs/vn3k_train_calib_2000/raw/00215_pid1643_DHHN_HVBCVT_00_01644_00038715.raw,78,213
216,1176,train,HoGuom_01/01177_00001290.jpg,/Users/phamtunglam/Documents/Projects/mSigLIP/code/VN3K/imgs/HoGuom_01/01177_00001290.jpg,/Users/phamtunglam/Documents/Projects/mSigLIP/code/artifacts/deployment/qnn_inputs/vn3k_train_calib_2000/raw/00216_pid1176_HoGuom_01_01177_00001290.raw,225,541
217,514,train,HoGuom_00/00515_00002055.jpg,/Users/phamtunglam/Documents/Projects/mSigLIP/code/VN3K/imgs/HoGuom_00/00515_00002055.jpg,/Users/phamtunglam/Documents/Projects/mSigLIP/code/artifacts/deployment/qnn_inputs/vn3k_train_calib_2000/raw/00217_pid514_HoGuom_00_00515_00002055.raw,294,321
218,949,train,HoGuom_01/00950_00002490.jpg,/Users/phamtunglam/Documents/Projects/mSigLIP/code/VN3K/imgs/HoGuom_01/00950_00002490.jpg,/Users/phamtunglam/Documents/Projects/mSigLIP/code/artifacts/deployment/qnn_inputs/vn3k_train_calib_2000/raw/00218_pid949_HoGuom_01_00950_00002490.raw,146,343
219,1452,train,DANgoc_01/03042_2.jpg,/Users/phamtunglam/Documents/Projects/mSigLIP/code/VN3K/imgs/DANgoc_01/03042_2.jpg,/Users/phamtunglam/Documents/Projects/mSigLIP/code/artifacts/deployment/qnn_inputs/vn3k_train_calib_2000/raw/00219_pid1452_DANgoc_01_03042_2.raw,128,328
220,534,train,HoGuom_00/00535_00003290.jpg,/Users/phamtunglam/Documents/Projects/mSigLIP/code/VN3K/imgs/HoGuom_00/00535_00003290.jpg,/Users/phamtunglam/Documents/Projects/mSigLIP/code/artifacts/deployment/qnn_inputs/vn3k_train_calib_2000/raw/00220_pid534_HoGuom_00_00535_00003290.raw,108,214
221,226,train,HoGuom_00/00227_00006285.jpg,/Users/phamtunglam/Documents/Projects/mSigLIP/code/VN3K/imgs/HoGuom_00/00227_00006285.jpg,/Users/phamtunglam/Documents/Projects/mSigLIP/code/artifacts/deployment/qnn_inputs/vn3k_train_calib_2000/raw/00221_pid226_HoGuom_00_00227_00006285.raw,105,282
222,484,train,HoGuom_00/00485_00017460.jpg,/Users/phamtunglam/Documents/Projects/mSigLIP/code/VN3K/imgs/HoGuom_00/00485_00017460.jpg,/Users/phamtunglam/Documents/Projects/mSigLIP/code/artifacts/deployment/qnn_inputs/vn3k_train_calib_2000/raw/00222_pid484_HoGuom_00_00485_00017460.raw,243,647
223,802,train,HoGuom_01/00803_00002266.jpg,/Users/phamtunglam/Documents/Projects/mSigLIP/code/VN3K/imgs/HoGuom_01/00803_00002266.jpg,/Users/phamtunglam/Documents/Projects/mSigLIP/code/artifacts/deployment/qnn_inputs/vn3k_train_calib_2000/raw/00223_pid802_HoGuom_01_00803_00002266.raw,172,449
224,33,train,TEST_DATA/Person34.2/output_2.jpg,/Users/phamtunglam/Documents/Projects/mSigLIP/code/VN3K/imgs/TEST_DATA/Person34.2/output_2.jpg,/Users/phamtunglam/Documents/Projects/mSigLIP/code/artifacts/deployment/qnn_inputs/vn3k_train_calib_2000/raw/00224_pid33_TEST_DATA_Person34.2_output_2.raw,65,222
225,1650,train,DHHN_HVBCVT_00/01651_00042900.jpg,/Users/phamtunglam/Documents/Projects/mSigLIP/code/VN3K/imgs/DHHN_HVBCVT_00/01651_00042900.jpg,/Users/phamtunglam/Documents/Projects/mSigLIP/code/artifacts/deployment/qnn_inputs/vn3k_train_calib_2000/raw/00225_pid1650_DHHN_HVBCVT_00_01651_00042900.raw,93,234
226,453,train,HoGuom_00/00454_00015945.jpg,/Users/phamtunglam/Documents/Projects/mSigLIP/code/VN3K/imgs/HoGuom_00/00454_00015945.jpg,/Users/phamtunglam/Documents/Projects/mSigLIP/code/artifacts/deployment/qnn_inputs/vn3k_train_calib_2000/raw/00226_pid453_HoGuom_00_00454_00015945.raw,167,528
227,889,train,HoGuom_01/00890_00014115.jpg,/Users/phamtunglam/Documents/Projects/mSigLIP/code/VN3K/imgs/HoGuom_01/00890_00014115.jpg,/Users/phamtunglam/Documents/Projects/mSigLIP/code/artifacts/deployment/qnn_inputs/vn3k_train_calib_2000/raw/00227_pid889_HoGuom_01_00890_00014115.raw,83,341
228,182,train,HoGuom_00/00183_00004500.jpg,/Users/phamtunglam/Documents/Projects/mSigLIP/code/VN3K/imgs/HoGuom_00/00183_00004500.jpg,/Users/phamtunglam/Documents/Projects/mSigLIP/code/artifacts/deployment/qnn_inputs/vn3k_train_calib_2000/raw/00228_pid182_HoGuom_00_00183_00004500.raw,120,268
229,690,train,HoGuom_00/00691_00010450.jpg,/Users/phamtunglam/Documents/Projects/mSigLIP/code/VN3K/imgs/HoGuom_00/00691_00010450.jpg,/Users/phamtunglam/Documents/Projects/mSigLIP/code/artifacts/deployment/qnn_inputs/vn3k_train_calib_2000/raw/00229_pid690_HoGuom_00_00691_00010450.raw,97,290
230,1323,train,HoGuom_01/01324_00004350.jpg,/Users/phamtunglam/Documents/Projects/mSigLIP/code/VN3K/imgs/HoGuom_01/01324_00004350.jpg,/Users/phamtunglam/Documents/Projects/mSigLIP/code/artifacts/deployment/qnn_inputs/vn3k_train_calib_2000/raw/00230_pid1323_HoGuom_01_01324_00004350.raw,189,516
231,1594,train,DHHN_HVBCVT_00/01595_00013185.jpg,/Users/phamtunglam/Documents/Projects/mSigLIP/code/VN3K/imgs/DHHN_HVBCVT_00/01595_00013185.jpg,/Users/phamtunglam/Documents/Projects/mSigLIP/code/artifacts/deployment/qnn_inputs/vn3k_train_calib_2000/raw/00231_pid1594_DHHN_HVBCVT_00_01595_00013185.raw,134,257
232,1786,train,DHHN_HVBCVT_00/01787_00050910.jpg,/Users/phamtunglam/Documents/Projects/mSigLIP/code/VN3K/imgs/DHHN_HVBCVT_00/01787_00050910.jpg,/Users/phamtunglam/Documents/Projects/mSigLIP/code/artifacts/deployment/qnn_inputs/vn3k_train_calib_2000/raw/00232_pid1786_DHHN_HVBCVT_00_01787_00050910.raw,80,238
233,150,train,HoGuom_00/00151_00003370.jpg,/Users/phamtunglam/Documents/Projects/mSigLIP/code/VN3K/imgs/HoGuom_00/00151_00003370.jpg,/Users/phamtunglam/Documents/Projects/mSigLIP/code/artifacts/deployment/qnn_inputs/vn3k_train_calib_2000/raw/00233_pid150_HoGuom_00_00151_00003370.raw,208,595
234,1136,train,HoGuom_01/01137_00008805.jpg,/Users/phamtunglam/Documents/Projects/mSigLIP/code/VN3K/imgs/HoGuom_01/01137_00008805.jpg,/Users/phamtunglam/Documents/Projects/mSigLIP/code/artifacts/deployment/qnn_inputs/vn3k_train_calib_2000/raw/00234_pid1136_HoGuom_01_01137_00008805.raw,269,601
235,308,train,HoGuom_00/00309_00010055.jpg,/Users/phamtunglam/Documents/Projects/mSigLIP/code/VN3K/imgs/HoGuom_00/00309_00010055.jpg,/Users/phamtunglam/Documents/Projects/mSigLIP/code/artifacts/deployment/qnn_inputs/vn3k_train_calib_2000/raw/00235_pid308_HoGuom_00_00309_00010055.raw,112,299
236,1236,train,HoGuom_01/01237_00003675.jpg,/Users/phamtunglam/Documents/Projects/mSigLIP/code/VN3K/imgs/HoGuom_01/01237_00003675.jpg,/Users/phamtunglam/Documents/Projects/mSigLIP/code/artifacts/deployment/qnn_inputs/vn3k_train_calib_2000/raw/00236_pid1236_HoGuom_01_01237_00003675.raw,211,478
237,17,train,TRAINNING_DATA/Person18/output_15.jpg,/Users/phamtunglam/Documents/Projects/mSigLIP/code/VN3K/imgs/TRAINNING_DATA/Person18/output_15.jpg,/Users/phamtunglam/Documents/Projects/mSigLIP/code/artifacts/deployment/qnn_inputs/vn3k_train_calib_2000/raw/00237_pid17_TRAINNING_DATA_Person18_output_15.raw,79,277
238,1451,train,HoGuom_01/01452_2.jpg,/Users/phamtunglam/Documents/Projects/mSigLIP/code/VN3K/imgs/HoGuom_01/01452_2.jpg,/Users/phamtunglam/Documents/Projects/mSigLIP/code/artifacts/deployment/qnn_inputs/vn3k_train_calib_2000/raw/00238_pid1451_HoGuom_01_01452_2.raw,97,252
239,127,train,HoGuom_00/00128_00002800.jpg,/Users/phamtunglam/Documents/Projects/mSigLIP/code/VN3K/imgs/HoGuom_00/00128_00002800.jpg,/Users/phamtunglam/Documents/Projects/mSigLIP/code/artifacts/deployment/qnn_inputs/vn3k_train_calib_2000/raw/00239_pid127_HoGuom_00_00128_00002800.raw,182,529
240,1511,train,DHHN_HVBCVT_00/01512_00007560.jpg,/Users/phamtunglam/Documents/Projects/mSigLIP/code/VN3K/imgs/DHHN_HVBCVT_00/01512_00007560.jpg,/Users/phamtunglam/Documents/Projects/mSigLIP/code/artifacts/deployment/qnn_inputs/vn3k_train_calib_2000/raw/00240_pid1511_DHHN_HVBCVT_00_01512_00007560.raw,275,392
241,618,train,HoGuom_00/00619_00007070.jpg,/Users/phamtunglam/Documents/Projects/mSigLIP/code/VN3K/imgs/HoGuom_00/00619_00007070.jpg,/Users/phamtunglam/Documents/Projects/mSigLIP/code/artifacts/deployment/qnn_inputs/vn3k_train_calib_2000/raw/00241_pid618_HoGuom_00_00619_00007070.raw,71,175
242,1421,train,HoGuom_01/01422_1.jpg,/Users/phamtunglam/Documents/Projects/mSigLIP/code/VN3K/imgs/HoGuom_01/01422_1.jpg,/Users/phamtunglam/Documents/Projects/mSigLIP/code/artifacts/deployment/qnn_inputs/vn3k_train_calib_2000/raw/00242_pid1421_HoGuom_01_01422_1.raw,82,226
243,1593,train,DHHN_HVBCVT_00/01594_00010230.jpg,/Users/phamtunglam/Documents/Projects/mSigLIP/code/VN3K/imgs/DHHN_HVBCVT_00/01594_00010230.jpg,/Users/phamtunglam/Documents/Projects/mSigLIP/code/artifacts/deployment/qnn_inputs/vn3k_train_calib_2000/raw/00243_pid1593_DHHN_HVBCVT_00_01594_00010230.raw,124,313
244,1401,train,HoGuom_01/01402_1.jpg,/Users/phamtunglam/Documents/Projects/mSigLIP/code/VN3K/imgs/HoGuom_01/01402_1.jpg,/Users/phamtunglam/Documents/Projects/mSigLIP/code/artifacts/deployment/qnn_inputs/vn3k_train_calib_2000/raw/00244_pid1401_HoGuom_01_01402_1.raw,167,408
245,873,train,HoGuom_01/00874_00014850.jpg,/Users/phamtunglam/Documents/Projects/mSigLIP/code/VN3K/imgs/HoGuom_01/00874_00014850.jpg,/Users/phamtunglam/Documents/Projects/mSigLIP/code/artifacts/deployment/qnn_inputs/vn3k_train_calib_2000/raw/00245_pid873_HoGuom_01_00874_00014850.raw,63,206
246,801,train,HoGuom_01/00802_00002730.jpg,/Users/phamtunglam/Documents/Projects/mSigLIP/code/VN3K/imgs/HoGuom_01/00802_00002730.jpg,/Users/phamtunglam/Documents/Projects/mSigLIP/code/artifacts/deployment/qnn_inputs/vn3k_train_calib_2000/raw/00246_pid801_HoGuom_01_00802_00002730.raw,85,192
247,210,train,HoGuom_00/00211_00005620.jpg,/Users/phamtunglam/Documents/Projects/mSigLIP/code/VN3K/imgs/HoGuom_00/00211_00005620.jpg,/Users/phamtunglam/Documents/Projects/mSigLIP/code/artifacts/deployment/qnn_inputs/vn3k_train_calib_2000/raw/00247_pid210_HoGuom_00_00211_00005620.raw,160,633
248,153,train,HoGuom_00/00154_00003550.jpg,/Users/phamtunglam/Documents/Projects/mSigLIP/code/VN3K/imgs/HoGuom_00/00154_00003550.jpg,/Users/phamtunglam/Documents/Projects/mSigLIP/code/artifacts/deployment/qnn_inputs/vn3k_train_calib_2000/raw/00248_pid153_HoGuom_00_00154_00003550.raw,159,486
249,620,train,HoGuom_00/00621_00007140.jpg,/Users/phamtunglam/Documents/Projects/mSigLIP/code/VN3K/imgs/HoGuom_00/00621_00007140.jpg,/Users/phamtunglam/Documents/Projects/mSigLIP/code/artifacts/deployment/qnn_inputs/vn3k_train_calib_2000/raw/00249_pid620_HoGuom_00_00621_00007140.raw,145,289
250,1826,train,DHHN_HVBCVT_00/01827_00025170.jpg,/Users/phamtunglam/Documents/Projects/mSigLIP/code/VN3K/imgs/DHHN_HVBCVT_00/01827_00025170.jpg,/Users/phamtunglam/Documents/Projects/mSigLIP/code/artifacts/deployment/qnn_inputs/vn3k_train_calib_2000/raw/00250_pid1826_DHHN_HVBCVT_00_01827_00025170.raw,73,216
251,1817,train,DHHN_HVBCVT_00/01818_00017205.jpg,/Users/phamtunglam/Documents/Projects/mSigLIP/code/VN3K/imgs/DHHN_HVBCVT_00/01818_00017205.jpg,/Users/phamtunglam/Documents/Projects/mSigLIP/code/artifacts/deployment/qnn_inputs/vn3k_train_calib_2000/raw/00251_pid1817_DHHN_HVBCVT_00_01818_00017205.raw,167,362
252,1308,train,HoGuom_01/01309_00007590.jpg,/Users/phamtunglam/Documents/Projects/mSigLIP/code/VN3K/imgs/HoGuom_01/01309_00007590.jpg,/Users/phamtunglam/Documents/Projects/mSigLIP/code/artifacts/deployment/qnn_inputs/vn3k_train_calib_2000/raw/00252_pid1308_HoGuom_01_01309_00007590.raw,75,202
253,208,train,HoGuom_00/00209_00005505.jpg,/Users/phamtunglam/Documents/Projects/mSigLIP/code/VN3K/imgs/HoGuom_00/00209_00005505.jpg,/Users/phamtunglam/Documents/Projects/mSigLIP/code/artifacts/deployment/qnn_inputs/vn3k_train_calib_2000/raw/00253_pid208_HoGuom_00_00209_00005505.raw,89,227
254,10,train,TEST_DATA/Person11.2/output_12.jpg,/Users/phamtunglam/Documents/Projects/mSigLIP/code/VN3K/imgs/TEST_DATA/Person11.2/output_12.jpg,/Users/phamtunglam/Documents/Projects/mSigLIP/code/artifacts/deployment/qnn_inputs/vn3k_train_calib_2000/raw/00254_pid10_TEST_DATA_Person11.2_output_12.raw,144,266
255,788,train,HoGuom_01/00789_00001785.jpg,/Users/phamtunglam/Documents/Projects/mSigLIP/code/VN3K/imgs/HoGuom_01/00789_00001785.jpg,/Users/phamtunglam/Documents/Projects/mSigLIP/code/artifacts/deployment/qnn_inputs/vn3k_train_calib_2000/raw/00255_pid788_HoGuom_01_00789_00001785.raw,77,198
256,1517,train,DHHN_HVBCVT_00/01518_00005325.jpg,/Users/phamtunglam/Documents/Projects/mSigLIP/code/VN3K/imgs/DHHN_HVBCVT_00/01518_00005325.jpg,/Users/phamtunglam/Documents/Projects/mSigLIP/code/artifacts/deployment/qnn_inputs/vn3k_train_calib_2000/raw/00256_pid1517_DHHN_HVBCVT_00_01518_00005325.raw,67,189
257,316,train,HoGuom_00/00317_00010325.jpg,/Users/phamtunglam/Documents/Projects/mSigLIP/code/VN3K/imgs/HoGuom_00/00317_00010325.jpg,/Users/phamtunglam/Documents/Projects/mSigLIP/code/artifacts/deployment/qnn_inputs/vn3k_train_calib_2000/raw/00257_pid316_HoGuom_00_00317_00010325.raw,118,254
258,1450,train,HoGuom_01/01451_1.jpg,/Users/phamtunglam/Documents/Projects/mSigLIP/code/VN3K/imgs/HoGuom_01/01451_1.jpg,/Users/phamtunglam/Documents/Projects/mSigLIP/code/artifacts/deployment/qnn_inputs/vn3k_train_calib_2000/raw/00258_pid1450_HoGuom_01_01451_1.raw,305,770
259,282,train,HoGuom_00/00283_00008945.jpg,/Users/phamtunglam/Documents/Projects/mSigLIP/code/VN3K/imgs/HoGuom_00/00283_00008945.jpg,/Users/phamtunglam/Documents/Projects/mSigLIP/code/artifacts/deployment/qnn_inputs/vn3k_train_calib_2000/raw/00259_pid282_HoGuom_00_00283_00008945.raw,217,654
260,1435,train,HoGuom_01/01436_1.jpg,/Users/phamtunglam/Documents/Projects/mSigLIP/code/VN3K/imgs/HoGuom_01/01436_1.jpg,/Users/phamtunglam/Documents/Projects/mSigLIP/code/artifacts/deployment/qnn_inputs/vn3k_train_calib_2000/raw/00260_pid1435_HoGuom_01_01436_1.raw,100,261
261,1887,train,DHGTVT_00/01888_00004160.jpg,/Users/phamtunglam/Documents/Projects/mSigLIP/code/VN3K/imgs/DHGTVT_00/01888_00004160.jpg,/Users/phamtunglam/Documents/Projects/mSigLIP/code/artifacts/deployment/qnn_inputs/vn3k_train_calib_2000/raw/00261_pid1887_DHGTVT_00_01888_00004160.raw,130,318
262,747,train,HoGuom_00/00748_00012540.jpg,/Users/phamtunglam/Documents/Projects/mSigLIP/code/VN3K/imgs/HoGuom_00/00748_00012540.jpg,/Users/phamtunglam/Documents/Projects/mSigLIP/code/artifacts/deployment/qnn_inputs/vn3k_train_calib_2000/raw/00262_pid747_HoGuom_00_00748_00012540.raw,64,191
263,1820,train,DHHN_HVBCVT_00/01821_00019455.jpg,/Users/phamtunglam/Documents/Projects/mSigLIP/code/VN3K/imgs/DHHN_HVBCVT_00/01821_00019455.jpg,/Users/phamtunglam/Documents/Projects/mSigLIP/code/artifacts/deployment/qnn_inputs/vn3k_train_calib_2000/raw/00263_pid1820_DHHN_HVBCVT_00_01821_00019455.raw,84,231
264,110,train,HoGuom_00/00111_00001845.jpg,/Users/phamtunglam/Documents/Projects/mSigLIP/code/VN3K/imgs/HoGuom_00/00111_00001845.jpg,/Users/phamtunglam/Documents/Projects/mSigLIP/code/artifacts/deployment/qnn_inputs/vn3k_train_calib_2000/raw/00264_pid110_HoGuom_00_00111_00001845.raw,73,177
265,1165,train,HoGuom_01/01166_00000645.jpg,/Users/phamtunglam/Documents/Projects/mSigLIP/code/VN3K/imgs/HoGuom_01/01166_00000645.jpg,/Users/phamtunglam/Documents/Projects/mSigLIP/code/artifacts/deployment/qnn_inputs/vn3k_train_calib_2000/raw/00265_pid1165_HoGuom_01_01166_00000645.raw,151,472
266,468,train,HoGuom_00/00469_00016355.jpg,/Users/phamtunglam/Documents/Projects/mSigLIP/code/VN3K/imgs/HoGuom_00/00469_00016355.jpg,/Users/phamtunglam/Documents/Projects/mSigLIP/code/artifacts/deployment/qnn_inputs/vn3k_train_calib_2000/raw/00266_pid468_HoGuom_00_00469_00016355.raw,177,569
267,1657,train,DHHN_HVBCVT_00/01658_00043530.jpg,/Users/phamtunglam/Documents/Projects/mSigLIP/code/VN3K/imgs/DHHN_HVBCVT_00/01658_00043530.jpg,/Users/phamtunglam/Documents/Projects/mSigLIP/code/artifacts/deployment/qnn_inputs/vn3k_train_calib_2000/raw/00267_pid1657_DHHN_HVBCVT_00_01658_00043530.raw,66,161
268,1712,train,DHHN_HVBCVT_00/01713_00009075.jpg,/Users/phamtunglam/Documents/Projects/mSigLIP/code/VN3K/imgs/DHHN_HVBCVT_00/01713_00009075.jpg,/Users/phamtunglam/Documents/Projects/mSigLIP/code/artifacts/deployment/qnn_inputs/vn3k_train_calib_2000/raw/00268_pid1712_DHHN_HVBCVT_00_01713_00009075.raw,133,343
269,1305,train,HoGuom_01/01306_00005010.jpg,/Users/phamtunglam/Documents/Projects/mSigLIP/code/VN3K/imgs/HoGuom_01/01306_00005010.jpg,/Users/phamtunglam/Documents/Projects/mSigLIP/code/artifacts/deployment/qnn_inputs/vn3k_train_calib_2000/raw/00269_pid1305_HoGuom_01_01306_00005010.raw,65,138
270,1420,train,HoGuom_01/01421_1.jpg,/Users/phamtunglam/Documents/Projects/mSigLIP/code/VN3K/imgs/HoGuom_01/01421_1.jpg,/Users/phamtunglam/Documents/Projects/mSigLIP/code/artifacts/deployment/qnn_inputs/vn3k_train_calib_2000/raw/00270_pid1420_HoGuom_01_01421_1.raw,130,289
271,1374,train,HoGuom_01/01375_00007560.jpg,/Users/phamtunglam/Documents/Projects/mSigLIP/code/VN3K/imgs/HoGuom_01/01375_00007560.jpg,/Users/phamtunglam/Documents/Projects/mSigLIP/code/artifacts/deployment/qnn_inputs/vn3k_train_calib_2000/raw/00271_pid1374_HoGuom_01_01375_00007560.raw,153,391
272,1028,train,HoGuom_01/01029_00000015.jpg,/Users/phamtunglam/Documents/Projects/mSigLIP/code/VN3K/imgs/HoGuom_01/01029_00000015.jpg,/Users/phamtunglam/Documents/Projects/mSigLIP/code/artifacts/deployment/qnn_inputs/vn3k_train_calib_2000/raw/00272_pid1028_HoGuom_01_01029_00000015.raw,71,186
273,1325,train,HoGuom_01/01326_00005325.jpg,/Users/phamtunglam/Documents/Projects/mSigLIP/code/VN3K/imgs/HoGuom_01/01326_00005325.jpg,/Users/phamtunglam/Documents/Projects/mSigLIP/code/artifacts/deployment/qnn_inputs/vn3k_train_calib_2000/raw/00273_pid1325_HoGuom_01_01326_00005325.raw,239,638
274,129,train,HoGuom_00/00130_00002565.jpg,/Users/phamtunglam/Documents/Projects/mSigLIP/code/VN3K/imgs/HoGuom_00/00130_00002565.jpg,/Users/phamtunglam/Documents/Projects/mSigLIP/code/artifacts/deployment/qnn_inputs/vn3k_train_calib_2000/raw/00274_pid129_HoGuom_00_00130_00002565.raw,93,297
275,809,train,HoGuom_01/00810_00002595.jpg,/Users/phamtunglam/Documents/Projects/mSigLIP/code/VN3K/imgs/HoGuom_01/00810_00002595.jpg,/Users/phamtunglam/Documents/Projects/mSigLIP/code/artifacts/deployment/qnn_inputs/vn3k_train_calib_2000/raw/00275_pid809_HoGuom_01_00810_00002595.raw,66,174
276,56,train,TRAINNING_DATA/Person57/output_2.jpg,/Users/phamtunglam/Documents/Projects/mSigLIP/code/VN3K/imgs/TRAINNING_DATA/Person57/output_2.jpg,/Users/phamtunglam/Documents/Projects/mSigLIP/code/artifacts/deployment/qnn_inputs/vn3k_train_calib_2000/raw/00276_pid56_TRAINNING_DATA_Person57_output_2.raw,85,266
277,76,train,HoGuom_00/00077_00000240.jpg,/Users/phamtunglam/Documents/Projects/mSigLIP/code/VN3K/imgs/HoGuom_00/00077_00000240.jpg,/Users/phamtunglam/Documents/Projects/mSigLIP/code/artifacts/deployment/qnn_inputs/vn3k_train_calib_2000/raw/00277_pid76_HoGuom_00_00077_00000240.raw,87,227
278,399,train,HoGuom_00/00400_00013670.jpg,/Users/phamtunglam/Documents/Projects/mSigLIP/code/VN3K/imgs/HoGuom_00/00400_00013670.jpg,/Users/phamtunglam/Documents/Projects/mSigLIP/code/artifacts/deployment/qnn_inputs/vn3k_train_calib_2000/raw/00278_pid399_HoGuom_00_00400_00013670.raw,126,492
279,505,train,HoGuom_00/00506_00001155.jpg,/Users/phamtunglam/Documents/Projects/mSigLIP/code/VN3K/imgs/HoGuom_00/00506_00001155.jpg,/Users/phamtunglam/Documents/Projects/mSigLIP/code/artifacts/deployment/qnn_inputs/vn3k_train_calib_2000/raw/00279_pid505_HoGuom_00_00506_00001155.raw,222,594
280,1987,train,DHGTVT_00/01988_00031600.jpg,/Users/phamtunglam/Documents/Projects/mSigLIP/code/VN3K/imgs/DHGTVT_00/01988_00031600.jpg,/Users/phamtunglam/Documents/Projects/mSigLIP/code/artifacts/deployment/qnn_inputs/vn3k_train_calib_2000/raw/00280_pid1987_DHGTVT_00_01988_00031600.raw,101,252
281,1065,train,HoGuom_01/01066_00000945.jpg,/Users/phamtunglam/Documents/Projects/mSigLIP/code/VN3K/imgs/HoGuom_01/01066_00000945.jpg,/Users/phamtunglam/Documents/Projects/mSigLIP/code/artifacts/deployment/qnn_inputs/vn3k_train_calib_2000/raw/00281_pid1065_HoGuom_01_01066_00000945.raw,99,346
282,1402,train,HoGuom_01/01403_1.jpg,/Users/phamtunglam/Documents/Projects/mSigLIP/code/VN3K/imgs/HoGuom_01/01403_1.jpg,/Users/phamtunglam/Documents/Projects/mSigLIP/code/artifacts/deployment/qnn_inputs/vn3k_train_calib_2000/raw/00282_pid1402_HoGuom_01_01403_1.raw,146,451
283,1050,train,HoGuom_01/01051_00002400.jpg,/Users/phamtunglam/Documents/Projects/mSigLIP/code/VN3K/imgs/HoGuom_01/01051_00002400.jpg,/Users/phamtunglam/Documents/Projects/mSigLIP/code/artifacts/deployment/qnn_inputs/vn3k_train_calib_2000/raw/00283_pid1050_HoGuom_01_01051_00002400.raw,114,328
284,1298,train,HoGuom_01/01299_00004095.jpg,/Users/phamtunglam/Documents/Projects/mSigLIP/code/VN3K/imgs/HoGuom_01/01299_00004095.jpg,/Users/phamtunglam/Documents/Projects/mSigLIP/code/artifacts/deployment/qnn_inputs/vn3k_train_calib_2000/raw/00284_pid1298_HoGuom_01_01299_00004095.raw,189,551
285,1562,train,DHHN_HVBCVT_00/01563_00004875.jpg,/Users/phamtunglam/Documents/Projects/mSigLIP/code/VN3K/imgs/DHHN_HVBCVT_00/01563_00004875.jpg,/Users/phamtunglam/Documents/Projects/mSigLIP/code/artifacts/deployment/qnn_inputs/vn3k_train_calib_2000/raw/00285_pid1562_DHHN_HVBCVT_00_01563_00004875.raw,65,157
286,752,train,HoGuom_00/00753_00012540.jpg,/Users/phamtunglam/Documents/Projects/mSigLIP/code/VN3K/imgs/HoGuom_00/00753_00012540.jpg,/Users/phamtunglam/Documents/Projects/mSigLIP/code/artifacts/deployment/qnn_inputs/vn3k_train_calib_2000/raw/00286_pid752_HoGuom_00_00753_00012540.raw,146,489
287,1398,train,HoGuom_01/01399_1.jpg,/Users/phamtunglam/Documents/Projects/mSigLIP/code/VN3K/imgs/HoGuom_01/01399_1.jpg,/Users/phamtunglam/Documents/Projects/mSigLIP/code/artifacts/deployment/qnn_inputs/vn3k_train_calib_2000/raw/00287_pid1398_HoGuom_01_01399_1.raw,108,227
288,632,train,HoGuom_00/00633_00007420.jpg,/Users/phamtunglam/Documents/Projects/mSigLIP/code/VN3K/imgs/HoGuom_00/00633_00007420.jpg,/Users/phamtunglam/Documents/Projects/mSigLIP/code/artifacts/deployment/qnn_inputs/vn3k_train_calib_2000/raw/00288_pid632_HoGuom_00_00633_00007420.raw,255,554
289,112,train,HoGuom_00/00113_00001955.jpg,/Users/phamtunglam/Documents/Projects/mSigLIP/code/VN3K/imgs/HoGuom_00/00113_00001955.jpg,/Users/phamtunglam/Documents/Projects/mSigLIP/code/artifacts/deployment/qnn_inputs/vn3k_train_calib_2000/raw/00289_pid112_HoGuom_00_00113_00001955.raw,92,254
290,1895,train,DHGTVT_00/01896_00005390.jpg,/Users/phamtunglam/Documents/Projects/mSigLIP/code/VN3K/imgs/DHGTVT_00/01896_00005390.jpg,/Users/phamtunglam/Documents/Projects/mSigLIP/code/artifacts/deployment/qnn_inputs/vn3k_train_calib_2000/raw/00290_pid1895_DHGTVT_00_01896_00005390.raw,83,182
291,1404,train,HoGuom_01/01405_1.jpg,/Users/phamtunglam/Documents/Projects/mSigLIP/code/VN3K/imgs/HoGuom_01/01405_1.jpg,/Users/phamtunglam/Documents/Projects/mSigLIP/code/artifacts/deployment/qnn_inputs/vn3k_train_calib_2000/raw/00291_pid1404_HoGuom_01_01405_1.raw,130,405
292,117,train,HoGuom_00/00118_00002135.jpg,/Users/phamtunglam/Documents/Projects/mSigLIP/code/VN3K/imgs/HoGuom_00/00118_00002135.jpg,/Users/phamtunglam/Documents/Projects/mSigLIP/code/artifacts/deployment/qnn_inputs/vn3k_train_calib_2000/raw/00292_pid117_HoGuom_00_00118_00002135.raw,129,259
293,980,train,HoGuom_01/00981_00006210.jpg,/Users/phamtunglam/Documents/Projects/mSigLIP/code/VN3K/imgs/HoGuom_01/00981_00006210.jpg,/Users/phamtunglam/Documents/Projects/mSigLIP/code/artifacts/deployment/qnn_inputs/vn3k_train_calib_2000/raw/00293_pid980_HoGuom_01_00981_00006210.raw,72,150
294,467,train,HoGuom_00/00468_00016395.jpg,/Users/phamtunglam/Documents/Projects/mSigLIP/code/VN3K/imgs/HoGuom_00/00468_00016395.jpg,/Users/phamtunglam/Documents/Projects/mSigLIP/code/artifacts/deployment/qnn_inputs/vn3k_train_calib_2000/raw/00294_pid467_HoGuom_00_00468_00016395.raw,295,624
295,801,train,HoGuom_01/00802_00002220.jpg,/Users/phamtunglam/Documents/Projects/mSigLIP/code/VN3K/imgs/HoGuom_01/00802_00002220.jpg,/Users/phamtunglam/Documents/Projects/mSigLIP/code/artifacts/deployment/qnn_inputs/vn3k_train_calib_2000/raw/00295_pid801_HoGuom_01_00802_00002220.raw,77,179
296,1318,train,HoGuom_01/01319_00005205.jpg,/Users/phamtunglam/Documents/Projects/mSigLIP/code/VN3K/imgs/HoGuom_01/01319_00005205.jpg,/Users/phamtunglam/Documents/Projects/mSigLIP/code/artifacts/deployment/qnn_inputs/vn3k_train_calib_2000/raw/00296_pid1318_HoGuom_01_01319_00005205.raw,82,241
297,979,train,HoGuom_01/00980_00006330.jpg,/Users/phamtunglam/Documents/Projects/mSigLIP/code/VN3K/imgs/HoGuom_01/00980_00006330.jpg,/Users/phamtunglam/Documents/Projects/mSigLIP/code/artifacts/deployment/qnn_inputs/vn3k_train_calib_2000/raw/00297_pid979_HoGuom_01_00980_00006330.raw,89,227
298,39,train,TEST_DATA/Person40.2/output_6.jpg,/Users/phamtunglam/Documents/Projects/mSigLIP/code/VN3K/imgs/TEST_DATA/Person40.2/output_6.jpg,/Users/phamtunglam/Documents/Projects/mSigLIP/code/artifacts/deployment/qnn_inputs/vn3k_train_calib_2000/raw/00298_pid39_TEST_DATA_Person40.2_output_6.raw,120,287
299,33,train,TRAINNING_DATA/Person34/output_2.jpg,/Users/phamtunglam/Documents/Projects/mSigLIP/code/VN3K/imgs/TRAINNING_DATA/Person34/output_2.jpg,/Users/phamtunglam/Documents/Projects/mSigLIP/code/artifacts/deployment/qnn_inputs/vn3k_train_calib_2000/raw/00299_pid33_TRAINNING_DATA_Person34_output_2.raw,134,284
300,1491,train,HoGuom_01/01492_2.jpg,/Users/phamtunglam/Documents/Projects/mSigLIP/code/VN3K/imgs/HoGuom_01/01492_2.jpg,/Users/phamtunglam/Documents/Projects/mSigLIP/code/artifacts/deployment/qnn_inputs/vn3k_train_calib_2000/raw/00300_pid1491_HoGuom_01_01492_2.raw,116,292
301,101,train,HoGuom_00/00102_00002100.jpg,/Users/phamtunglam/Documents/Projects/mSigLIP/code/VN3K/imgs/HoGuom_00/00102_00002100.jpg,/Users/phamtunglam/Documents/Projects/mSigLIP/code/artifacts/deployment/qnn_inputs/vn3k_train_calib_2000/raw/00301_pid101_HoGuom_00_00102_00002100.raw,96,257
302,910,train,HoGuom_01/00911_00003870.jpg,/Users/phamtunglam/Documents/Projects/mSigLIP/code/VN3K/imgs/HoGuom_01/00911_00003870.jpg,/Users/phamtunglam/Documents/Projects/mSigLIP/code/artifacts/deployment/qnn_inputs/vn3k_train_calib_2000/raw/00302_pid910_HoGuom_01_00911_00003870.raw,127,313
303,1463,train,HoGuom_01/01464_2.jpg,/Users/phamtunglam/Documents/Projects/mSigLIP/code/VN3K/imgs/HoGuom_01/01464_2.jpg,/Users/phamtunglam/Documents/Projects/mSigLIP/code/artifacts/deployment/qnn_inputs/vn3k_train_calib_2000/raw/00303_pid1463_HoGuom_01_01464_2.raw,203,595
304,1589,train,DHHN_HVBCVT_00/01590_00012225.jpg,/Users/phamtunglam/Documents/Projects/mSigLIP/code/VN3K/imgs/DHHN_HVBCVT_00/01590_00012225.jpg,/Users/phamtunglam/Documents/Projects/mSigLIP/code/artifacts/deployment/qnn_inputs/vn3k_train_calib_2000/raw/00304_pid1589_DHHN_HVBCVT_00_01590_00012225.raw,152,357
305,1640,train,DHHN_HVBCVT_00/01641_00036045.jpg,/Users/phamtunglam/Documents/Projects/mSigLIP/code/VN3K/imgs/DHHN_HVBCVT_00/01641_00036045.jpg,/Users/phamtunglam/Documents/Projects/mSigLIP/code/artifacts/deployment/qnn_inputs/vn3k_train_calib_2000/raw/00305_pid1640_DHHN_HVBCVT_00_01641_00036045.raw,69,170
306,283,train,HoGuom_00/00284_00008870.jpg,/Users/phamtunglam/Documents/Projects/mSigLIP/code/VN3K/imgs/HoGuom_00/00284_00008870.jpg,/Users/phamtunglam/Documents/Projects/mSigLIP/code/artifacts/deployment/qnn_inputs/vn3k_train_calib_2000/raw/00306_pid283_HoGuom_00_00284_00008870.raw,129,394
307,1564,train,DHHN_HVBCVT_00/01565_00001500.jpg,/Users/phamtunglam/Documents/Projects/mSigLIP/code/VN3K/imgs/DHHN_HVBCVT_00/01565_00001500.jpg,/Users/phamtunglam/Documents/Projects/mSigLIP/code/artifacts/deployment/qnn_inputs/vn3k_train_calib_2000/raw/00307_pid1564_DHHN_HVBCVT_00_01565_00001500.raw,119,338
308,1282,train,HoGuom_01/01283_00005175.jpg,/Users/phamtunglam/Documents/Projects/mSigLIP/code/VN3K/imgs/HoGuom_01/01283_00005175.jpg,/Users/phamtunglam/Documents/Projects/mSigLIP/code/artifacts/deployment/qnn_inputs/vn3k_train_calib_2000/raw/00308_pid1282_HoGuom_01_01283_00005175.raw,223,300
309,1603,train,DHHN_HVBCVT_00/01604_00020490.jpg,/Users/phamtunglam/Documents/Projects/mSigLIP/code/VN3K/imgs/DHHN_HVBCVT_00/01604_00020490.jpg,/Users/phamtunglam/Documents/Projects/mSigLIP/code/artifacts/deployment/qnn_inputs/vn3k_train_calib_2000/raw/00309_pid1603_DHHN_HVBCVT_00_01604_00020490.raw,117,300
310,950,train,HoGuom_01/00951_00003390.jpg,/Users/phamtunglam/Documents/Projects/mSigLIP/code/VN3K/imgs/HoGuom_01/00951_00003390.jpg,/Users/phamtunglam/Documents/Projects/mSigLIP/code/artifacts/deployment/qnn_inputs/vn3k_train_calib_2000/raw/00310_pid950_HoGuom_01_00951_00003390.raw,73,195
311,135,train,HoGuom_00/00136_00002580.jpg,/Users/phamtunglam/Documents/Projects/mSigLIP/code/VN3K/imgs/HoGuom_00/00136_00002580.jpg,/Users/phamtunglam/Documents/Projects/mSigLIP/code/artifacts/deployment/qnn_inputs/vn3k_train_calib_2000/raw/00311_pid135_HoGuom_00_00136_00002580.raw,81,294
312,1908,train,DHGTVT_00/01909_00007990.jpg,/Users/phamtunglam/Documents/Projects/mSigLIP/code/VN3K/imgs/DHGTVT_00/01909_00007990.jpg,/Users/phamtunglam/Documents/Projects/mSigLIP/code/artifacts/deployment/qnn_inputs/vn3k_train_calib_2000/raw/00312_pid1908_DHGTVT_00_01909_00007990.raw,72,234
313,933,train,HoGuom_01/00934_00000075.jpg,/Users/phamtunglam/Documents/Projects/mSigLIP/code/VN3K/imgs/HoGuom_01/00934_00000075.jpg,/Users/phamtunglam/Documents/Projects/mSigLIP/code/artifacts/deployment/qnn_inputs/vn3k_train_calib_2000/raw/00313_pid933_HoGuom_01_00934_00000075.raw,114,286
314,7,train,TRAINNING_DATA/Person8/output_2.jpg,/Users/phamtunglam/Documents/Projects/mSigLIP/code/VN3K/imgs/TRAINNING_DATA/Person8/output_2.jpg,/Users/phamtunglam/Documents/Projects/mSigLIP/code/artifacts/deployment/qnn_inputs/vn3k_train_calib_2000/raw/00314_pid7_TRAINNING_DATA_Person8_output_2.raw,124,264
315,415,train,HoGuom_00/00416_00014335.jpg,/Users/phamtunglam/Documents/Projects/mSigLIP/code/VN3K/imgs/HoGuom_00/00416_00014335.jpg,/Users/phamtunglam/Documents/Projects/mSigLIP/code/artifacts/deployment/qnn_inputs/vn3k_train_calib_2000/raw/00315_pid415_HoGuom_00_00416_00014335.raw,90,277
316,1044,train,HoGuom_01/01045_00001155.jpg,/Users/phamtunglam/Documents/Projects/mSigLIP/code/VN3K/imgs/HoGuom_01/01045_00001155.jpg,/Users/phamtunglam/Documents/Projects/mSigLIP/code/artifacts/deployment/qnn_inputs/vn3k_train_calib_2000/raw/00316_pid1044_HoGuom_01_01045_00001155.raw,127,302
317,1554,train,DHHN_HVBCVT_00/01555_00001965.jpg,/Users/phamtunglam/Documents/Projects/mSigLIP/code/VN3K/imgs/DHHN_HVBCVT_00/01555_00001965.jpg,/Users/phamtunglam/Documents/Projects/mSigLIP/code/artifacts/deployment/qnn_inputs/vn3k_train_calib_2000/raw/00317_pid1554_DHHN_HVBCVT_00_01555_00001965.raw,80,187
318,1439,train,HoGuom_01/01440_1.jpg,/Users/phamtunglam/Documents/Projects/mSigLIP/code/VN3K/imgs/HoGuom_01/01440_1.jpg,/Users/phamtunglam/Documents/Projects/mSigLIP/code/artifacts/deployment/qnn_inputs/vn3k_train_calib_2000/raw/00318_pid1439_HoGuom_01_01440_1.raw,134,321
319,395,train,HoGuom_00/00396_00013415.jpg,/Users/phamtunglam/Documents/Projects/mSigLIP/code/VN3K/imgs/HoGuom_00/00396_00013415.jpg,/Users/phamtunglam/Documents/Projects/mSigLIP/code/artifacts/deployment/qnn_inputs/vn3k_train_calib_2000/raw/00319_pid395_HoGuom_00_00396_00013415.raw,301,557
320,1759,train,DHHN_HVBCVT_00/01760_00000900.jpg,/Users/phamtunglam/Documents/Projects/mSigLIP/code/VN3K/imgs/DHHN_HVBCVT_00/01760_00000900.jpg,/Users/phamtunglam/Documents/Projects/mSigLIP/code/artifacts/deployment/qnn_inputs/vn3k_train_calib_2000/raw/00320_pid1759_DHHN_HVBCVT_00_01760_00000900.raw,86,253
321,1869,train,DHGTVT_00/01870_00003490.jpg,/Users/phamtunglam/Documents/Projects/mSigLIP/code/VN3K/imgs/DHGTVT_00/01870_00003490.jpg,/Users/phamtunglam/Documents/Projects/mSigLIP/code/artifacts/deployment/qnn_inputs/vn3k_train_calib_2000/raw/00321_pid1869_DHGTVT_00_01870_00003490.raw,89,239
322,90,train,HoGuom_00/00091_00000875.jpg,/Users/phamtunglam/Documents/Projects/mSigLIP/code/VN3K/imgs/HoGuom_00/00091_00000875.jpg,/Users/phamtunglam/Documents/Projects/mSigLIP/code/artifacts/deployment/qnn_inputs/vn3k_train_calib_2000/raw/00322_pid90_HoGuom_00_00091_00000875.raw,156,445
323,1896,train,DHGTVT_00/01897_00005970.jpg,/Users/phamtunglam/Documents/Projects/mSigLIP/code/VN3K/imgs/DHGTVT_00/01897_00005970.jpg,/Users/phamtunglam/Documents/Projects/mSigLIP/code/artifacts/deployment/qnn_inputs/vn3k_train_calib_2000/raw/00323_pid1896_DHGTVT_00_01897_00005970.raw,116,290
324,745,train,HoGuom_00/00746_00012435.jpg,/Users/phamtunglam/Documents/Projects/mSigLIP/code/VN3K/imgs/HoGuom_00/00746_00012435.jpg,/Users/phamtunglam/Documents/Projects/mSigLIP/code/artifacts/deployment/qnn_inputs/vn3k_train_calib_2000/raw/00324_pid745_HoGuom_00_00746_00012435.raw,68,203
325,942,train,HoGuom_01/00943_00000405.jpg,/Users/phamtunglam/Documents/Projects/mSigLIP/code/VN3K/imgs/HoGuom_01/00943_00000405.jpg,/Users/phamtunglam/Documents/Projects/mSigLIP/code/artifacts/deployment/qnn_inputs/vn3k_train_calib_2000/raw/00325_pid942_HoGuom_01_00943_00000405.raw,82,194
326,179,train,HoGuom_00/00180_00004480.jpg,/Users/phamtunglam/Documents/Projects/mSigLIP/code/VN3K/imgs/HoGuom_00/00180_00004480.jpg,/Users/phamtunglam/Documents/Projects/mSigLIP/code/artifacts/deployment/qnn_inputs/vn3k_train_calib_2000/raw/00326_pid179_HoGuom_00_00180_00004480.raw,79,225
327,903,train,HoGuom_01/00904_00001350.jpg,/Users/phamtunglam/Documents/Projects/mSigLIP/code/VN3K/imgs/HoGuom_01/00904_00001350.jpg,/Users/phamtunglam/Documents/Projects/mSigLIP/code/artifacts/deployment/qnn_inputs/vn3k_train_calib_2000/raw/00327_pid903_HoGuom_01_00904_00001350.raw,118,304
328,698,train,HoGuom_00/00699_00010330.jpg,/Users/phamtunglam/Documents/Projects/mSigLIP/code/VN3K/imgs/HoGuom_00/00699_00010330.jpg,/Users/phamtunglam/Documents/Projects/mSigLIP/code/artifacts/deployment/qnn_inputs/vn3k_train_calib_2000/raw/00328_pid698_HoGuom_00_00699_00010330.raw,90,301
329,567,train,HoGuom_00/00568_00005120.jpg,/Users/phamtunglam/Documents/Projects/mSigLIP/code/VN3K/imgs/HoGuom_00/00568_00005120.jpg,/Users/phamtunglam/Documents/Projects/mSigLIP/code/artifacts/deployment/qnn_inputs/vn3k_train_calib_2000/raw/00329_pid567_HoGuom_00_00568_00005120.raw,72,181
330,689,train,HoGuom_00/00690_00009945.jpg,/Users/phamtunglam/Documents/Projects/mSigLIP/code/VN3K/imgs/HoGuom_00/00690_00009945.jpg,/Users/phamtunglam/Documents/Projects/mSigLIP/code/artifacts/deployment/qnn_inputs/vn3k_train_calib_2000/raw/00330_pid689_HoGuom_00_00690_00009945.raw,143,392
331,1129,train,HoGuom_01/01130_00000255.jpg,/Users/phamtunglam/Documents/Projects/mSigLIP/code/VN3K/imgs/HoGuom_01/01130_00000255.jpg,/Users/phamtunglam/Documents/Projects/mSigLIP/code/artifacts/deployment/qnn_inputs/vn3k_train_calib_2000/raw/00331_pid1129_HoGuom_01_01130_00000255.raw,147,422
332,920,train,HoGuom_01/00921_00010305.jpg,/Users/phamtunglam/Documents/Projects/mSigLIP/code/VN3K/imgs/HoGuom_01/00921_00010305.jpg,/Users/phamtunglam/Documents/Projects/mSigLIP/code/artifacts/deployment/qnn_inputs/vn3k_train_calib_2000/raw/00332_pid920_HoGuom_01_00921_00010305.raw,100,264
333,1608,train,DHHN_HVBCVT_00/01609_00019050.jpg,/Users/phamtunglam/Documents/Projects/mSigLIP/code/VN3K/imgs/DHHN_HVBCVT_00/01609_00019050.jpg,/Users/phamtunglam/Documents/Projects/mSigLIP/code/artifacts/deployment/qnn_inputs/vn3k_train_calib_2000/raw/00333_pid1608_DHHN_HVBCVT_00_01609_00019050.raw,66,116
334,657,train,HoGuom_00/00658_00008270.jpg,/Users/phamtunglam/Documents/Projects/mSigLIP/code/VN3K/imgs/HoGuom_00/00658_00008270.jpg,/Users/phamtunglam/Documents/Projects/mSigLIP/code/artifacts/deployment/qnn_inputs/vn3k_train_calib_2000/raw/00334_pid657_HoGuom_00_00658_00008270.raw,136,362
335,1586,train,DHHN_HVBCVT_00/01587_00012315.jpg,/Users/phamtunglam/Documents/Projects/mSigLIP/code/VN3K/imgs/DHHN_HVBCVT_00/01587_00012315.jpg,/Users/phamtunglam/Documents/Projects/mSigLIP/code/artifacts/deployment/qnn_inputs/vn3k_train_calib_2000/raw/00335_pid1586_DHHN_HVBCVT_00_01587_00012315.raw,84,210
336,1245,train,HoGuom_01/01246_00004170.jpg,/Users/phamtunglam/Documents/Projects/mSigLIP/code/VN3K/imgs/HoGuom_01/01246_00004170.jpg,/Users/phamtunglam/Documents/Projects/mSigLIP/code/artifacts/deployment/qnn_inputs/vn3k_train_calib_2000/raw/00336_pid1245_HoGuom_01_01246_00004170.raw,163,435
337,333,train,HoGuom_00/00334_00010700.jpg,/Users/phamtunglam/Documents/Projects/mSigLIP/code/VN3K/imgs/HoGuom_00/00334_00010700.jpg,/Users/phamtunglam/Documents/Projects/mSigLIP/code/artifacts/deployment/qnn_inputs/vn3k_train_calib_2000/raw/00337_pid333_HoGuom_00_00334_00010700.raw,211,555
338,1007,train,HoGuom_01/01008_00000480.jpg,/Users/phamtunglam/Documents/Projects/mSigLIP/code/VN3K/imgs/HoGuom_01/01008_00000480.jpg,/Users/phamtunglam/Documents/Projects/mSigLIP/code/artifacts/deployment/qnn_inputs/vn3k_train_calib_2000/raw/00338_pid1007_HoGuom_01_01008_00000480.raw,71,188
339,1730,train,DHHN_HVBCVT_00/01731_00009345.jpg,/Users/phamtunglam/Documents/Projects/mSigLIP/code/VN3K/imgs/DHHN_HVBCVT_00/01731_00009345.jpg,/Users/phamtunglam/Documents/Projects/mSigLIP/code/artifacts/deployment/qnn_inputs/vn3k_train_calib_2000/raw/00339_pid1730_DHHN_HVBCVT_00_01731_00009345.raw,64,161
340,221,train,HoGuom_00/00222_00006275.jpg,/Users/phamtunglam/Documents/Projects/mSigLIP/code/VN3K/imgs/HoGuom_00/00222_00006275.jpg,/Users/phamtunglam/Documents/Projects/mSigLIP/code/artifacts/deployment/qnn_inputs/vn3k_train_calib_2000/raw/00340_pid221_HoGuom_00_00222_00006275.raw,170,448
341,291,train,HoGuom_00/00292_00009255.jpg,/Users/phamtunglam/Documents/Projects/mSigLIP/code/VN3K/imgs/HoGuom_00/00292_00009255.jpg,/Users/phamtunglam/Documents/Projects/mSigLIP/code/artifacts/deployment/qnn_inputs/vn3k_train_calib_2000/raw/00341_pid291_HoGuom_00_00292_00009255.raw,231,392
342,1483,train,HoGuom_01/01484_2.jpg,/Users/phamtunglam/Documents/Projects/mSigLIP/code/VN3K/imgs/HoGuom_01/01484_2.jpg,/Users/phamtunglam/Documents/Projects/mSigLIP/code/artifacts/deployment/qnn_inputs/vn3k_train_calib_2000/raw/00342_pid1483_HoGuom_01_01484_2.raw,106,623
343,1403,train,HoGuom_01/01404_1.jpg,/Users/phamtunglam/Documents/Projects/mSigLIP/code/VN3K/imgs/HoGuom_01/01404_1.jpg,/Users/phamtunglam/Documents/Projects/mSigLIP/code/artifacts/deployment/qnn_inputs/vn3k_train_calib_2000/raw/00343_pid1403_HoGuom_01_01404_1.raw,129,459
344,385,train,HoGuom_00/00386_00012900.jpg,/Users/phamtunglam/Documents/Projects/mSigLIP/code/VN3K/imgs/HoGuom_00/00386_00012900.jpg,/Users/phamtunglam/Documents/Projects/mSigLIP/code/artifacts/deployment/qnn_inputs/vn3k_train_calib_2000/raw/00344_pid385_HoGuom_00_00386_00012900.raw,214,639
345,296,train,HoGuom_00/00297_00009415.jpg,/Users/phamtunglam/Documents/Projects/mSigLIP/code/VN3K/imgs/HoGuom_00/00297_00009415.jpg,/Users/phamtunglam/Documents/Projects/mSigLIP/code/artifacts/deployment/qnn_inputs/vn3k_train_calib_2000/raw/00345_pid296_HoGuom_00_00297_00009415.raw,126,271
346,943,train,HoGuom_01/00944_00000585.jpg,/Users/phamtunglam/Documents/Projects/mSigLIP/code/VN3K/imgs/HoGuom_01/00944_00000585.jpg,/Users/phamtunglam/Documents/Projects/mSigLIP/code/artifacts/deployment/qnn_inputs/vn3k_train_calib_2000/raw/00346_pid943_HoGuom_01_00944_00000585.raw,90,270
347,307,train,HoGuom_00/00308_00010085.jpg,/Users/phamtunglam/Documents/Projects/mSigLIP/code/VN3K/imgs/HoGuom_00/00308_00010085.jpg,/Users/phamtunglam/Documents/Projects/mSigLIP/code/artifacts/deployment/qnn_inputs/vn3k_train_calib_2000/raw/00347_pid307_HoGuom_00_00308_00010085.raw,164,366
348,1436,train,HoGuom_01/01437_1.jpg,/Users/phamtunglam/Documents/Projects/mSigLIP/code/VN3K/imgs/HoGuom_01/01437_1.jpg,/Users/phamtunglam/Documents/Projects/mSigLIP/code/artifacts/deployment/qnn_inputs/vn3k_train_calib_2000/raw/00348_pid1436_HoGuom_01_01437_1.raw,297,728
349,1612,train,DHHN_HVBCVT_00/01613_00020010.jpg,/Users/phamtunglam/Documents/Projects/mSigLIP/code/VN3K/imgs/DHHN_HVBCVT_00/01613_00020010.jpg,/Users/phamtunglam/Documents/Projects/mSigLIP/code/artifacts/deployment/qnn_inputs/vn3k_train_calib_2000/raw/00349_pid1612_DHHN_HVBCVT_00_01613_00020010.raw,115,356
350,976,train,HoGuom_01/00977_00006390.jpg,/Users/phamtunglam/Documents/Projects/mSigLIP/code/VN3K/imgs/HoGuom_01/00977_00006390.jpg,/Users/phamtunglam/Documents/Projects/mSigLIP/code/artifacts/deployment/qnn_inputs/vn3k_train_calib_2000/raw/00350_pid976_HoGuom_01_00977_00006390.raw,64,227
351,1061,train,HoGuom_01/01062_00001080.jpg,/Users/phamtunglam/Documents/Projects/mSigLIP/code/VN3K/imgs/HoGuom_01/01062_00001080.jpg,/Users/phamtunglam/Documents/Projects/mSigLIP/code/artifacts/deployment/qnn_inputs/vn3k_train_calib_2000/raw/00351_pid1061_HoGuom_01_01062_00001080.raw,196,499
352,552,train,HoGuom_00/00553_00004205.jpg,/Users/phamtunglam/Documents/Projects/mSigLIP/code/VN3K/imgs/HoGuom_00/00553_00004205.jpg,/Users/phamtunglam/Documents/Projects/mSigLIP/code/artifacts/deployment/qnn_inputs/vn3k_train_calib_2000/raw/00352_pid552_HoGuom_00_00553_00004205.raw,75,128
353,528,train,HoGuom_00/00529_00003045.jpg,/Users/phamtunglam/Documents/Projects/mSigLIP/code/VN3K/imgs/HoGuom_00/00529_00003045.jpg,/Users/phamtunglam/Documents/Projects/mSigLIP/code/artifacts/deployment/qnn_inputs/vn3k_train_calib_2000/raw/00353_pid528_HoGuom_00_00529_00003045.raw,205,532
354,1056,train,HoGuom_01/01057_00000570.jpg,/Users/phamtunglam/Documents/Projects/mSigLIP/code/VN3K/imgs/HoGuom_01/01057_00000570.jpg,/Users/phamtunglam/Documents/Projects/mSigLIP/code/artifacts/deployment/qnn_inputs/vn3k_train_calib_2000/raw/00354_pid1056_HoGuom_01_01057_00000570.raw,136,333
355,531,train,HoGuom_00/00532_00002995.jpg,/Users/phamtunglam/Documents/Projects/mSigLIP/code/VN3K/imgs/HoGuom_00/00532_00002995.jpg,/Users/phamtunglam/Documents/Projects/mSigLIP/code/artifacts/deployment/qnn_inputs/vn3k_train_calib_2000/raw/00355_pid531_HoGuom_00_00532_00002995.raw,85,251
356,63,train,TRAINNING_DATA/Person64/output_6.jpg,/Users/phamtunglam/Documents/Projects/mSigLIP/code/VN3K/imgs/TRAINNING_DATA/Person64/output_6.jpg,/Users/phamtunglam/Documents/Projects/mSigLIP/code/artifacts/deployment/qnn_inputs/vn3k_train_calib_2000/raw/00356_pid63_TRAINNING_DATA_Person64_output_6.raw,174,354
357,1956,train,DHGTVT_00/01957_00014570.jpg,/Users/phamtunglam/Documents/Projects/mSigLIP/code/VN3K/imgs/DHGTVT_00/01957_00014570.jpg,/Users/phamtunglam/Documents/Projects/mSigLIP/code/artifacts/deployment/qnn_inputs/vn3k_train_calib_2000/raw/00357_pid1956_DHGTVT_00_01957_00014570.raw,73,191
358,598,train,HoGuom_00/00599_00006405.jpg,/Users/phamtunglam/Documents/Projects/mSigLIP/code/VN3K/imgs/HoGuom_00/00599_00006405.jpg,/Users/phamtunglam/Documents/Projects/mSigLIP/code/artifacts/deployment/qnn_inputs/vn3k_train_calib_2000/raw/00358_pid598_HoGuom_00_00599_00006405.raw,157,288
359,756,train,HoGuom_00/00757_00012580.jpg,/Users/phamtunglam/Documents/Projects/mSigLIP/code/VN3K/imgs/HoGuom_00/00757_00012580.jpg,/Users/phamtunglam/Documents/Projects/mSigLIP/code/artifacts/deployment/qnn_inputs/vn3k_train_calib_2000/raw/00359_pid756_HoGuom_00_00757_00012580.raw,83,251
360,834,train,HoGuom_01/00835_00007695.jpg,/Users/phamtunglam/Documents/Projects/mSigLIP/code/VN3K/imgs/HoGuom_01/00835_00007695.jpg,/Users/phamtunglam/Documents/Projects/mSigLIP/code/artifacts/deployment/qnn_inputs/vn3k_train_calib_2000/raw/00360_pid834_HoGuom_01_00835_00007695.raw,81,201
361,1629,train,DHHN_HVBCVT_00/01630_00029880.jpg,/Users/phamtunglam/Documents/Projects/mSigLIP/code/VN3K/imgs/DHHN_HVBCVT_00/01630_00029880.jpg,/Users/phamtunglam/Documents/Projects/mSigLIP/code/artifacts/deployment/qnn_inputs/vn3k_train_calib_2000/raw/00361_pid1629_DHHN_HVBCVT_00_01630_00029880.raw,70,165
362,491,train,HoGuom_00/00492_00018270.jpg,/Users/phamtunglam/Documents/Projects/mSigLIP/code/VN3K/imgs/HoGuom_00/00492_00018270.jpg,/Users/phamtunglam/Documents/Projects/mSigLIP/code/artifacts/deployment/qnn_inputs/vn3k_train_calib_2000/raw/00362_pid491_HoGuom_00_00492_00018270.raw,80,251
363,1292,train,HoGuom_01/01293_00004620.jpg,/Users/phamtunglam/Documents/Projects/mSigLIP/code/VN3K/imgs/HoGuom_01/01293_00004620.jpg,/Users/phamtunglam/Documents/Projects/mSigLIP/code/artifacts/deployment/qnn_inputs/vn3k_train_calib_2000/raw/00363_pid1292_HoGuom_01_01293_00004620.raw,84,235
364,321,train,HoGuom_00/00322_00010480.jpg,/Users/phamtunglam/Documents/Projects/mSigLIP/code/VN3K/imgs/HoGuom_00/00322_00010480.jpg,/Users/phamtunglam/Documents/Projects/mSigLIP/code/artifacts/deployment/qnn_inputs/vn3k_train_calib_2000/raw/00364_pid321_HoGuom_00_00322_00010480.raw,101,227
365,202,train,HoGuom_00/00203_00004935.jpg,/Users/phamtunglam/Documents/Projects/mSigLIP/code/VN3K/imgs/HoGuom_00/00203_00004935.jpg,/Users/phamtunglam/Documents/Projects/mSigLIP/code/artifacts/deployment/qnn_inputs/vn3k_train_calib_2000/raw/00365_pid202_HoGuom_00_00203_00004935.raw,88,314
366,936,train,HoGuom_01/00937_00000015.jpg,/Users/phamtunglam/Documents/Projects/mSigLIP/code/VN3K/imgs/HoGuom_01/00937_00000015.jpg,/Users/phamtunglam/Documents/Projects/mSigLIP/code/artifacts/deployment/qnn_inputs/vn3k_train_calib_2000/raw/00366_pid936_HoGuom_01_00937_00000015.raw,104,253
367,818,train,HoGuom_01/00819_00004125.jpg,/Users/phamtunglam/Documents/Projects/mSigLIP/code/VN3K/imgs/HoGuom_01/00819_00004125.jpg,/Users/phamtunglam/Documents/Projects/mSigLIP/code/artifacts/deployment/qnn_inputs/vn3k_train_calib_2000/raw/00367_pid818_HoGuom_01_00819_00004125.raw,170,500
368,284,train,HoGuom_00/00285_00009215.jpg,/Users/phamtunglam/Documents/Projects/mSigLIP/code/VN3K/imgs/HoGuom_00/00285_00009215.jpg,/Users/phamtunglam/Documents/Projects/mSigLIP/code/artifacts/deployment/qnn_inputs/vn3k_train_calib_2000/raw/00368_pid284_HoGuom_00_00285_00009215.raw,85,341
369,28,train,TRAINNING_DATA/Person29/output_9.jpg,/Users/phamtunglam/Documents/Projects/mSigLIP/code/VN3K/imgs/TRAINNING_DATA/Person29/output_9.jpg,/Users/phamtunglam/Documents/Projects/mSigLIP/code/artifacts/deployment/qnn_inputs/vn3k_train_calib_2000/raw/00369_pid28_TRAINNING_DATA_Person29_output_9.raw,102,300
370,525,train,HoGuom_00/00526_00002750.jpg,/Users/phamtunglam/Documents/Projects/mSigLIP/code/VN3K/imgs/HoGuom_00/00526_00002750.jpg,/Users/phamtunglam/Documents/Projects/mSigLIP/code/artifacts/deployment/qnn_inputs/vn3k_train_calib_2000/raw/00370_pid525_HoGuom_00_00526_00002750.raw,214,305
371,1446,train,HoGuom_01/01447_2.jpg,/Users/phamtunglam/Documents/Projects/mSigLIP/code/VN3K/imgs/HoGuom_01/01447_2.jpg,/Users/phamtunglam/Documents/Projects/mSigLIP/code/artifacts/deployment/qnn_inputs/vn3k_train_calib_2000/raw/00371_pid1446_HoGuom_01_01447_2.raw,219,586
372,1541,train,DHHN_HVBCVT_00/01542_00001860.jpg,/Users/phamtunglam/Documents/Projects/mSigLIP/code/VN3K/imgs/DHHN_HVBCVT_00/01542_00001860.jpg,/Users/phamtunglam/Documents/Projects/mSigLIP/code/artifacts/deployment/qnn_inputs/vn3k_train_calib_2000/raw/00372_pid1541_DHHN_HVBCVT_00_01542_00001860.raw,93,226
373,642,train,HoGuom_00/00643_00007840.jpg,/Users/phamtunglam/Documents/Projects/mSigLIP/code/VN3K/imgs/HoGuom_00/00643_00007840.jpg,/Users/phamtunglam/Documents/Projects/mSigLIP/code/artifacts/deployment/qnn_inputs/vn3k_train_calib_2000/raw/00373_pid642_HoGuom_00_00643_00007840.raw,129,409
374,1514,train,DHHN_HVBCVT_00/01515_00002670.jpg,/Users/phamtunglam/Documents/Projects/mSigLIP/code/VN3K/imgs/DHHN_HVBCVT_00/01515_00002670.jpg,/Users/phamtunglam/Documents/Projects/mSigLIP/code/artifacts/deployment/qnn_inputs/vn3k_train_calib_2000/raw/00374_pid1514_DHHN_HVBCVT_00_01515_00002670.raw,268,907
375,1826,train,DHHN_HVBCVT_00/01827_00025305.jpg,/Users/phamtunglam/Documents/Projects/mSigLIP/code/VN3K/imgs/DHHN_HVBCVT_00/01827_00025305.jpg,/Users/phamtunglam/Documents/Projects/mSigLIP/code/artifacts/deployment/qnn_inputs/vn3k_train_calib_2000/raw/00375_pid1826_DHHN_HVBCVT_00_01827_00025305.raw,130,346
376,1614,train,DHHN_HVBCVT_00/01615_00019935.jpg,/Users/phamtunglam/Documents/Projects/mSigLIP/code/VN3K/imgs/DHHN_HVBCVT_00/01615_00019935.jpg,/Users/phamtunglam/Documents/Projects/mSigLIP/code/artifacts/deployment/qnn_inputs/vn3k_train_calib_2000/raw/00376_pid1614_DHHN_HVBCVT_00_01615_00019935.raw,94,297
377,1196,train,HoGuom_01/01197_00002190.jpg,/Users/phamtunglam/Documents/Projects/mSigLIP/code/VN3K/imgs/HoGuom_01/01197_00002190.jpg,/Users/phamtunglam/Documents/Projects/mSigLIP/code/artifacts/deployment/qnn_inputs/vn3k_train_calib_2000/raw/00377_pid1196_HoGuom_01_01197_00002190.raw,106,301
378,1539,train,DHHN_HVBCVT_00/01540_00004620.jpg,/Users/phamtunglam/Documents/Projects/mSigLIP/code/VN3K/imgs/DHHN_HVBCVT_00/01540_00004620.jpg,/Users/phamtunglam/Documents/Projects/mSigLIP/code/artifacts/deployment/qnn_inputs/vn3k_train_calib_2000/raw/00378_pid1539_DHHN_HVBCVT_00_01540_00004620.raw,64,108
379,465,train,HoGuom_00/00466_00016385.jpg,/Users/phamtunglam/Documents/Projects/mSigLIP/code/VN3K/imgs/HoGuom_00/00466_00016385.jpg,/Users/phamtunglam/Documents/Projects/mSigLIP/code/artifacts/deployment/qnn_inputs/vn3k_train_calib_2000/raw/00379_pid465_HoGuom_00_00466_00016385.raw,215,589
380,1813,train,DHHN_HVBCVT_00/01814_00013995.jpg,/Users/phamtunglam/Documents/Projects/mSigLIP/code/VN3K/imgs/DHHN_HVBCVT_00/01814_00013995.jpg,/Users/phamtunglam/Documents/Projects/mSigLIP/code/artifacts/deployment/qnn_inputs/vn3k_train_calib_2000/raw/00380_pid1813_DHHN_HVBCVT_00_01814_00013995.raw,150,360
381,1840,train,HoGuom_00/01841_00011250.jpg,/Users/phamtunglam/Documents/Projects/mSigLIP/code/VN3K/imgs/HoGuom_00/01841_00011250.jpg,/Users/phamtunglam/Documents/Projects/mSigLIP/code/artifacts/deployment/qnn_inputs/vn3k_train_calib_2000/raw/00381_pid1840_HoGuom_00_01841_00011250.raw,86,275
382,258,train,HoGuom_00/00259_00008455.jpg,/Users/phamtunglam/Documents/Projects/mSigLIP/code/VN3K/imgs/HoGuom_00/00259_00008455.jpg,/Users/phamtunglam/Documents/Projects/mSigLIP/code/artifacts/deployment/qnn_inputs/vn3k_train_calib_2000/raw/00382_pid258_HoGuom_00_00259_00008455.raw,80,174
383,786,train,HoGuom_01/00787_00001155.jpg,/Users/phamtunglam/Documents/Projects/mSigLIP/code/VN3K/imgs/HoGuom_01/00787_00001155.jpg,/Users/phamtunglam/Documents/Projects/mSigLIP/code/artifacts/deployment/qnn_inputs/vn3k_train_calib_2000/raw/00383_pid786_HoGuom_01_00787_00001155.raw,121,286
384,1848,train,HoGuom_01/01000_00000960.jpg,/Users/phamtunglam/Documents/Projects/mSigLIP/code/VN3K/imgs/HoGuom_01/01000_00000960.jpg,/Users/phamtunglam/Documents/Projects/mSigLIP/code/artifacts/deployment/qnn_inputs/vn3k_train_calib_2000/raw/00384_pid1848_HoGuom_01_01000_00000960.raw,142,394
385,1259,train,HoGuom_01/01260_00007605.jpg,/Users/phamtunglam/Documents/Projects/mSigLIP/code/VN3K/imgs/HoGuom_01/01260_00007605.jpg,/Users/phamtunglam/Documents/Projects/mSigLIP/code/artifacts/deployment/qnn_inputs/vn3k_train_calib_2000/raw/00385_pid1259_HoGuom_01_01260_00007605.raw,144,262
386,895,train,HoGuom_01/00896_00014130.jpg,/Users/phamtunglam/Documents/Projects/mSigLIP/code/VN3K/imgs/HoGuom_01/00896_00014130.jpg,/Users/phamtunglam/Documents/Projects/mSigLIP/code/artifacts/deployment/qnn_inputs/vn3k_train_calib_2000/raw/00386_pid895_HoGuom_01_00896_00014130.raw,146,288
387,28,train,TEST_DATA/Person29.2/output_12.jpg,/Users/phamtunglam/Documents/Projects/mSigLIP/code/VN3K/imgs/TEST_DATA/Person29.2/output_12.jpg,/Users/phamtunglam/Documents/Projects/mSigLIP/code/artifacts/deployment/qnn_inputs/vn3k_train_calib_2000/raw/00387_pid28_TEST_DATA_Person29.2_output_12.raw,139,333
388,1289,train,HoGuom_01/01290_00008805.jpg,/Users/phamtunglam/Documents/Projects/mSigLIP/code/VN3K/imgs/HoGuom_01/01290_00008805.jpg,/Users/phamtunglam/Documents/Projects/mSigLIP/code/artifacts/deployment/qnn_inputs/vn3k_train_calib_2000/raw/00388_pid1289_HoGuom_01_01290_00008805.raw,310,644
389,1996,train,TamChuc_01/01997_2.jpg,/Users/phamtunglam/Documents/Projects/mSigLIP/code/VN3K/imgs/TamChuc_01/01997_2.jpg,/Users/phamtunglam/Documents/Projects/mSigLIP/code/artifacts/deployment/qnn_inputs/vn3k_train_calib_2000/raw/00389_pid1996_TamChuc_01_01997_2.raw,110,369
390,721,train,HoGuom_00/00722_00011700.jpg,/Users/phamtunglam/Documents/Projects/mSigLIP/code/VN3K/imgs/HoGuom_00/00722_00011700.jpg,/Users/phamtunglam/Documents/Projects/mSigLIP/code/artifacts/deployment/qnn_inputs/vn3k_train_calib_2000/raw/00390_pid721_HoGuom_00_00722_00011700.raw,74,113
391,1148,train,HoGuom_01/01149_00000015.jpg,/Users/phamtunglam/Documents/Projects/mSigLIP/code/VN3K/imgs/HoGuom_01/01149_00000015.jpg,/Users/phamtunglam/Documents/Projects/mSigLIP/code/artifacts/deployment/qnn_inputs/vn3k_train_calib_2000/raw/00391_pid1148_HoGuom_01_01149_00000015.raw,123,310
392,405,train,HoGuom_00/00406_00013850.jpg,/Users/phamtunglam/Documents/Projects/mSigLIP/code/VN3K/imgs/HoGuom_00/00406_00013850.jpg,/Users/phamtunglam/Documents/Projects/mSigLIP/code/artifacts/deployment/qnn_inputs/vn3k_train_calib_2000/raw/00392_pid405_HoGuom_00_00406_00013850.raw,167,486
393,45,train,TEST_DATA/Person46.2/output_2.jpg,/Users/phamtunglam/Documents/Projects/mSigLIP/code/VN3K/imgs/TEST_DATA/Person46.2/output_2.jpg,/Users/phamtunglam/Documents/Projects/mSigLIP/code/artifacts/deployment/qnn_inputs/vn3k_train_calib_2000/raw/00393_pid45_TEST_DATA_Person46.2_output_2.raw,81,209
394,1573,train,DHHN_HVBCVT_00/01574_00004395.jpg,/Users/phamtunglam/Documents/Projects/mSigLIP/code/VN3K/imgs/DHHN_HVBCVT_00/01574_00004395.jpg,/Users/phamtunglam/Documents/Projects/mSigLIP/code/artifacts/deployment/qnn_inputs/vn3k_train_calib_2000/raw/00394_pid1573_DHHN_HVBCVT_00_01574_00004395.raw,80,230
395,820,train,HoGuom_01/00821_00004560.jpg,/Users/phamtunglam/Documents/Projects/mSigLIP/code/VN3K/imgs/HoGuom_01/00821_00004560.jpg,/Users/phamtunglam/Documents/Projects/mSigLIP/code/artifacts/deployment/qnn_inputs/vn3k_train_calib_2000/raw/00395_pid820_HoGuom_01_00821_00004560.raw,120,332
396,57,train,TRAINNING_DATA/Person58/output_9.jpg,/Users/phamtunglam/Documents/Projects/mSigLIP/code/VN3K/imgs/TRAINNING_DATA/Person58/output_9.jpg,/Users/phamtunglam/Documents/Projects/mSigLIP/code/artifacts/deployment/qnn_inputs/vn3k_train_calib_2000/raw/00396_pid57_TRAINNING_DATA_Person58_output_9.raw,137,311
397,0,train,TRAINNING_DATA/Person1/output_6.jpg,/Users/phamtunglam/Documents/Projects/mSigLIP/code/VN3K/imgs/TRAINNING_DATA/Person1/output_6.jpg,/Users/phamtunglam/Documents/Projects/mSigLIP/code/artifacts/deployment/qnn_inputs/vn3k_train_calib_2000/raw/00397_pid0_TRAINNING_DATA_Person1_output_6.raw,121,356
398,790,train,HoGuom_01/00791_00001845.jpg,/Users/phamtunglam/Documents/Projects/mSigLIP/code/VN3K/imgs/HoGuom_01/00791_00001845.jpg,/Users/phamtunglam/Documents/Projects/mSigLIP/code/artifacts/deployment/qnn_inputs/vn3k_train_calib_2000/raw/00398_pid790_HoGuom_01_00791_00001845.raw,76,182
399,1173,train,HoGuom_01/01174_00000825.jpg,/Users/phamtunglam/Documents/Projects/mSigLIP/code/VN3K/imgs/HoGuom_01/01174_00000825.jpg,/Users/phamtunglam/Documents/Projects/mSigLIP/code/artifacts/deployment/qnn_inputs/vn3k_train_calib_2000/raw/00399_pid1173_HoGuom_01_01174_00000825.raw,82,208
400,1924,train,DHGTVT_00/01925_00010210.jpg,/Users/phamtunglam/Documents/Projects/mSigLIP/code/VN3K/imgs/DHGTVT_00/01925_00010210.jpg,/Users/phamtunglam/Documents/Projects/mSigLIP/code/artifacts/deployment/qnn_inputs/vn3k_train_calib_2000/raw/00400_pid1924_DHGTVT_00_01925_00010210.raw,82,221
401,623,train,HoGuom_00/00624_00007340.jpg,/Users/phamtunglam/Documents/Projects/mSigLIP/code/VN3K/imgs/HoGuom_00/00624_00007340.jpg,/Users/phamtunglam/Documents/Projects/mSigLIP/code/artifacts/deployment/qnn_inputs/vn3k_train_calib_2000/raw/00401_pid623_HoGuom_00_00624_00007340.raw,122,267
402,856,train,HoGuom_01/00857_00010410.jpg,/Users/phamtunglam/Documents/Projects/mSigLIP/code/VN3K/imgs/HoGuom_01/00857_00010410.jpg,/Users/phamtunglam/Documents/Projects/mSigLIP/code/artifacts/deployment/qnn_inputs/vn3k_train_calib_2000/raw/00402_pid856_HoGuom_01_00857_00010410.raw,126,345
403,53,train,TEST_DATA/Person54.2/output_6.jpg,/Users/phamtunglam/Documents/Projects/mSigLIP/code/VN3K/imgs/TEST_DATA/Person54.2/output_6.jpg,/Users/phamtunglam/Documents/Projects/mSigLIP/code/artifacts/deployment/qnn_inputs/vn3k_train_calib_2000/raw/00403_pid53_TEST_DATA_Person54.2_output_6.raw,77,261
404,399,train,HoGuom_00/00400_00013555.jpg,/Users/phamtunglam/Documents/Projects/mSigLIP/code/VN3K/imgs/HoGuom_00/00400_00013555.jpg,/Users/phamtunglam/Documents/Projects/mSigLIP/code/artifacts/deployment/qnn_inputs/vn3k_train_calib_2000/raw/00404_pid399_HoGuom_00_00400_00013555.raw,86,232
405,248,train,HoGuom_00/00249_00007850.jpg,/Users/phamtunglam/Documents/Projects/mSigLIP/code/VN3K/imgs/HoGuom_00/00249_00007850.jpg,/Users/phamtunglam/Documents/Projects/mSigLIP/code/artifacts/deployment/qnn_inputs/vn3k_train_calib_2000/raw/00405_pid248_HoGuom_00_00249_00007850.raw,85,214
406,720,train,HoGuom_00/00721_00011295.jpg,/Users/phamtunglam/Documents/Projects/mSigLIP/code/VN3K/imgs/HoGuom_00/00721_00011295.jpg,/Users/phamtunglam/Documents/Projects/mSigLIP/code/artifacts/deployment/qnn_inputs/vn3k_train_calib_2000/raw/00406_pid720_HoGuom_00_00721_00011295.raw,107,279
407,866,train,HoGuom_01/00867_00010770.jpg,/Users/phamtunglam/Documents/Projects/mSigLIP/code/VN3K/imgs/HoGuom_01/00867_00010770.jpg,/Users/phamtunglam/Documents/Projects/mSigLIP/code/artifacts/deployment/qnn_inputs/vn3k_train_calib_2000/raw/00407_pid866_HoGuom_01_00867_00010770.raw,131,272
408,1813,train,DHHN_HVBCVT_00/01814_00013860.jpg,/Users/phamtunglam/Documents/Projects/mSigLIP/code/VN3K/imgs/DHHN_HVBCVT_00/01814_00013860.jpg,/Users/phamtunglam/Documents/Projects/mSigLIP/code/artifacts/deployment/qnn_inputs/vn3k_train_calib_2000/raw/00408_pid1813_DHHN_HVBCVT_00_01814_00013860.raw,72,207
409,761,train,HoGuom_00/00762_00012985.jpg,/Users/phamtunglam/Documents/Projects/mSigLIP/code/VN3K/imgs/HoGuom_00/00762_00012985.jpg,/Users/phamtunglam/Documents/Projects/mSigLIP/code/artifacts/deployment/qnn_inputs/vn3k_train_calib_2000/raw/00409_pid761_HoGuom_00_00762_00012985.raw,99,214
410,1445,train,HoGuom_01/01446_2.jpg,/Users/phamtunglam/Documents/Projects/mSigLIP/code/VN3K/imgs/HoGuom_01/01446_2.jpg,/Users/phamtunglam/Documents/Projects/mSigLIP/code/artifacts/deployment/qnn_inputs/vn3k_train_calib_2000/raw/00410_pid1445_HoGuom_01_01446_2.raw,159,434
411,334,train,HoGuom_00/00335_00010785.jpg,/Users/phamtunglam/Documents/Projects/mSigLIP/code/VN3K/imgs/HoGuom_00/00335_00010785.jpg,/Users/phamtunglam/Documents/Projects/mSigLIP/code/artifacts/deployment/qnn_inputs/vn3k_train_calib_2000/raw/00411_pid334_HoGuom_00_00335_00010785.raw,111,235
412,887,train,HoGuom_01/00888_00013710.jpg,/Users/phamtunglam/Documents/Projects/mSigLIP/code/VN3K/imgs/HoGuom_01/00888_00013710.jpg,/Users/phamtunglam/Documents/Projects/mSigLIP/code/artifacts/deployment/qnn_inputs/vn3k_train_calib_2000/raw/00412_pid887_HoGuom_01_00888_00013710.raw,103,332
413,1482,train,HoGuom_01/01483_2.jpg,/Users/phamtunglam/Documents/Projects/mSigLIP/code/VN3K/imgs/HoGuom_01/01483_2.jpg,/Users/phamtunglam/Documents/Projects/mSigLIP/code/artifacts/deployment/qnn_inputs/vn3k_train_calib_2000/raw/00413_pid1482_HoGuom_01_01483_2.raw,188,458
414,914,train,HoGuom_01/00915_00005340.jpg,/Users/phamtunglam/Documents/Projects/mSigLIP/code/VN3K/imgs/HoGuom_01/00915_00005340.jpg,/Users/phamtunglam/Documents/Projects/mSigLIP/code/artifacts/deployment/qnn_inputs/vn3k_train_calib_2000/raw/00414_pid914_HoGuom_01_00915_00005340.raw,183,533
415,1744,train,DHHN_HVBCVT_00/01745_00015540.jpg,/Users/phamtunglam/Documents/Projects/mSigLIP/code/VN3K/imgs/DHHN_HVBCVT_00/01745_00015540.jpg,/Users/phamtunglam/Documents/Projects/mSigLIP/code/artifacts/deployment/qnn_inputs/vn3k_train_calib_2000/raw/00415_pid1744_DHHN_HVBCVT_00_01745_00015540.raw,66,195
416,157,train,HoGuom_00/00158_00003620.jpg,/Users/phamtunglam/Documents/Projects/mSigLIP/code/VN3K/imgs/HoGuom_00/00158_00003620.jpg,/Users/phamtunglam/Documents/Projects/mSigLIP/code/artifacts/deployment/qnn_inputs/vn3k_train_calib_2000/raw/00416_pid157_HoGuom_00_00158_00003620.raw,189,662
417,1718,train,DHHN_HVBCVT_00/01719_00010755.jpg,/Users/phamtunglam/Documents/Projects/mSigLIP/code/VN3K/imgs/DHHN_HVBCVT_00/01719_00010755.jpg,/Users/phamtunglam/Documents/Projects/mSigLIP/code/artifacts/deployment/qnn_inputs/vn3k_train_calib_2000/raw/00417_pid1718_DHHN_HVBCVT_00_01719_00010755.raw,116,283
418,1072,train,HoGuom_01/01073_00002040.jpg,/Users/phamtunglam/Documents/Projects/mSigLIP/code/VN3K/imgs/HoGuom_01/01073_00002040.jpg,/Users/phamtunglam/Documents/Projects/mSigLIP/code/artifacts/deployment/qnn_inputs/vn3k_train_calib_2000/raw/00418_pid1072_HoGuom_01_01073_00002040.raw,231,579
419,1943,train,DHGTVT_00/01944_00011200.jpg,/Users/phamtunglam/Documents/Projects/mSigLIP/code/VN3K/imgs/DHGTVT_00/01944_00011200.jpg,/Users/phamtunglam/Documents/Projects/mSigLIP/code/artifacts/deployment/qnn_inputs/vn3k_train_calib_2000/raw/00419_pid1943_DHGTVT_00_01944_00011200.raw,82,234
420,940,train,HoGuom_01/00941_00000270.jpg,/Users/phamtunglam/Documents/Projects/mSigLIP/code/VN3K/imgs/HoGuom_01/00941_00000270.jpg,/Users/phamtunglam/Documents/Projects/mSigLIP/code/artifacts/deployment/qnn_inputs/vn3k_train_calib_2000/raw/00420_pid940_HoGuom_01_00941_00000270.raw,91,229
421,1111,train,HoGuom_01/01112_00001365.jpg,/Users/phamtunglam/Documents/Projects/mSigLIP/code/VN3K/imgs/HoGuom_01/01112_00001365.jpg,/Users/phamtunglam/Documents/Projects/mSigLIP/code/artifacts/deployment/qnn_inputs/vn3k_train_calib_2000/raw/00421_pid1111_HoGuom_01_01112_00001365.raw,263,699
422,207,train,HoGuom_00/00208_00005665.jpg,/Users/phamtunglam/Documents/Projects/mSigLIP/code/VN3K/imgs/HoGuom_00/00208_00005665.jpg,/Users/phamtunglam/Documents/Projects/mSigLIP/code/artifacts/deployment/qnn_inputs/vn3k_train_calib_2000/raw/00422_pid207_HoGuom_00_00208_00005665.raw,177,588
423,431,train,HoGuom_00/00432_00014770.jpg,/Users/phamtunglam/Documents/Projects/mSigLIP/code/VN3K/imgs/HoGuom_00/00432_00014770.jpg,/Users/phamtunglam/Documents/Projects/mSigLIP/code/artifacts/deployment/qnn_inputs/vn3k_train_calib_2000/raw/00423_pid431_HoGuom_00_00432_00014770.raw,94,211
424,1180,train,HoGuom_01/01181_00002100.jpg,/Users/phamtunglam/Documents/Projects/mSigLIP/code/VN3K/imgs/HoGuom_01/01181_00002100.jpg,/Users/phamtunglam/Documents/Projects/mSigLIP/code/artifacts/deployment/qnn_inputs/vn3k_train_calib_2000/raw/00424_pid1180_HoGuom_01_01181_00002100.raw,197,438
425,31,train,TEST_DATA/Person32.2/output_2.jpg,/Users/phamtunglam/Documents/Projects/mSigLIP/code/VN3K/imgs/TEST_DATA/Person32.2/output_2.jpg,/Users/phamtunglam/Documents/Projects/mSigLIP/code/artifacts/deployment/qnn_inputs/vn3k_train_calib_2000/raw/00425_pid31_TEST_DATA_Person32.2_output_2.raw,72,221
426,1914,train,DHGTVT_00/01915_00008670.jpg,/Users/phamtunglam/Documents/Projects/mSigLIP/code/VN3K/imgs/DHGTVT_00/01915_00008670.jpg,/Users/phamtunglam/Documents/Projects/mSigLIP/code/artifacts/deployment/qnn_inputs/vn3k_train_calib_2000/raw/00426_pid1914_DHGTVT_00_01915_00008670.raw,115,255
427,1429,train,HoGuom_01/01430_2.jpg,/Users/phamtunglam/Documents/Projects/mSigLIP/code/VN3K/imgs/HoGuom_01/01430_2.jpg,/Users/phamtunglam/Documents/Projects/mSigLIP/code/artifacts/deployment/qnn_inputs/vn3k_train_calib_2000/raw/00427_pid1429_HoGuom_01_01430_2.raw,92,289
428,259,train,HoGuom_00/00260_00008735.jpg,/Users/phamtunglam/Documents/Projects/mSigLIP/code/VN3K/imgs/HoGuom_00/00260_00008735.jpg,/Users/phamtunglam/Documents/Projects/mSigLIP/code/artifacts/deployment/qnn_inputs/vn3k_train_calib_2000/raw/00428_pid259_HoGuom_00_00260_00008735.raw,166,465
429,1800,train,DHHN_HVBCVT_00/01801_00018010.jpg,/Users/phamtunglam/Documents/Projects/mSigLIP/code/VN3K/imgs/DHHN_HVBCVT_00/01801_00018010.jpg,/Users/phamtunglam/Documents/Projects/mSigLIP/code/artifacts/deployment/qnn_inputs/vn3k_train_calib_2000/raw/00429_pid1800_DHHN_HVBCVT_00_01801_00018010.raw,294,848
430,1609,train,DHHN_HVBCVT_00/01610_00019935.jpg,/Users/phamtunglam/Documents/Projects/mSigLIP/code/VN3K/imgs/DHHN_HVBCVT_00/01610_00019935.jpg,/Users/phamtunglam/Documents/Projects/mSigLIP/code/artifacts/deployment/qnn_inputs/vn3k_train_calib_2000/raw/00430_pid1609_DHHN_HVBCVT_00_01610_00019935.raw,124,319
431,1069,train,HoGuom_01/01070_00002115.jpg,/Users/phamtunglam/Documents/Projects/mSigLIP/code/VN3K/imgs/HoGuom_01/01070_00002115.jpg,/Users/phamtunglam/Documents/Projects/mSigLIP/code/artifacts/deployment/qnn_inputs/vn3k_train_calib_2000/raw/00431_pid1069_HoGuom_01_01070_00002115.raw,221,590
432,1751,train,DHHN_HVBCVT_00/01752_00014130.jpg,/Users/phamtunglam/Documents/Projects/mSigLIP/code/VN3K/imgs/DHHN_HVBCVT_00/01752_00014130.jpg,/Users/phamtunglam/Documents/Projects/mSigLIP/code/artifacts/deployment/qnn_inputs/vn3k_train_calib_2000/raw/00432_pid1751_DHHN_HVBCVT_00_01752_00014130.raw,150,362
433,1194,train,HoGuom_01/01195_00002550.jpg,/Users/phamtunglam/Documents/Projects/mSigLIP/code/VN3K/imgs/HoGuom_01/01195_00002550.jpg,/Users/phamtunglam/Documents/Projects/mSigLIP/code/artifacts/deployment/qnn_inputs/vn3k_train_calib_2000/raw/00433_pid1194_HoGuom_01_01195_00002550.raw,97,202
434,564,train,HoGuom_00/00565_00004780.jpg,/Users/phamtunglam/Documents/Projects/mSigLIP/code/VN3K/imgs/HoGuom_00/00565_00004780.jpg,/Users/phamtunglam/Documents/Projects/mSigLIP/code/artifacts/deployment/qnn_inputs/vn3k_train_calib_2000/raw/00434_pid564_HoGuom_00_00565_00004780.raw,102,260
435,3,train,TEST_DATA/Person4.2/output_9.jpg,/Users/phamtunglam/Documents/Projects/mSigLIP/code/VN3K/imgs/TEST_DATA/Person4.2/output_9.jpg,/Users/phamtunglam/Documents/Projects/mSigLIP/code/artifacts/deployment/qnn_inputs/vn3k_train_calib_2000/raw/00435_pid3_TEST_DATA_Person4.2_output_9.raw,117,278
436,492,train,HoGuom_00/00493_00018240.jpg,/Users/phamtunglam/Documents/Projects/mSigLIP/code/VN3K/imgs/HoGuom_00/00493_00018240.jpg,/Users/phamtunglam/Documents/Projects/mSigLIP/code/artifacts/deployment/qnn_inputs/vn3k_train_calib_2000/raw/00436_pid492_HoGuom_00_00493_00018240.raw,66,181
437,309,train,HoGuom_00/00310_00010170.jpg,/Users/phamtunglam/Documents/Projects/mSigLIP/code/VN3K/imgs/HoGuom_00/00310_00010170.jpg,/Users/phamtunglam/Documents/Projects/mSigLIP/code/artifacts/deployment/qnn_inputs/vn3k_train_calib_2000/raw/00437_pid309_HoGuom_00_00310_00010170.raw,137,280
438,1252,train,HoGuom_01/01253_00004395.jpg,/Users/phamtunglam/Documents/Projects/mSigLIP/code/VN3K/imgs/HoGuom_01/01253_00004395.jpg,/Users/phamtunglam/Documents/Projects/mSigLIP/code/artifacts/deployment/qnn_inputs/vn3k_train_calib_2000/raw/00438_pid1252_HoGuom_01_01253_00004395.raw,139,334
439,1064,train,HoGuom_01/01065_00001515.jpg,/Users/phamtunglam/Documents/Projects/mSigLIP/code/VN3K/imgs/HoGuom_01/01065_00001515.jpg,/Users/phamtunglam/Documents/Projects/mSigLIP/code/artifacts/deployment/qnn_inputs/vn3k_train_calib_2000/raw/00439_pid1064_HoGuom_01_01065_00001515.raw,233,603
440,1698,train,DHHN_HVBCVT_00/01699_00006390.jpg,/Users/phamtunglam/Documents/Projects/mSigLIP/code/VN3K/imgs/DHHN_HVBCVT_00/01699_00006390.jpg,/Users/phamtunglam/Documents/Projects/mSigLIP/code/artifacts/deployment/qnn_inputs/vn3k_train_calib_2000/raw/00440_pid1698_DHHN_HVBCVT_00_01699_00006390.raw,103,264
441,884,train,HoGuom_01/00885_00013470.jpg,/Users/phamtunglam/Documents/Projects/mSigLIP/code/VN3K/imgs/HoGuom_01/00885_00013470.jpg,/Users/phamtunglam/Documents/Projects/mSigLIP/code/artifacts/deployment/qnn_inputs/vn3k_train_calib_2000/raw/00441_pid884_HoGuom_01_00885_00013470.raw,100,217
442,602,train,HoGuom_00/00603_00006610.jpg,/Users/phamtunglam/Documents/Projects/mSigLIP/code/VN3K/imgs/HoGuom_00/00603_00006610.jpg,/Users/phamtunglam/Documents/Projects/mSigLIP/code/artifacts/deployment/qnn_inputs/vn3k_train_calib_2000/raw/00442_pid602_HoGuom_00_00603_00006610.raw,212,623
443,1550,train,DHHN_HVBCVT_00/01551_00000075.jpg,/Users/phamtunglam/Documents/Projects/mSigLIP/code/VN3K/imgs/DHHN_HVBCVT_00/01551_00000075.jpg,/Users/phamtunglam/Documents/Projects/mSigLIP/code/artifacts/deployment/qnn_inputs/vn3k_train_calib_2000/raw/00443_pid1550_DHHN_HVBCVT_00_01551_00000075.raw,68,169
444,1110,train,HoGuom_01/01111_00001470.jpg,/Users/phamtunglam/Documents/Projects/mSigLIP/code/VN3K/imgs/HoGuom_01/01111_00001470.jpg,/Users/phamtunglam/Documents/Projects/mSigLIP/code/artifacts/deployment/qnn_inputs/vn3k_train_calib_2000/raw/00444_pid1110_HoGuom_01_01111_00001470.raw,289,883
445,1450,train,HoGuom_01/01451_2.jpg,/Users/phamtunglam/Documents/Projects/mSigLIP/code/VN3K/imgs/HoGuom_01/01451_2.jpg,/Users/phamtunglam/Documents/Projects/mSigLIP/code/artifacts/deployment/qnn_inputs/vn3k_train_calib_2000/raw/00445_pid1450_HoGuom_01_01451_2.raw,313,684
446,1154,train,HoGuom_01/01155_00001980.jpg,/Users/phamtunglam/Documents/Projects/mSigLIP/code/VN3K/imgs/HoGuom_01/01155_00001980.jpg,/Users/phamtunglam/Documents/Projects/mSigLIP/code/artifacts/deployment/qnn_inputs/vn3k_train_calib_2000/raw/00446_pid1154_HoGuom_01_01155_00001980.raw,86,213
447,1715,train,DHHN_HVBCVT_00/01716_00009630.jpg,/Users/phamtunglam/Documents/Projects/mSigLIP/code/VN3K/imgs/DHHN_HVBCVT_00/01716_00009630.jpg,/Users/phamtunglam/Documents/Projects/mSigLIP/code/artifacts/deployment/qnn_inputs/vn3k_train_calib_2000/raw/00447_pid1715_DHHN_HVBCVT_00_01716_00009630.raw,189,477
448,421,train,HoGuom_00/00422_00014460.jpg,/Users/phamtunglam/Documents/Projects/mSigLIP/code/VN3K/imgs/HoGuom_00/00422_00014460.jpg,/Users/phamtunglam/Documents/Projects/mSigLIP/code/artifacts/deployment/qnn_inputs/vn3k_train_calib_2000/raw/00448_pid421_HoGuom_00_00422_00014460.raw,166,416
449,1195,train,HoGuom_01/01196_00002265.jpg,/Users/phamtunglam/Documents/Projects/mSigLIP/code/VN3K/imgs/HoGuom_01/01196_00002265.jpg,/Users/phamtunglam/Documents/Projects/mSigLIP/code/artifacts/deployment/qnn_inputs/vn3k_train_calib_2000/raw/00449_pid1195_HoGuom_01_01196_00002265.raw,179,475
450,518,train,HoGuom_00/00519_00002405.jpg,/Users/phamtunglam/Documents/Projects/mSigLIP/code/VN3K/imgs/HoGuom_00/00519_00002405.jpg,/Users/phamtunglam/Documents/Projects/mSigLIP/code/artifacts/deployment/qnn_inputs/vn3k_train_calib_2000/raw/00450_pid518_HoGuom_00_00519_00002405.raw,317,563
451,642,train,HoGuom_00/00643_00007760.jpg,/Users/phamtunglam/Documents/Projects/mSigLIP/code/VN3K/imgs/HoGuom_00/00643_00007760.jpg,/Users/phamtunglam/Documents/Projects/mSigLIP/code/artifacts/deployment/qnn_inputs/vn3k_train_calib_2000/raw/00451_pid642_HoGuom_00_00643_00007760.raw,72,244
452,265,train,HoGuom_00/00266_00008360.jpg,/Users/phamtunglam/Documents/Projects/mSigLIP/code/VN3K/imgs/HoGuom_00/00266_00008360.jpg,/Users/phamtunglam/Documents/Projects/mSigLIP/code/artifacts/deployment/qnn_inputs/vn3k_train_calib_2000/raw/00452_pid265_HoGuom_00_00266_00008360.raw,108,321
453,1241,train,HoGuom_01/01242_00004620.jpg,/Users/phamtunglam/Documents/Projects/mSigLIP/code/VN3K/imgs/HoGuom_01/01242_00004620.jpg,/Users/phamtunglam/Documents/Projects/mSigLIP/code/artifacts/deployment/qnn_inputs/vn3k_train_calib_2000/raw/00453_pid1241_HoGuom_01_01242_00004620.raw,72,219
454,1317,train,HoGuom_01/01318_00008355.jpg,/Users/phamtunglam/Documents/Projects/mSigLIP/code/VN3K/imgs/HoGuom_01/01318_00008355.jpg,/Users/phamtunglam/Documents/Projects/mSigLIP/code/artifacts/deployment/qnn_inputs/vn3k_train_calib_2000/raw/00454_pid1317_HoGuom_01_01318_00008355.raw,154,386
455,780,train,HoGuom_01/00781_00000975.jpg,/Users/phamtunglam/Documents/Projects/mSigLIP/code/VN3K/imgs/HoGuom_01/00781_00000975.jpg,/Users/phamtunglam/Documents/Projects/mSigLIP/code/artifacts/deployment/qnn_inputs/vn3k_train_calib_2000/raw/00455_pid780_HoGuom_01_00781_00000975.raw,82,222
456,924,train,HoGuom_01/00925_00002955.jpg,/Users/phamtunglam/Documents/Projects/mSigLIP/code/VN3K/imgs/HoGuom_01/00925_00002955.jpg,/Users/phamtunglam/Documents/Projects/mSigLIP/code/artifacts/deployment/qnn_inputs/vn3k_train_calib_2000/raw/00456_pid924_HoGuom_01_00925_00002955.raw,111,303
457,414,train,HoGuom_00/00415_00014200.jpg,/Users/phamtunglam/Documents/Projects/mSigLIP/code/VN3K/imgs/HoGuom_00/00415_00014200.jpg,/Users/phamtunglam/Documents/Projects/mSigLIP/code/artifacts/deployment/qnn_inputs/vn3k_train_calib_2000/raw/00457_pid414_HoGuom_00_00415_00014200.raw,72,180
458,1293,train,HoGuom_01/01294_00008820.jpg,/Users/phamtunglam/Documents/Projects/mSigLIP/code/VN3K/imgs/HoGuom_01/01294_00008820.jpg,/Users/phamtunglam/Documents/Projects/mSigLIP/code/artifacts/deployment/qnn_inputs/vn3k_train_calib_2000/raw/00458_pid1293_HoGuom_01_01294_00008820.raw,64,181
459,153,train,HoGuom_00/00154_00003525.jpg,/Users/phamtunglam/Documents/Projects/mSigLIP/code/VN3K/imgs/HoGuom_00/00154_00003525.jpg,/Users/phamtunglam/Documents/Projects/mSigLIP/code/artifacts/deployment/qnn_inputs/vn3k_train_calib_2000/raw/00459_pid153_HoGuom_00_00154_00003525.raw,196,540
460,1442,train,HoGuom_01/01443_2.jpg,/Users/phamtunglam/Documents/Projects/mSigLIP/code/VN3K/imgs/HoGuom_01/01443_2.jpg,/Users/phamtunglam/Documents/Projects/mSigLIP/code/artifacts/deployment/qnn_inputs/vn3k_train_calib_2000/raw/00460_pid1442_HoGuom_01_01443_2.raw,267,758
461,1969,train,DHGTVT_00/01970_00026650.jpg,/Users/phamtunglam/Documents/Projects/mSigLIP/code/VN3K/imgs/DHGTVT_00/01970_00026650.jpg,/Users/phamtunglam/Documents/Projects/mSigLIP/code/artifacts/deployment/qnn_inputs/vn3k_train_calib_2000/raw/00461_pid1969_DHGTVT_00_01970_00026650.raw,96,271
462,798,train,HoGuom_01/00799_00002250.jpg,/Users/phamtunglam/Documents/Projects/mSigLIP/code/VN3K/imgs/HoGuom_01/00799_00002250.jpg,/Users/phamtunglam/Documents/Projects/mSigLIP/code/artifacts/deployment/qnn_inputs/vn3k_train_calib_2000/raw/00462_pid798_HoGuom_01_00799_00002250.raw,128,350
463,1676,train,DHHN_HVBCVT_00/01677_00053940.jpg,/Users/phamtunglam/Documents/Projects/mSigLIP/code/VN3K/imgs/DHHN_HVBCVT_00/01677_00053940.jpg,/Users/phamtunglam/Documents/Projects/mSigLIP/code/artifacts/deployment/qnn_inputs/vn3k_train_calib_2000/raw/00463_pid1676_DHHN_HVBCVT_00_01677_00053940.raw,64,156
464,1600,train,DHHN_HVBCVT_00/01601_00013515.jpg,/Users/phamtunglam/Documents/Projects/mSigLIP/code/VN3K/imgs/DHHN_HVBCVT_00/01601_00013515.jpg,/Users/phamtunglam/Documents/Projects/mSigLIP/code/artifacts/deployment/qnn_inputs/vn3k_train_calib_2000/raw/00464_pid1600_DHHN_HVBCVT_00_01601_00013515.raw,86,195
465,1203,train,HoGuom_01/01204_00004695.jpg,/Users/phamtunglam/Documents/Projects/mSigLIP/code/VN3K/imgs/HoGuom_01/01204_00004695.jpg,/Users/phamtunglam/Documents/Projects/mSigLIP/code/artifacts/deployment/qnn_inputs/vn3k_train_calib_2000/raw/00465_pid1203_HoGuom_01_01204_00004695.raw,83,188
466,1550,train,DHHN_HVBCVT_00/01551_00003795.jpg,/Users/phamtunglam/Documents/Projects/mSigLIP/code/VN3K/imgs/DHHN_HVBCVT_00/01551_00003795.jpg,/Users/phamtunglam/Documents/Projects/mSigLIP/code/artifacts/deployment/qnn_inputs/vn3k_train_calib_2000/raw/00466_pid1550_DHHN_HVBCVT_00_01551_00003795.raw,112,290
467,1638,train,DHHN_HVBCVT_00/01639_00035085.jpg,/Users/phamtunglam/Documents/Projects/mSigLIP/code/VN3K/imgs/DHHN_HVBCVT_00/01639_00035085.jpg,/Users/phamtunglam/Documents/Projects/mSigLIP/code/artifacts/deployment/qnn_inputs/vn3k_train_calib_2000/raw/00467_pid1638_DHHN_HVBCVT_00_01639_00035085.raw,81,183
468,1287,train,HoGuom_01/01288_00006630.jpg,/Users/phamtunglam/Documents/Projects/mSigLIP/code/VN3K/imgs/HoGuom_01/01288_00006630.jpg,/Users/phamtunglam/Documents/Projects/mSigLIP/code/artifacts/deployment/qnn_inputs/vn3k_train_calib_2000/raw/00468_pid1287_HoGuom_01_01288_00006630.raw,83,230
469,1682,train,DHHN_HVBCVT_00/01683_00002385.jpg,/Users/phamtunglam/Documents/Projects/mSigLIP/code/VN3K/imgs/DHHN_HVBCVT_00/01683_00002385.jpg,/Users/phamtunglam/Documents/Projects/mSigLIP/code/artifacts/deployment/qnn_inputs/vn3k_train_calib_2000/raw/00469_pid1682_DHHN_HVBCVT_00_01683_00002385.raw,119,380
470,1470,train,HoGuom_01/01471_2.jpg,/Users/phamtunglam/Documents/Projects/mSigLIP/code/VN3K/imgs/HoGuom_01/01471_2.jpg,/Users/phamtunglam/Documents/Projects/mSigLIP/code/artifacts/deployment/qnn_inputs/vn3k_train_calib_2000/raw/00470_pid1470_HoGuom_01_01471_2.raw,139,423
471,1052,train,HoGuom_01/01053_00000480.jpg,/Users/phamtunglam/Documents/Projects/mSigLIP/code/VN3K/imgs/HoGuom_01/01053_00000480.jpg,/Users/phamtunglam/Documents/Projects/mSigLIP/code/artifacts/deployment/qnn_inputs/vn3k_train_calib_2000/raw/00471_pid1052_HoGuom_01_01053_00000480.raw,134,315
472,879,train,HoGuom_01/00880_00013110.jpg,/Users/phamtunglam/Documents/Projects/mSigLIP/code/VN3K/imgs/HoGuom_01/00880_00013110.jpg,/Users/phamtunglam/Documents/Projects/mSigLIP/code/artifacts/deployment/qnn_inputs/vn3k_train_calib_2000/raw/00472_pid879_HoGuom_01_00880_00013110.raw,77,200
473,1214,train,HoGuom_01/01215_00003015.jpg,/Users/phamtunglam/Documents/Projects/mSigLIP/code/VN3K/imgs/HoGuom_01/01215_00003015.jpg,/Users/phamtunglam/Documents/Projects/mSigLIP/code/artifacts/deployment/qnn_inputs/vn3k_train_calib_2000/raw/00473_pid1214_HoGuom_01_01215_00003015.raw,202,458
474,1818,train,DHHN_HVBCVT_00/01819_00018285.jpg,/Users/phamtunglam/Documents/Projects/mSigLIP/code/VN3K/imgs/DHHN_HVBCVT_00/01819_00018285.jpg,/Users/phamtunglam/Documents/Projects/mSigLIP/code/artifacts/deployment/qnn_inputs/vn3k_train_calib_2000/raw/00474_pid1818_DHHN_HVBCVT_00_01819_00018285.raw,113,316
475,302,train,HoGuom_00/00303_00009845.jpg,/Users/phamtunglam/Documents/Projects/mSigLIP/code/VN3K/imgs/HoGuom_00/00303_00009845.jpg,/Users/phamtunglam/Documents/Projects/mSigLIP/code/artifacts/deployment/qnn_inputs/vn3k_train_calib_2000/raw/00475_pid302_HoGuom_00_00303_00009845.raw,149,294
476,1592,train,DHHN_HVBCVT_00/01593_00011250.jpg,/Users/phamtunglam/Documents/Projects/mSigLIP/code/VN3K/imgs/DHHN_HVBCVT_00/01593_00011250.jpg,/Users/phamtunglam/Documents/Projects/mSigLIP/code/artifacts/deployment/qnn_inputs/vn3k_train_calib_2000/raw/00476_pid1592_DHHN_HVBCVT_00_01593_00011250.raw,264,656
477,1723,train,DHHN_HVBCVT_00/01724_00012435.jpg,/Users/phamtunglam/Documents/Projects/mSigLIP/code/VN3K/imgs/DHHN_HVBCVT_00/01724_00012435.jpg,/Users/phamtunglam/Documents/Projects/mSigLIP/code/artifacts/deployment/qnn_inputs/vn3k_train_calib_2000/raw/00477_pid1723_DHHN_HVBCVT_00_01724_00012435.raw,132,394
478,1660,train,DHHN_HVBCVT_00/01661_00044805.jpg,/Users/phamtunglam/Documents/Projects/mSigLIP/code/VN3K/imgs/DHHN_HVBCVT_00/01661_00044805.jpg,/Users/phamtunglam/Documents/Projects/mSigLIP/code/artifacts/deployment/qnn_inputs/vn3k_train_calib_2000/raw/00478_pid1660_DHHN_HVBCVT_00_01661_00044805.raw,77,242
479,177,train,HoGuom_00/00178_00004475.jpg,/Users/phamtunglam/Documents/Projects/mSigLIP/code/VN3K/imgs/HoGuom_00/00178_00004475.jpg,/Users/phamtunglam/Documents/Projects/mSigLIP/code/artifacts/deployment/qnn_inputs/vn3k_train_calib_2000/raw/00479_pid177_HoGuom_00_00178_00004475.raw,139,435
480,836,train,HoGuom_01/00837_00008790.jpg,/Users/phamtunglam/Documents/Projects/mSigLIP/code/VN3K/imgs/HoGuom_01/00837_00008790.jpg,/Users/phamtunglam/Documents/Projects/mSigLIP/code/artifacts/deployment/qnn_inputs/vn3k_train_calib_2000/raw/00480_pid836_HoGuom_01_00837_00008790.raw,83,215
481,1418,train,HoGuom_01/01419_2.jpg,/Users/phamtunglam/Documents/Projects/mSigLIP/code/VN3K/imgs/HoGuom_01/01419_2.jpg,/Users/phamtunglam/Documents/Projects/mSigLIP/code/artifacts/deployment/qnn_inputs/vn3k_train_calib_2000/raw/00481_pid1418_HoGuom_01_01419_2.raw,88,249
482,1956,train,DHGTVT_00/01957_00014520.jpg,/Users/phamtunglam/Documents/Projects/mSigLIP/code/VN3K/imgs/DHGTVT_00/01957_00014520.jpg,/Users/phamtunglam/Documents/Projects/mSigLIP/code/artifacts/deployment/qnn_inputs/vn3k_train_calib_2000/raw/00482_pid1956_DHGTVT_00_01957_00014520.raw,106,250
483,1279,train,HoGuom_01/01280_00008355.jpg,/Users/phamtunglam/Documents/Projects/mSigLIP/code/VN3K/imgs/HoGuom_01/01280_00008355.jpg,/Users/phamtunglam/Documents/Projects/mSigLIP/code/artifacts/deployment/qnn_inputs/vn3k_train_calib_2000/raw/00483_pid1279_HoGuom_01_01280_00008355.raw,201,450
484,1303,train,HoGuom_01/01304_00007845.jpg,/Users/phamtunglam/Documents/Projects/mSigLIP/code/VN3K/imgs/HoGuom_01/01304_00007845.jpg,/Users/phamtunglam/Documents/Projects/mSigLIP/code/artifacts/deployment/qnn_inputs/vn3k_train_calib_2000/raw/00484_pid1303_HoGuom_01_01304_00007845.raw,87,227
485,1636,train,DHHN_HVBCVT_00/01637_00034200.jpg,/Users/phamtunglam/Documents/Projects/mSigLIP/code/VN3K/imgs/DHHN_HVBCVT_00/01637_00034200.jpg,/Users/phamtunglam/Documents/Projects/mSigLIP/code/artifacts/deployment/qnn_inputs/vn3k_train_calib_2000/raw/00485_pid1636_DHHN_HVBCVT_00_01637_00034200.raw,81,235
486,1587,train,DHHN_HVBCVT_00/01588_00008325.jpg,/Users/phamtunglam/Documents/Projects/mSigLIP/code/VN3K/imgs/DHHN_HVBCVT_00/01588_00008325.jpg,/Users/phamtunglam/Documents/Projects/mSigLIP/code/artifacts/deployment/qnn_inputs/vn3k_train_calib_2000/raw/00486_pid1587_DHHN_HVBCVT_00_01588_00008325.raw,88,267
487,1086,train,HoGuom_01/01087_00002085.jpg,/Users/phamtunglam/Documents/Projects/mSigLIP/code/VN3K/imgs/HoGuom_01/01087_00002085.jpg,/Users/phamtunglam/Documents/Projects/mSigLIP/code/artifacts/deployment/qnn_inputs/vn3k_train_calib_2000/raw/00487_pid1086_HoGuom_01_01087_00002085.raw,242,555
488,763,train,HoGuom_00/00764_00013740.jpg,/Users/phamtunglam/Documents/Projects/mSigLIP/code/VN3K/imgs/HoGuom_00/00764_00013740.jpg,/Users/phamtunglam/Documents/Projects/mSigLIP/code/artifacts/deployment/qnn_inputs/vn3k_train_calib_2000/raw/00488_pid763_HoGuom_00_00764_00013740.raw,198,473
489,1641,train,DHHN_HVBCVT_00/01642_00038805.jpg,/Users/phamtunglam/Documents/Projects/mSigLIP/code/VN3K/imgs/DHHN_HVBCVT_00/01642_00038805.jpg,/Users/phamtunglam/Documents/Projects/mSigLIP/code/artifacts/deployment/qnn_inputs/vn3k_train_calib_2000/raw/00489_pid1641_DHHN_HVBCVT_00_01642_00038805.raw,93,179
490,1966,train,DHGTVT_00/01967_00025640.jpg,/Users/phamtunglam/Documents/Projects/mSigLIP/code/VN3K/imgs/DHGTVT_00/01967_00025640.jpg,/Users/phamtunglam/Documents/Projects/mSigLIP/code/artifacts/deployment/qnn_inputs/vn3k_train_calib_2000/raw/00490_pid1966_DHGTVT_00_01967_00025640.raw,80,194
491,821,train,HoGuom_01/00822_00004755.jpg,/Users/phamtunglam/Documents/Projects/mSigLIP/code/VN3K/imgs/HoGuom_01/00822_00004755.jpg,/Users/phamtunglam/Documents/Projects/mSigLIP/code/artifacts/deployment/qnn_inputs/vn3k_train_calib_2000/raw/00491_pid821_HoGuom_01_00822_00004755.raw,94,233
492,1791,train,DHHN_HVBCVT_00/01792_00001785.jpg,/Users/phamtunglam/Documents/Projects/mSigLIP/code/VN3K/imgs/DHHN_HVBCVT_00/01792_00001785.jpg,/Users/phamtunglam/Documents/Projects/mSigLIP/code/artifacts/deployment/qnn_inputs/vn3k_train_calib_2000/raw/00492_pid1791_DHHN_HVBCVT_00_01792_00001785.raw,132,361
493,1754,train,DHHN_HVBCVT_00/01755_00015765.jpg,/Users/phamtunglam/Documents/Projects/mSigLIP/code/VN3K/imgs/DHHN_HVBCVT_00/01755_00015765.jpg,/Users/phamtunglam/Documents/Projects/mSigLIP/code/artifacts/deployment/qnn_inputs/vn3k_train_calib_2000/raw/00493_pid1754_DHHN_HVBCVT_00_01755_00015765.raw,72,246
494,496,train,HoGuom_00/00497_00018985.jpg,/Users/phamtunglam/Documents/Projects/mSigLIP/code/VN3K/imgs/HoGuom_00/00497_00018985.jpg,/Users/phamtunglam/Documents/Projects/mSigLIP/code/artifacts/deployment/qnn_inputs/vn3k_train_calib_2000/raw/00494_pid496_HoGuom_00_00497_00018985.raw,68,181
495,147,train,HoGuom_00/00148_00002860.jpg,/Users/phamtunglam/Documents/Projects/mSigLIP/code/VN3K/imgs/HoGuom_00/00148_00002860.jpg,/Users/phamtunglam/Documents/Projects/mSigLIP/code/artifacts/deployment/qnn_inputs/vn3k_train_calib_2000/raw/00495_pid147_HoGuom_00_00148_00002860.raw,155,337
496,270,train,HoGuom_00/00271_00008670.jpg,/Users/phamtunglam/Documents/Projects/mSigLIP/code/VN3K/imgs/HoGuom_00/00271_00008670.jpg,/Users/phamtunglam/Documents/Projects/mSigLIP/code/artifacts/deployment/qnn_inputs/vn3k_train_calib_2000/raw/00496_pid270_HoGuom_00_00271_00008670.raw,96,308
497,262,train,HoGuom_00/00263_00008250.jpg,/Users/phamtunglam/Documents/Projects/mSigLIP/code/VN3K/imgs/HoGuom_00/00263_00008250.jpg,/Users/phamtunglam/Documents/Projects/mSigLIP/code/artifacts/deployment/qnn_inputs/vn3k_train_calib_2000/raw/00497_pid262_HoGuom_00_00263_00008250.raw,61,126
498,1964,train,DHGTVT_00/01965_00024800.jpg,/Users/phamtunglam/Documents/Projects/mSigLIP/code/VN3K/imgs/DHGTVT_00/01965_00024800.jpg,/Users/phamtunglam/Documents/Projects/mSigLIP/code/artifacts/deployment/qnn_inputs/vn3k_train_calib_2000/raw/00498_pid1964_DHGTVT_00_01965_00024800.raw,85,210
499,1802,train,DHHN_HVBCVT_00/01803_00002910.jpg,/Users/phamtunglam/Documents/Projects/mSigLIP/code/VN3K/imgs/DHHN_HVBCVT_00/01803_00002910.jpg,/Users/phamtunglam/Documents/Projects/mSigLIP/code/artifacts/deployment/qnn_inputs/vn3k_train_calib_2000/raw/00499_pid1802_DHHN_HVBCVT_00_01803_00002910.raw,76,185
500,1877,train,DHGTVT_00/01878_00003590.jpg,/Users/phamtunglam/Documents/Projects/mSigLIP/code/VN3K/imgs/DHGTVT_00/01878_00003590.jpg,/Users/phamtunglam/Documents/Projects/mSigLIP/code/artifacts/deployment/qnn_inputs/vn3k_train_calib_2000/raw/00500_pid1877_DHGTVT_00_01878_00003590.raw,115,317
501,66,train,TRAINNING_DATA/Person67/output_6.jpg,/Users/phamtunglam/Documents/Projects/mSigLIP/code/VN3K/imgs/TRAINNING_DATA/Person67/output_6.jpg,/Users/phamtunglam/Documents/Projects/mSigLIP/code/artifacts/deployment/qnn_inputs/vn3k_train_calib_2000/raw/00501_pid66_TRAINNING_DATA_Person67_output_6.raw,117,368
502,1459,train,HoGuom_01/01460_1.jpg,/Users/phamtunglam/Documents/Projects/mSigLIP/code/VN3K/imgs/HoGuom_01/01460_1.jpg,/Users/phamtunglam/Documents/Projects/mSigLIP/code/artifacts/deployment/qnn_inputs/vn3k_train_calib_2000/raw/00502_pid1459_HoGuom_01_01460_1.raw,121,393
503,81,train,HoGuom_00/00082_00000565.jpg,/Users/phamtunglam/Documents/Projects/mSigLIP/code/VN3K/imgs/HoGuom_00/00082_00000565.jpg,/Users/phamtunglam/Documents/Projects/mSigLIP/code/artifacts/deployment/qnn_inputs/vn3k_train_calib_2000/raw/00503_pid81_HoGuom_00_00082_00000565.raw,104,132
504,865,train,HoGuom_01/00866_00010905.jpg,/Users/phamtunglam/Documents/Projects/mSigLIP/code/VN3K/imgs/HoGuom_01/00866_00010905.jpg,/Users/phamtunglam/Documents/Projects/mSigLIP/code/artifacts/deployment/qnn_inputs/vn3k_train_calib_2000/raw/00504_pid865_HoGuom_01_00866_00010905.raw,91,209
505,44,train,TRAINNING_DATA/Person45/output_6.jpg,/Users/phamtunglam/Documents/Projects/mSigLIP/code/VN3K/imgs/TRAINNING_DATA/Person45/output_6.jpg,/Users/phamtunglam/Documents/Projects/mSigLIP/code/artifacts/deployment/qnn_inputs/vn3k_train_calib_2000/raw/00505_pid44_TRAINNING_DATA_Person45_output_6.raw,121,257
506,1882,train,DHGTVT_00/01883_00004070.jpg,/Users/phamtunglam/Documents/Projects/mSigLIP/code/VN3K/imgs/DHGTVT_00/01883_00004070.jpg,/Users/phamtunglam/Documents/Projects/mSigLIP/code/artifacts/deployment/qnn_inputs/vn3k_train_calib_2000/raw/00506_pid1882_DHGTVT_00_01883_00004070.raw,94,279
507,1506,train,DHHN_HVBCVT_00/01507_00007185.jpg,/Users/phamtunglam/Documents/Projects/mSigLIP/code/VN3K/imgs/DHHN_HVBCVT_00/01507_00007185.jpg,/Users/phamtunglam/Documents/Projects/mSigLIP/code/artifacts/deployment/qnn_inputs/vn3k_train_calib_2000/raw/00507_pid1506_DHHN_HVBCVT_00_01507_00007185.raw,64,207
508,835,train,HoGuom_01/00836_00007965.jpg,/Users/phamtunglam/Documents/Projects/mSigLIP/code/VN3K/imgs/HoGuom_01/00836_00007965.jpg,/Users/phamtunglam/Documents/Projects/mSigLIP/code/artifacts/deployment/qnn_inputs/vn3k_train_calib_2000/raw/00508_pid835_HoGuom_01_00836_00007965.raw,100,251
509,1202,train,HoGuom_01/01203_00001800.jpg,/Users/phamtunglam/Documents/Projects/mSigLIP/code/VN3K/imgs/HoGuom_01/01203_00001800.jpg,/Users/phamtunglam/Documents/Projects/mSigLIP/code/artifacts/deployment/qnn_inputs/vn3k_train_calib_2000/raw/00509_pid1202_HoGuom_01_01203_00001800.raw,78,203
510,633,train,HoGuom_00/00634_00007650.jpg,/Users/phamtunglam/Documents/Projects/mSigLIP/code/VN3K/imgs/HoGuom_00/00634_00007650.jpg,/Users/phamtunglam/Documents/Projects/mSigLIP/code/artifacts/deployment/qnn_inputs/vn3k_train_calib_2000/raw/00510_pid633_HoGuom_00_00634_00007650.raw,253,569
511,717,train,HoGuom_00/00718_00011290.jpg,/Users/phamtunglam/Documents/Projects/mSigLIP/code/VN3K/imgs/HoGuom_00/00718_00011290.jpg,/Users/phamtunglam/Documents/Projects/mSigLIP/code/artifacts/deployment/qnn_inputs/vn3k_train_calib_2000/raw/00511_pid717_HoGuom_00_00718_00011290.raw,65,227
512,905,train,HoGuom_01/00906_00002416.jpg,/Users/phamtunglam/Documents/Projects/mSigLIP/code/VN3K/imgs/HoGuom_01/00906_00002416.jpg,/Users/phamtunglam/Documents/Projects/mSigLIP/code/artifacts/deployment/qnn_inputs/vn3k_train_calib_2000/raw/00512_pid905_HoGuom_01_00906_00002416.raw,180,499
513,41,train,TEST_DATA/Person42.2/output_6.jpg,/Users/phamtunglam/Documents/Projects/mSigLIP/code/VN3K/imgs/TEST_DATA/Person42.2/output_6.jpg,/Users/phamtunglam/Documents/Projects/mSigLIP/code/artifacts/deployment/qnn_inputs/vn3k_train_calib_2000/raw/00513_pid41_TEST_DATA_Person42.2_output_6.raw,145,355
514,1458,train,HoGuom_01/01459_1.jpg,/Users/phamtunglam/Documents/Projects/mSigLIP/code/VN3K/imgs/HoGuom_01/01459_1.jpg,/Users/phamtunglam/Documents/Projects/mSigLIP/code/artifacts/deployment/qnn_inputs/vn3k_train_calib_2000/raw/00514_pid1458_HoGuom_01_01459_1.raw,65,206
515,100,train,HoGuom_00/00101_00001685.jpg,/Users/phamtunglam/Documents/Projects/mSigLIP/code/VN3K/imgs/HoGuom_00/00101_00001685.jpg,/Users/phamtunglam/Documents/Projects/mSigLIP/code/artifacts/deployment/qnn_inputs/vn3k_train_calib_2000/raw/00515_pid100_HoGuom_00_00101_00001685.raw,73,158
516,1259,train,HoGuom_01/01260_00007455.jpg,/Users/phamtunglam/Documents/Projects/mSigLIP/code/VN3K/imgs/HoGuom_01/01260_00007455.jpg,/Users/phamtunglam/Documents/Projects/mSigLIP/code/artifacts/deployment/qnn_inputs/vn3k_train_calib_2000/raw/00516_pid1259_HoGuom_01_01260_00007455.raw,162,298
517,1542,train,DHHN_HVBCVT_00/01543_00004605.jpg,/Users/phamtunglam/Documents/Projects/mSigLIP/code/VN3K/imgs/DHHN_HVBCVT_00/01543_00004605.jpg,/Users/phamtunglam/Documents/Projects/mSigLIP/code/artifacts/deployment/qnn_inputs/vn3k_train_calib_2000/raw/00517_pid1542_DHHN_HVBCVT_00_01543_00004605.raw,93,247
518,1307,train,HoGuom_01/01308_00008115.jpg,/Users/phamtunglam/Documents/Projects/mSigLIP/code/VN3K/imgs/HoGuom_01/01308_00008115.jpg,/Users/phamtunglam/Documents/Projects/mSigLIP/code/artifacts/deployment/qnn_inputs/vn3k_train_calib_2000/raw/00518_pid1307_HoGuom_01_01308_00008115.raw,177,402
519,40,train,TRAINNING_DATA/Person41/output_9.jpg,/Users/phamtunglam/Documents/Projects/mSigLIP/code/VN3K/imgs/TRAINNING_DATA/Person41/output_9.jpg,/Users/phamtunglam/Documents/Projects/mSigLIP/code/artifacts/deployment/qnn_inputs/vn3k_train_calib_2000/raw/00519_pid40_TRAINNING_DATA_Person41_output_9.raw,118,274
520,863,train,HoGuom_01/00864_00010650.jpg,/Users/phamtunglam/Documents/Projects/mSigLIP/code/VN3K/imgs/HoGuom_01/00864_00010650.jpg,/Users/phamtunglam/Documents/Projects/mSigLIP/code/artifacts/deployment/qnn_inputs/vn3k_train_calib_2000/raw/00520_pid863_HoGuom_01_00864_00010650.raw,121,331
521,706,train,HoGuom_00/00707_00010440.jpg,/Users/phamtunglam/Documents/Projects/mSigLIP/code/VN3K/imgs/HoGuom_00/00707_00010440.jpg,/Users/phamtunglam/Documents/Projects/mSigLIP/code/artifacts/deployment/qnn_inputs/vn3k_train_calib_2000/raw/00521_pid706_HoGuom_00_00707_00010440.raw,119,342
522,1899,train,DHGTVT_00/01900_00006710.jpg,/Users/phamtunglam/Documents/Projects/mSigLIP/code/VN3K/imgs/DHGTVT_00/01900_00006710.jpg,/Users/phamtunglam/Documents/Projects/mSigLIP/code/artifacts/deployment/qnn_inputs/vn3k_train_calib_2000/raw/00522_pid1899_DHGTVT_00_01900_00006710.raw,95,172
523,1123,train,HoGuom_01/01124_00000060.jpg,/Users/phamtunglam/Documents/Projects/mSigLIP/code/VN3K/imgs/HoGuom_01/01124_00000060.jpg,/Users/phamtunglam/Documents/Projects/mSigLIP/code/artifacts/deployment/qnn_inputs/vn3k_train_calib_2000/raw/00523_pid1123_HoGuom_01_01124_00000060.raw,136,393
524,326,train,HoGuom_00/00327_00010715.jpg,/Users/phamtunglam/Documents/Projects/mSigLIP/code/VN3K/imgs/HoGuom_00/00327_00010715.jpg,/Users/phamtunglam/Documents/Projects/mSigLIP/code/artifacts/deployment/qnn_inputs/vn3k_train_calib_2000/raw/00524_pid326_HoGuom_00_00327_00010715.raw,264,624
525,1618,train,DHHN_HVBCVT_00/01619_00024795.jpg,/Users/phamtunglam/Documents/Projects/mSigLIP/code/VN3K/imgs/DHHN_HVBCVT_00/01619_00024795.jpg,/Users/phamtunglam/Documents/Projects/mSigLIP/code/artifacts/deployment/qnn_inputs/vn3k_train_calib_2000/raw/00525_pid1618_DHHN_HVBCVT_00_01619_00024795.raw,184,438
526,1783,train,DHHN_HVBCVT_00/01784_00003195.jpg,/Users/phamtunglam/Documents/Projects/mSigLIP/code/VN3K/imgs/DHHN_HVBCVT_00/01784_00003195.jpg,/Users/phamtunglam/Documents/Projects/mSigLIP/code/artifacts/deployment/qnn_inputs/vn3k_train_calib_2000/raw/00526_pid1783_DHHN_HVBCVT_00_01784_00003195.raw,230,547
527,1762,train,DHHN_HVBCVT_00/01763_00000331.jpg,/Users/phamtunglam/Documents/Projects/mSigLIP/code/VN3K/imgs/DHHN_HVBCVT_00/01763_00000331.jpg,/Users/phamtunglam/Documents/Projects/mSigLIP/code/artifacts/deployment/qnn_inputs/vn3k_train_calib_2000/raw/00527_pid1762_DHHN_HVBCVT_00_01763_00000331.raw,205,552
528,1025,train,HoGuom_01/01026_00001710.jpg,/Users/phamtunglam/Documents/Projects/mSigLIP/code/VN3K/imgs/HoGuom_01/01026_00001710.jpg,/Users/phamtunglam/Documents/Projects/mSigLIP/code/artifacts/deployment/qnn_inputs/vn3k_train_calib_2000/raw/00528_pid1025_HoGuom_01_01026_00001710.raw,191,568
529,271,train,HoGuom_00/00272_00009245.jpg,/Users/phamtunglam/Documents/Projects/mSigLIP/code/VN3K/imgs/HoGuom_00/00272_00009245.jpg,/Users/phamtunglam/Documents/Projects/mSigLIP/code/artifacts/deployment/qnn_inputs/vn3k_train_calib_2000/raw/00529_pid271_HoGuom_00_00272_00009245.raw,117,258
530,1493,train,HoGuom_01/01494_2.jpg,/Users/phamtunglam/Documents/Projects/mSigLIP/code/VN3K/imgs/HoGuom_01/01494_2.jpg,/Users/phamtunglam/Documents/Projects/mSigLIP/code/artifacts/deployment/qnn_inputs/vn3k_train_calib_2000/raw/00530_pid1493_HoGuom_01_01494_2.raw,73,230
531,1157,train,HoGuom_01/01158_00001275.jpg,/Users/phamtunglam/Documents/Projects/mSigLIP/code/VN3K/imgs/HoGuom_01/01158_00001275.jpg,/Users/phamtunglam/Documents/Projects/mSigLIP/code/artifacts/deployment/qnn_inputs/vn3k_train_calib_2000/raw/00531_pid1157_HoGuom_01_01158_00001275.raw,81,229
532,1412,train,HoGuom_01/01413_1.jpg,/Users/phamtunglam/Documents/Projects/mSigLIP/code/VN3K/imgs/HoGuom_01/01413_1.jpg,/Users/phamtunglam/Documents/Projects/mSigLIP/code/artifacts/deployment/qnn_inputs/vn3k_train_calib_2000/raw/00532_pid1412_HoGuom_01_01413_1.raw,90,265
533,1860,train,DHGTVT_00/01861_00003080.jpg,/Users/phamtunglam/Documents/Projects/mSigLIP/code/VN3K/imgs/DHGTVT_00/01861_00003080.jpg,/Users/phamtunglam/Documents/Projects/mSigLIP/code/artifacts/deployment/qnn_inputs/vn3k_train_calib_2000/raw/00533_pid1860_DHGTVT_00_01861_00003080.raw,128,285
534,1354,train,HoGuom_01/01355_00007665.jpg,/Users/phamtunglam/Documents/Projects/mSigLIP/code/VN3K/imgs/HoGuom_01/01355_00007665.jpg,/Users/phamtunglam/Documents/Projects/mSigLIP/code/artifacts/deployment/qnn_inputs/vn3k_train_calib_2000/raw/00534_pid1354_HoGuom_01_01355_00007665.raw,269,622
535,743,train,HoGuom_00/00744_00012105.jpg,/Users/phamtunglam/Documents/Projects/mSigLIP/code/VN3K/imgs/HoGuom_00/00744_00012105.jpg,/Users/phamtunglam/Documents/Projects/mSigLIP/code/artifacts/deployment/qnn_inputs/vn3k_train_calib_2000/raw/00535_pid743_HoGuom_00_00744_00012105.raw,68,193
536,1130,train,HoGuom_01/01131_00003150.jpg,/Users/phamtunglam/Documents/Projects/mSigLIP/code/VN3K/imgs/HoGuom_01/01131_00003150.jpg,/Users/phamtunglam/Documents/Projects/mSigLIP/code/artifacts/deployment/qnn_inputs/vn3k_train_calib_2000/raw/00536_pid1130_HoGuom_01_01131_00003150.raw,91,238
537,150,train,HoGuom_00/00151_00003055.jpg,/Users/phamtunglam/Documents/Projects/mSigLIP/code/VN3K/imgs/HoGuom_00/00151_00003055.jpg,/Users/phamtunglam/Documents/Projects/mSigLIP/code/artifacts/deployment/qnn_inputs/vn3k_train_calib_2000/raw/00537_pid150_HoGuom_00_00151_00003055.raw,211,527
538,1990,train,TamChuc_01/01991_1.jpg,/Users/phamtunglam/Documents/Projects/mSigLIP/code/VN3K/imgs/TamChuc_01/01991_1.jpg,/Users/phamtunglam/Documents/Projects/mSigLIP/code/artifacts/deployment/qnn_inputs/vn3k_train_calib_2000/raw/00538_pid1990_TamChuc_01_01991_1.raw,67,216
539,1361,train,HoGuom_01/01362_00004245.jpg,/Users/phamtunglam/Documents/Projects/mSigLIP/code/VN3K/imgs/HoGuom_01/01362_00004245.jpg,/Users/phamtunglam/Documents/Projects/mSigLIP/code/artifacts/deployment/qnn_inputs/vn3k_train_calib_2000/raw/00539_pid1361_HoGuom_01_01362_00004245.raw,271,702
540,630,train,HoGuom_00/00631_00007635.jpg,/Users/phamtunglam/Documents/Projects/mSigLIP/code/VN3K/imgs/HoGuom_00/00631_00007635.jpg,/Users/phamtunglam/Documents/Projects/mSigLIP/code/artifacts/deployment/qnn_inputs/vn3k_train_calib_2000/raw/00540_pid630_HoGuom_00_00631_00007635.raw,239,564
541,1846,train,HoGuom_01/01847_00005565.jpg,/Users/phamtunglam/Documents/Projects/mSigLIP/code/VN3K/imgs/HoGuom_01/01847_00005565.jpg,/Users/phamtunglam/Documents/Projects/mSigLIP/code/artifacts/deployment/qnn_inputs/vn3k_train_calib_2000/raw/00541_pid1846_HoGuom_01_01847_00005565.raw,89,232
542,124,train,HoGuom_00/00125_00002295.jpg,/Users/phamtunglam/Documents/Projects/mSigLIP/code/VN3K/imgs/HoGuom_00/00125_00002295.jpg,/Users/phamtunglam/Documents/Projects/mSigLIP/code/artifacts/deployment/qnn_inputs/vn3k_train_calib_2000/raw/00542_pid124_HoGuom_00_00125_00002295.raw,160,387
543,794,train,HoGuom_01/00795_00001980.jpg,/Users/phamtunglam/Documents/Projects/mSigLIP/code/VN3K/imgs/HoGuom_01/00795_00001980.jpg,/Users/phamtunglam/Documents/Projects/mSigLIP/code/artifacts/deployment/qnn_inputs/vn3k_train_calib_2000/raw/00543_pid794_HoGuom_01_00795_00001980.raw,82,212
544,1417,train,HoGuom_01/01418_1.jpg,/Users/phamtunglam/Documents/Projects/mSigLIP/code/VN3K/imgs/HoGuom_01/01418_1.jpg,/Users/phamtunglam/Documents/Projects/mSigLIP/code/artifacts/deployment/qnn_inputs/vn3k_train_calib_2000/raw/00544_pid1417_HoGuom_01_01418_1.raw,219,646
545,868,train,HoGuom_01/00869_00011775.jpg,/Users/phamtunglam/Documents/Projects/mSigLIP/code/VN3K/imgs/HoGuom_01/00869_00011775.jpg,/Users/phamtunglam/Documents/Projects/mSigLIP/code/artifacts/deployment/qnn_inputs/vn3k_train_calib_2000/raw/00545_pid868_HoGuom_01_00869_00011775.raw,190,404
546,1299,train,HoGuom_01/01300_00004650.jpg,/Users/phamtunglam/Documents/Projects/mSigLIP/code/VN3K/imgs/HoGuom_01/01300_00004650.jpg,/Users/phamtunglam/Documents/Projects/mSigLIP/code/artifacts/deployment/qnn_inputs/vn3k_train_calib_2000/raw/00546_pid1299_HoGuom_01_01300_00004650.raw,136,398
547,809,train,HoGuom_01/00810_00002940.jpg,/Users/phamtunglam/Documents/Projects/mSigLIP/code/VN3K/imgs/HoGuom_01/00810_00002940.jpg,/Users/phamtunglam/Documents/Projects/mSigLIP/code/artifacts/deployment/qnn_inputs/vn3k_train_calib_2000/raw/00547_pid809_HoGuom_01_00810_00002940.raw,87,246
548,1345,train,HoGuom_01/01346_00006315.jpg,/Users/phamtunglam/Documents/Projects/mSigLIP/code/VN3K/imgs/HoGuom_01/01346_00006315.jpg,/Users/phamtunglam/Documents/Projects/mSigLIP/code/artifacts/deployment/qnn_inputs/vn3k_train_calib_2000/raw/00548_pid1345_HoGuom_01_01346_00006315.raw,155,522
549,194,train,HoGuom_00/00195_00004775.jpg,/Users/phamtunglam/Documents/Projects/mSigLIP/code/VN3K/imgs/HoGuom_00/00195_00004775.jpg,/Users/phamtunglam/Documents/Projects/mSigLIP/code/artifacts/deployment/qnn_inputs/vn3k_train_calib_2000/raw/00549_pid194_HoGuom_00_00195_00004775.raw,219,438
550,1337,train,HoGuom_01/01338_00008085.jpg,/Users/phamtunglam/Documents/Projects/mSigLIP/code/VN3K/imgs/HoGuom_01/01338_00008085.jpg,/Users/phamtunglam/Documents/Projects/mSigLIP/code/artifacts/deployment/qnn_inputs/vn3k_train_calib_2000/raw/00550_pid1337_HoGuom_01_01338_00008085.raw,134,314
551,179,train,HoGuom_00/00180_00004425.jpg,/Users/phamtunglam/Documents/Projects/mSigLIP/code/VN3K/imgs/HoGuom_00/00180_00004425.jpg,/Users/phamtunglam/Documents/Projects/mSigLIP/code/artifacts/deployment/qnn_inputs/vn3k_train_calib_2000/raw/00551_pid179_HoGuom_00_00180_00004425.raw,84,235
552,1811,train,DHHN_HVBCVT_00/01812_00010065.jpg,/Users/phamtunglam/Documents/Projects/mSigLIP/code/VN3K/imgs/DHHN_HVBCVT_00/01812_00010065.jpg,/Users/phamtunglam/Documents/Projects/mSigLIP/code/artifacts/deployment/qnn_inputs/vn3k_train_calib_2000/raw/00552_pid1811_DHHN_HVBCVT_00_01812_00010065.raw,65,176
553,858,train,HoGuom_01/00859_00010275.jpg,/Users/phamtunglam/Documents/Projects/mSigLIP/code/VN3K/imgs/HoGuom_01/00859_00010275.jpg,/Users/phamtunglam/Documents/Projects/mSigLIP/code/artifacts/deployment/qnn_inputs/vn3k_train_calib_2000/raw/00553_pid858_HoGuom_01_00859_00010275.raw,154,324
554,1871,train,DHGTVT_00/01872_00004100.jpg,/Users/phamtunglam/Documents/Projects/mSigLIP/code/VN3K/imgs/DHGTVT_00/01872_00004100.jpg,/Users/phamtunglam/Documents/Projects/mSigLIP/code/artifacts/deployment/qnn_inputs/vn3k_train_calib_2000/raw/00554_pid1871_DHGTVT_00_01872_00004100.raw,103,265
555,383,train,HoGuom_00/00384_00012840.jpg,/Users/phamtunglam/Documents/Projects/mSigLIP/code/VN3K/imgs/HoGuom_00/00384_00012840.jpg,/Users/phamtunglam/Documents/Projects/mSigLIP/code/artifacts/deployment/qnn_inputs/vn3k_train_calib_2000/raw/00555_pid383_HoGuom_00_00384_00012840.raw,105,159
556,1263,train,HoGuom_01/01264_00008970.jpg,/Users/phamtunglam/Documents/Projects/mSigLIP/code/VN3K/imgs/HoGuom_01/01264_00008970.jpg,/Users/phamtunglam/Documents/Projects/mSigLIP/code/artifacts/deployment/qnn_inputs/vn3k_train_calib_2000/raw/00556_pid1263_HoGuom_01_01264_00008970.raw,169,392
557,460,train,HoGuom_00/00461_00016160.jpg,/Users/phamtunglam/Documents/Projects/mSigLIP/code/VN3K/imgs/HoGuom_00/00461_00016160.jpg,/Users/phamtunglam/Documents/Projects/mSigLIP/code/artifacts/deployment/qnn_inputs/vn3k_train_calib_2000/raw/00557_pid460_HoGuom_00_00461_00016160.raw,76,92
558,612,train,HoGuom_00/00613_00006680.jpg,/Users/phamtunglam/Documents/Projects/mSigLIP/code/VN3K/imgs/HoGuom_00/00613_00006680.jpg,/Users/phamtunglam/Documents/Projects/mSigLIP/code/artifacts/deployment/qnn_inputs/vn3k_train_calib_2000/raw/00558_pid612_HoGuom_00_00613_00006680.raw,256,565
559,539,train,HoGuom_00/00540_00003650.jpg,/Users/phamtunglam/Documents/Projects/mSigLIP/code/VN3K/imgs/HoGuom_00/00540_00003650.jpg,/Users/phamtunglam/Documents/Projects/mSigLIP/code/artifacts/deployment/qnn_inputs/vn3k_train_calib_2000/raw/00559_pid539_HoGuom_00_00540_00003650.raw,95,268
560,1737,train,DHHN_HVBCVT_00/01738_00010230.jpg,/Users/phamtunglam/Documents/Projects/mSigLIP/code/VN3K/imgs/DHHN_HVBCVT_00/01738_00010230.jpg,/Users/phamtunglam/Documents/Projects/mSigLIP/code/artifacts/deployment/qnn_inputs/vn3k_train_calib_2000/raw/00560_pid1737_DHHN_HVBCVT_00_01738_00010230.raw,103,278
561,921,train,HoGuom_01/00922_00010306.jpg,/Users/phamtunglam/Documents/Projects/mSigLIP/code/VN3K/imgs/HoGuom_01/00922_00010306.jpg,/Users/phamtunglam/Documents/Projects/mSigLIP/code/artifacts/deployment/qnn_inputs/vn3k_train_calib_2000/raw/00561_pid921_HoGuom_01_00922_00010306.raw,95,231
562,669,train,HoGuom_00/00670_00008635.jpg,/Users/phamtunglam/Documents/Projects/mSigLIP/code/VN3K/imgs/HoGuom_00/00670_00008635.jpg,/Users/phamtunglam/Documents/Projects/mSigLIP/code/artifacts/deployment/qnn_inputs/vn3k_train_calib_2000/raw/00562_pid669_HoGuom_00_00670_00008635.raw,82,211
563,283,train,HoGuom_00/00284_00008840.jpg,/Users/phamtunglam/Documents/Projects/mSigLIP/code/VN3K/imgs/HoGuom_00/00284_00008840.jpg,/Users/phamtunglam/Documents/Projects/mSigLIP/code/artifacts/deployment/qnn_inputs/vn3k_train_calib_2000/raw/00563_pid283_HoGuom_00_00284_00008840.raw,128,342
564,690,train,HoGuom_00/00691_00010420.jpg,/Users/phamtunglam/Documents/Projects/mSigLIP/code/VN3K/imgs/HoGuom_00/00691_00010420.jpg,/Users/phamtunglam/Documents/Projects/mSigLIP/code/artifacts/deployment/qnn_inputs/vn3k_train_calib_2000/raw/00564_pid690_HoGuom_00_00691_00010420.raw,75,240
565,478,train,HoGuom_00/00479_00017150.jpg,/Users/phamtunglam/Documents/Projects/mSigLIP/code/VN3K/imgs/HoGuom_00/00479_00017150.jpg,/Users/phamtunglam/Documents/Projects/mSigLIP/code/artifacts/deployment/qnn_inputs/vn3k_train_calib_2000/raw/00565_pid478_HoGuom_00_00479_00017150.raw,89,232
566,768,train,HoGuom_01/00769_00000120.jpg,/Users/phamtunglam/Documents/Projects/mSigLIP/code/VN3K/imgs/HoGuom_01/00769_00000120.jpg,/Users/phamtunglam/Documents/Projects/mSigLIP/code/artifacts/deployment/qnn_inputs/vn3k_train_calib_2000/raw/00566_pid768_HoGuom_01_00769_00000120.raw,97,181
567,916,train,HoGuom_01/00917_00008100.jpg,/Users/phamtunglam/Documents/Projects/mSigLIP/code/VN3K/imgs/HoGuom_01/00917_00008100.jpg,/Users/phamtunglam/Documents/Projects/mSigLIP/code/artifacts/deployment/qnn_inputs/vn3k_train_calib_2000/raw/00567_pid916_HoGuom_01_00917_00008100.raw,114,261
568,1597,train,DHHN_HVBCVT_00/01598_00014610.jpg,/Users/phamtunglam/Documents/Projects/mSigLIP/code/VN3K/imgs/DHHN_HVBCVT_00/01598_00014610.jpg,/Users/phamtunglam/Documents/Projects/mSigLIP/code/artifacts/deployment/qnn_inputs/vn3k_train_calib_2000/raw/00568_pid1597_DHHN_HVBCVT_00_01598_00014610.raw,100,248
569,199,train,HoGuom_00/00200_00005000.jpg,/Users/phamtunglam/Documents/Projects/mSigLIP/code/VN3K/imgs/HoGuom_00/00200_00005000.jpg,/Users/phamtunglam/Documents/Projects/mSigLIP/code/artifacts/deployment/qnn_inputs/vn3k_train_calib_2000/raw/00569_pid199_HoGuom_00_00200_00005000.raw,78,264
570,1708,train,DHHN_HVBCVT_00/01709_00007650.jpg,/Users/phamtunglam/Documents/Projects/mSigLIP/code/VN3K/imgs/DHHN_HVBCVT_00/01709_00007650.jpg,/Users/phamtunglam/Documents/Projects/mSigLIP/code/artifacts/deployment/qnn_inputs/vn3k_train_calib_2000/raw/00570_pid1708_DHHN_HVBCVT_00_01709_00007650.raw,72,241
571,1759,train,DHHN_HVBCVT_00/01760_00000975.jpg,/Users/phamtunglam/Documents/Projects/mSigLIP/code/VN3K/imgs/DHHN_HVBCVT_00/01760_00000975.jpg,/Users/phamtunglam/Documents/Projects/mSigLIP/code/artifacts/deployment/qnn_inputs/vn3k_train_calib_2000/raw/00571_pid1759_DHHN_HVBCVT_00_01760_00000975.raw,91,308
572,1525,train,DHHN_HVBCVT_00/01526_00007725.jpg,/Users/phamtunglam/Documents/Projects/mSigLIP/code/VN3K/imgs/DHHN_HVBCVT_00/01526_00007725.jpg,/Users/phamtunglam/Documents/Projects/mSigLIP/code/artifacts/deployment/qnn_inputs/vn3k_train_calib_2000/raw/00572_pid1525_DHHN_HVBCVT_00_01526_00007725.raw,70,181
573,321,train,HoGuom_00/00322_00010590.jpg,/Users/phamtunglam/Documents/Projects/mSigLIP/code/VN3K/imgs/HoGuom_00/00322_00010590.jpg,/Users/phamtunglam/Documents/Projects/mSigLIP/code/artifacts/deployment/qnn_inputs/vn3k_train_calib_2000/raw/00573_pid321_HoGuom_00_00322_00010590.raw,133,378
574,1147,train,HoGuom_01/01148_00000015.jpg,/Users/phamtunglam/Documents/Projects/mSigLIP/code/VN3K/imgs/HoGuom_01/01148_00000015.jpg,/Users/phamtunglam/Documents/Projects/mSigLIP/code/artifacts/deployment/qnn_inputs/vn3k_train_calib_2000/raw/00574_pid1147_HoGuom_01_01148_00000015.raw,220,558
575,239,train,HoGuom_00/00240_00007535.jpg,/Users/phamtunglam/Documents/Projects/mSigLIP/code/VN3K/imgs/HoGuom_00/00240_00007535.jpg,/Users/phamtunglam/Documents/Projects/mSigLIP/code/artifacts/deployment/qnn_inputs/vn3k_train_calib_2000/raw/00575_pid239_HoGuom_00_00240_00007535.raw,119,339
576,1078,train,HoGuom_01/01079_00003345.jpg,/Users/phamtunglam/Documents/Projects/mSigLIP/code/VN3K/imgs/HoGuom_01/01079_00003345.jpg,/Users/phamtunglam/Documents/Projects/mSigLIP/code/artifacts/deployment/qnn_inputs/vn3k_train_calib_2000/raw/00576_pid1078_HoGuom_01_01079_00003345.raw,137,439
577,37,train,TRAINNING_DATA/Person38/output_6.jpg,/Users/phamtunglam/Documents/Projects/mSigLIP/code/VN3K/imgs/TRAINNING_DATA/Person38/output_6.jpg,/Users/phamtunglam/Documents/Projects/mSigLIP/code/artifacts/deployment/qnn_inputs/vn3k_train_calib_2000/raw/00577_pid37_TRAINNING_DATA_Person38_output_6.raw,119,317
578,1469,train,HoGuom_01/01470_2.jpg,/Users/phamtunglam/Documents/Projects/mSigLIP/code/VN3K/imgs/HoGuom_01/01470_2.jpg,/Users/phamtunglam/Documents/Projects/mSigLIP/code/artifacts/deployment/qnn_inputs/vn3k_train_calib_2000/raw/00578_pid1469_HoGuom_01_01470_2.raw,227,645
579,303,train,HoGuom_00/00304_00009815.jpg,/Users/phamtunglam/Documents/Projects/mSigLIP/code/VN3K/imgs/HoGuom_00/00304_00009815.jpg,/Users/phamtunglam/Documents/Projects/mSigLIP/code/artifacts/deployment/qnn_inputs/vn3k_train_calib_2000/raw/00579_pid303_HoGuom_00_00304_00009815.raw,129,230
580,1073,train,HoGuom_01/01074_00001830.jpg,/Users/phamtunglam/Documents/Projects/mSigLIP/code/VN3K/imgs/HoGuom_01/01074_00001830.jpg,/Users/phamtunglam/Documents/Projects/mSigLIP/code/artifacts/deployment/qnn_inputs/vn3k_train_calib_2000/raw/00580_pid1073_HoGuom_01_01074_00001830.raw,201,428
581,1116,train,HoGuom_01/01117_00002220.jpg,/Users/phamtunglam/Documents/Projects/mSigLIP/code/VN3K/imgs/HoGuom_01/01117_00002220.jpg,/Users/phamtunglam/Documents/Projects/mSigLIP/code/artifacts/deployment/qnn_inputs/vn3k_train_calib_2000/raw/00581_pid1116_HoGuom_01_01117_00002220.raw,172,427
582,560,train,HoGuom_00/00561_00004780.jpg,/Users/phamtunglam/Documents/Projects/mSigLIP/code/VN3K/imgs/HoGuom_00/00561_00004780.jpg,/Users/phamtunglam/Documents/Projects/mSigLIP/code/artifacts/deployment/qnn_inputs/vn3k_train_calib_2000/raw/00582_pid560_HoGuom_00_00561_00004780.raw,122,382
583,28,train,TEST_DATA/Person29.2/output_9.jpg,/Users/phamtunglam/Documents/Projects/mSigLIP/code/VN3K/imgs/TEST_DATA/Person29.2/output_9.jpg,/Users/phamtunglam/Documents/Projects/mSigLIP/code/artifacts/deployment/qnn_inputs/vn3k_train_calib_2000/raw/00583_pid28_TEST_DATA_Person29.2_output_9.raw,138,303
584,378,train,HoGuom_00/00379_00012885.jpg,/Users/phamtunglam/Documents/Projects/mSigLIP/code/VN3K/imgs/HoGuom_00/00379_00012885.jpg,/Users/phamtunglam/Documents/Projects/mSigLIP/code/artifacts/deployment/qnn_inputs/vn3k_train_calib_2000/raw/00584_pid378_HoGuom_00_00379_00012885.raw,78,179
585,1146,train,HoGuom_01/01147_00001845.jpg,/Users/phamtunglam/Documents/Projects/mSigLIP/code/VN3K/imgs/HoGuom_01/01147_00001845.jpg,/Users/phamtunglam/Documents/Projects/mSigLIP/code/artifacts/deployment/qnn_inputs/vn3k_train_calib_2000/raw/00585_pid1146_HoGuom_01_01147_00001845.raw,74,152
586,146,train,HoGuom_00/00147_00002840.jpg,/Users/phamtunglam/Documents/Projects/mSigLIP/code/VN3K/imgs/HoGuom_00/00147_00002840.jpg,/Users/phamtunglam/Documents/Projects/mSigLIP/code/artifacts/deployment/qnn_inputs/vn3k_train_calib_2000/raw/00586_pid146_HoGuom_00_00147_00002840.raw,149,484
587,1786,train,DHHN_HVBCVT_00/01787_00003600.jpg,/Users/phamtunglam/Documents/Projects/mSigLIP/code/VN3K/imgs/DHHN_HVBCVT_00/01787_00003600.jpg,/Users/phamtunglam/Documents/Projects/mSigLIP/code/artifacts/deployment/qnn_inputs/vn3k_train_calib_2000/raw/00587_pid1786_DHHN_HVBCVT_00_01787_00003600.raw,153,376
588,507,train,HoGuom_00/00508_00001065.jpg,/Users/phamtunglam/Documents/Projects/mSigLIP/code/VN3K/imgs/HoGuom_00/00508_00001065.jpg,/Users/phamtunglam/Documents/Projects/mSigLIP/code/artifacts/deployment/qnn_inputs/vn3k_train_calib_2000/raw/00588_pid507_HoGuom_00_00508_00001065.raw,79,115
589,1910,train,DHGTVT_00/01911_00008270.jpg,/Users/phamtunglam/Documents/Projects/mSigLIP/code/VN3K/imgs/DHGTVT_00/01911_00008270.jpg,/Users/phamtunglam/Documents/Projects/mSigLIP/code/artifacts/deployment/qnn_inputs/vn3k_train_calib_2000/raw/00589_pid1910_DHGTVT_00_01911_00008270.raw,112,299
590,32,train,TEST_DATA/Person33.2/output_9.jpg,/Users/phamtunglam/Documents/Projects/mSigLIP/code/VN3K/imgs/TEST_DATA/Person33.2/output_9.jpg,/Users/phamtunglam/Documents/Projects/mSigLIP/code/artifacts/deployment/qnn_inputs/vn3k_train_calib_2000/raw/00590_pid32_TEST_DATA_Person33.2_output_9.raw,128,422
591,965,train,HoGuom_01/00966_00004875.jpg,/Users/phamtunglam/Documents/Projects/mSigLIP/code/VN3K/imgs/HoGuom_01/00966_00004875.jpg,/Users/phamtunglam/Documents/Projects/mSigLIP/code/artifacts/deployment/qnn_inputs/vn3k_train_calib_2000/raw/00591_pid965_HoGuom_01_00966_00004875.raw,297,688
592,1964,train,DHGTVT_00/01965_00024820.jpg,/Users/phamtunglam/Documents/Projects/mSigLIP/code/VN3K/imgs/DHGTVT_00/01965_00024820.jpg,/Users/phamtunglam/Documents/Projects/mSigLIP/code/artifacts/deployment/qnn_inputs/vn3k_train_calib_2000/raw/00592_pid1964_DHGTVT_00_01965_00024820.raw,99,241
593,167,train,HoGuom_00/00168_00004250.jpg,/Users/phamtunglam/Documents/Projects/mSigLIP/code/VN3K/imgs/HoGuom_00/00168_00004250.jpg,/Users/phamtunglam/Documents/Projects/mSigLIP/code/artifacts/deployment/qnn_inputs/vn3k_train_calib_2000/raw/00593_pid167_HoGuom_00_00168_00004250.raw,192,644
594,631,train,HoGuom_00/00632_00007385.jpg,/Users/phamtunglam/Documents/Projects/mSigLIP/code/VN3K/imgs/HoGuom_00/00632_00007385.jpg,/Users/phamtunglam/Documents/Projects/mSigLIP/code/artifacts/deployment/qnn_inputs/vn3k_train_calib_2000/raw/00594_pid631_HoGuom_00_00632_00007385.raw,159,541
595,611,train,HoGuom_00/00612_00007395.jpg,/Users/phamtunglam/Documents/Projects/mSigLIP/code/VN3K/imgs/HoGuom_00/00612_00007395.jpg,/Users/phamtunglam/Documents/Projects/mSigLIP/code/artifacts/deployment/qnn_inputs/vn3k_train_calib_2000/raw/00595_pid611_HoGuom_00_00612_00007395.raw,147,342
596,1760,train,DHHN_HVBCVT_00/01761_00001935.jpg,/Users/phamtunglam/Documents/Projects/mSigLIP/code/VN3K/imgs/DHHN_HVBCVT_00/01761_00001935.jpg,/Users/phamtunglam/Documents/Projects/mSigLIP/code/artifacts/deployment/qnn_inputs/vn3k_train_calib_2000/raw/00596_pid1760_DHHN_HVBCVT_00_01761_00001935.raw,258,661
597,645,train,HoGuom_00/00646_00007900.jpg,/Users/phamtunglam/Documents/Projects/mSigLIP/code/VN3K/imgs/HoGuom_00/00646_00007900.jpg,/Users/phamtunglam/Documents/Projects/mSigLIP/code/artifacts/deployment/qnn_inputs/vn3k_train_calib_2000/raw/00597_pid645_HoGuom_00_00646_00007900.raw,73,188
598,1324,train,HoGuom_01/01325_00004050.jpg,/Users/phamtunglam/Documents/Projects/mSigLIP/code/VN3K/imgs/HoGuom_01/01325_00004050.jpg,/Users/phamtunglam/Documents/Projects/mSigLIP/code/artifacts/deployment/qnn_inputs/vn3k_train_calib_2000/raw/00598_pid1324_HoGuom_01_01325_00004050.raw,263,674
599,1186,train,HoGuom_01/01187_00001410.jpg,/Users/phamtunglam/Documents/Projects/mSigLIP/code/VN3K/imgs/HoGuom_01/01187_00001410.jpg,/Users/phamtunglam/Documents/Projects/mSigLIP/code/artifacts/deployment/qnn_inputs/vn3k_train_calib_2000/raw/00599_pid1186_HoGuom_01_01187_00001410.raw,108,332
600,1335,train,HoGuom_01/01336_00006405.jpg,/Users/phamtunglam/Documents/Projects/mSigLIP/code/VN3K/imgs/HoGuom_01/01336_00006405.jpg,/Users/phamtunglam/Documents/Projects/mSigLIP/code/artifacts/deployment/qnn_inputs/vn3k_train_calib_2000/raw/00600_pid1335_HoGuom_01_01336_00006405.raw,153,425
601,1535,train,DHHN_HVBCVT_00/01536_00006780.jpg,/Users/phamtunglam/Documents/Projects/mSigLIP/code/VN3K/imgs/DHHN_HVBCVT_00/01536_00006780.jpg,/Users/phamtunglam/Documents/Projects/mSigLIP/code/artifacts/deployment/qnn_inputs/vn3k_train_calib_2000/raw/00601_pid1535_DHHN_HVBCVT_00_01536_00006780.raw,72,225
602,252,train,HoGuom_00/00253_00007920.jpg,/Users/phamtunglam/Documents/Projects/mSigLIP/code/VN3K/imgs/HoGuom_00/00253_00007920.jpg,/Users/phamtunglam/Documents/Projects/mSigLIP/code/artifacts/deployment/qnn_inputs/vn3k_train_calib_2000/raw/00602_pid252_HoGuom_00_00253_00007920.raw,74,215
603,34,train,TEST_DATA/Person35.2/output_6.jpg,/Users/phamtunglam/Documents/Projects/mSigLIP/code/VN3K/imgs/TEST_DATA/Person35.2/output_6.jpg,/Users/phamtunglam/Documents/Projects/mSigLIP/code/artifacts/deployment/qnn_inputs/vn3k_train_calib_2000/raw/00603_pid34_TEST_DATA_Person35.2_output_6.raw,128,339
604,27,train,TEST_DATA/Person28.2/output_9.jpg,/Users/phamtunglam/Documents/Projects/mSigLIP/code/VN3K/imgs/TEST_DATA/Person28.2/output_9.jpg,/Users/phamtunglam/Documents/Projects/mSigLIP/code/artifacts/deployment/qnn_inputs/vn3k_train_calib_2000/raw/00604_pid27_TEST_DATA_Person28.2_output_9.raw,92,340
605,1042,train,HoGuom_01/01043_00000930.jpg,/Users/phamtunglam/Documents/Projects/mSigLIP/code/VN3K/imgs/HoGuom_01/01043_00000930.jpg,/Users/phamtunglam/Documents/Projects/mSigLIP/code/artifacts/deployment/qnn_inputs/vn3k_train_calib_2000/raw/00605_pid1042_HoGuom_01_01043_00000930.raw,306,797
606,1022,train,HoGuom_01/01023_00001980.jpg,/Users/phamtunglam/Documents/Projects/mSigLIP/code/VN3K/imgs/HoGuom_01/01023_00001980.jpg,/Users/phamtunglam/Documents/Projects/mSigLIP/code/artifacts/deployment/qnn_inputs/vn3k_train_calib_2000/raw/00606_pid1022_HoGuom_01_01023_00001980.raw,102,300
607,1697,train,DHHN_HVBCVT_00/01698_00006540.jpg,/Users/phamtunglam/Documents/Projects/mSigLIP/code/VN3K/imgs/DHHN_HVBCVT_00/01698_00006540.jpg,/Users/phamtunglam/Documents/Projects/mSigLIP/code/artifacts/deployment/qnn_inputs/vn3k_train_calib_2000/raw/00607_pid1697_DHHN_HVBCVT_00_01698_00006540.raw,188,513
608,1891,train,DHGTVT_00/01892_00004270.jpg,/Users/phamtunglam/Documents/Projects/mSigLIP/code/VN3K/imgs/DHGTVT_00/01892_00004270.jpg,/Users/phamtunglam/Documents/Projects/mSigLIP/code/artifacts/deployment/qnn_inputs/vn3k_train_calib_2000/raw/00608_pid1891_DHGTVT_00_01892_00004270.raw,108,264
609,1710,train,DHHN_HVBCVT_00/01711_00008895.jpg,/Users/phamtunglam/Documents/Projects/mSigLIP/code/VN3K/imgs/DHHN_HVBCVT_00/01711_00008895.jpg,/Users/phamtunglam/Documents/Projects/mSigLIP/code/artifacts/deployment/qnn_inputs/vn3k_train_calib_2000/raw/00609_pid1710_DHHN_HVBCVT_00_01711_00008895.raw,106,271
610,1691,train,DHHN_HVBCVT_00/01692_00003960.jpg,/Users/phamtunglam/Documents/Projects/mSigLIP/code/VN3K/imgs/DHHN_HVBCVT_00/01692_00003960.jpg,/Users/phamtunglam/Documents/Projects/mSigLIP/code/artifacts/deployment/qnn_inputs/vn3k_train_calib_2000/raw/00610_pid1691_DHHN_HVBCVT_00_01692_00003960.raw,73,216
611,1333,train,HoGuom_01/01334_00006165.jpg,/Users/phamtunglam/Documents/Projects/mSigLIP/code/VN3K/imgs/HoGuom_01/01334_00006165.jpg,/Users/phamtunglam/Documents/Projects/mSigLIP/code/artifacts/deployment/qnn_inputs/vn3k_train_calib_2000/raw/00611_pid1333_HoGuom_01_01334_00006165.raw,80,287
612,13,train,TEST_DATA/Person14.2/output_6.jpg,/Users/phamtunglam/Documents/Projects/mSigLIP/code/VN3K/imgs/TEST_DATA/Person14.2/output_6.jpg,/Users/phamtunglam/Documents/Projects/mSigLIP/code/artifacts/deployment/qnn_inputs/vn3k_train_calib_2000/raw/00612_pid13_TEST_DATA_Person14.2_output_6.raw,91,266
613,760,train,HoGuom_00/00761_00012915.jpg,/Users/phamtunglam/Documents/Projects/mSigLIP/code/VN3K/imgs/HoGuom_00/00761_00012915.jpg,/Users/phamtunglam/Documents/Projects/mSigLIP/code/artifacts/deployment/qnn_inputs/vn3k_train_calib_2000/raw/00613_pid760_HoGuom_00_00761_00012915.raw,76,160
614,584,train,HoGuom_00/00585_00005650.jpg,/Users/phamtunglam/Documents/Projects/mSigLIP/code/VN3K/imgs/HoGuom_00/00585_00005650.jpg,/Users/phamtunglam/Documents/Projects/mSigLIP/code/artifacts/deployment/qnn_inputs/vn3k_train_calib_2000/raw/00614_pid584_HoGuom_00_00585_00005650.raw,105,332
615,56,train,TEST_DATA/Person57.2/output_9.jpg,/Users/phamtunglam/Documents/Projects/mSigLIP/code/VN3K/imgs/TEST_DATA/Person57.2/output_9.jpg,/Users/phamtunglam/Documents/Projects/mSigLIP/code/artifacts/deployment/qnn_inputs/vn3k_train_calib_2000/raw/00615_pid56_TEST_DATA_Person57.2_output_9.raw,112,267
616,819,train,HoGuom_01/00820_00004980.jpg,/Users/phamtunglam/Documents/Projects/mSigLIP/code/VN3K/imgs/HoGuom_01/00820_00004980.jpg,/Users/phamtunglam/Documents/Projects/mSigLIP/code/artifacts/deployment/qnn_inputs/vn3k_train_calib_2000/raw/00616_pid819_HoGuom_01_00820_00004980.raw,89,202
617,1909,train,DHGTVT_00/01910_00008130.jpg,/Users/phamtunglam/Documents/Projects/mSigLIP/code/VN3K/imgs/DHGTVT_00/01910_00008130.jpg,/Users/phamtunglam/Documents/Projects/mSigLIP/code/artifacts/deployment/qnn_inputs/vn3k_train_calib_2000/raw/00617_pid1909_DHGTVT_00_01910_00008130.raw,135,261
618,677,train,HoGuom_00/00678_00008960.jpg,/Users/phamtunglam/Documents/Projects/mSigLIP/code/VN3K/imgs/HoGuom_00/00678_00008960.jpg,/Users/phamtunglam/Documents/Projects/mSigLIP/code/artifacts/deployment/qnn_inputs/vn3k_train_calib_2000/raw/00618_pid677_HoGuom_00_00678_00008960.raw,217,508
619,581,train,HoGuom_00/00582_00005650.jpg,/Users/phamtunglam/Documents/Projects/mSigLIP/code/VN3K/imgs/HoGuom_00/00582_00005650.jpg,/Users/phamtunglam/Documents/Projects/mSigLIP/code/artifacts/deployment/qnn_inputs/vn3k_train_calib_2000/raw/00619_pid581_HoGuom_00_00582_00005650.raw,83,194
620,115,train,HoGuom_00/00116_00002030.jpg,/Users/phamtunglam/Documents/Projects/mSigLIP/code/VN3K/imgs/HoGuom_00/00116_00002030.jpg,/Users/phamtunglam/Documents/Projects/mSigLIP/code/artifacts/deployment/qnn_inputs/vn3k_train_calib_2000/raw/00620_pid115_HoGuom_00_00116_00002030.raw,78,199
621,1250,train,HoGuom_01/01251_00004545.jpg,/Users/phamtunglam/Documents/Projects/mSigLIP/code/VN3K/imgs/HoGuom_01/01251_00004545.jpg,/Users/phamtunglam/Documents/Projects/mSigLIP/code/artifacts/deployment/qnn_inputs/vn3k_train_calib_2000/raw/00621_pid1250_HoGuom_01_01251_00004545.raw,210,567
622,299,train,HoGuom_00/00300_00009640.jpg,/Users/phamtunglam/Documents/Projects/mSigLIP/code/VN3K/imgs/HoGuom_00/00300_00009640.jpg,/Users/phamtunglam/Documents/Projects/mSigLIP/code/artifacts/deployment/qnn_inputs/vn3k_train_calib_2000/raw/00622_pid299_HoGuom_00_00300_00009640.raw,131,396
623,1169,train,HoGuom_01/01170_00001230.jpg,/Users/phamtunglam/Documents/Projects/mSigLIP/code/VN3K/imgs/HoGuom_01/01170_00001230.jpg,/Users/phamtunglam/Documents/Projects/mSigLIP/code/artifacts/deployment/qnn_inputs/vn3k_train_calib_2000/raw/00623_pid1169_HoGuom_01_01170_00001230.raw,156,434
624,65,train,TRAINNING_DATA/Person66/output_2.jpg,/Users/phamtunglam/Documents/Projects/mSigLIP/code/VN3K/imgs/TRAINNING_DATA/Person66/output_2.jpg,/Users/phamtunglam/Documents/Projects/mSigLIP/code/artifacts/deployment/qnn_inputs/vn3k_train_calib_2000/raw/00624_pid65_TRAINNING_DATA_Person66_output_2.raw,157,305
625,1854,train,DHGTVT_00/01855_00001650.jpg,/Users/phamtunglam/Documents/Projects/mSigLIP/code/VN3K/imgs/DHGTVT_00/01855_00001650.jpg,/Users/phamtunglam/Documents/Projects/mSigLIP/code/artifacts/deployment/qnn_inputs/vn3k_train_calib_2000/raw/00625_pid1854_DHGTVT_00_01855_00001650.raw,86,209
626,1369,train,HoGuom_01/01370_00007575.jpg,/Users/phamtunglam/Documents/Projects/mSigLIP/code/VN3K/imgs/HoGuom_01/01370_00007575.jpg,/Users/phamtunglam/Documents/Projects/mSigLIP/code/artifacts/deployment/qnn_inputs/vn3k_train_calib_2000/raw/00626_pid1369_HoGuom_01_01370_00007575.raw,99,277
627,1831,train,DHHN_HVBCVT_00/01832_00028950.jpg,/Users/phamtunglam/Documents/Projects/mSigLIP/code/VN3K/imgs/DHHN_HVBCVT_00/01832_00028950.jpg,/Users/phamtunglam/Documents/Projects/mSigLIP/code/artifacts/deployment/qnn_inputs/vn3k_train_calib_2000/raw/00627_pid1831_DHHN_HVBCVT_00_01832_00028950.raw,149,396
628,85,train,HoGuom_00/00086_00000625.jpg,/Users/phamtunglam/Documents/Projects/mSigLIP/code/VN3K/imgs/HoGuom_00/00086_00000625.jpg,/Users/phamtunglam/Documents/Projects/mSigLIP/code/artifacts/deployment/qnn_inputs/vn3k_train_calib_2000/raw/00628_pid85_HoGuom_00_00086_00000625.raw,197,434
629,1116,train,HoGuom_01/01117_00002265.jpg,/Users/phamtunglam/Documents/Projects/mSigLIP/code/VN3K/imgs/HoGuom_01/01117_00002265.jpg,/Users/phamtunglam/Documents/Projects/mSigLIP/code/artifacts/deployment/qnn_inputs/vn3k_train_calib_2000/raw/00629_pid1116_HoGuom_01_01117_00002265.raw,159,434
630,1104,train,HoGuom_01/01105_00001290.jpg,/Users/phamtunglam/Documents/Projects/mSigLIP/code/VN3K/imgs/HoGuom_01/01105_00001290.jpg,/Users/phamtunglam/Documents/Projects/mSigLIP/code/artifacts/deployment/qnn_inputs/vn3k_train_calib_2000/raw/00630_pid1104_HoGuom_01_01105_00001290.raw,72,189
631,1016,train,HoGuom_01/01017_00001005.jpg,/Users/phamtunglam/Documents/Projects/mSigLIP/code/VN3K/imgs/HoGuom_01/01017_00001005.jpg,/Users/phamtunglam/Documents/Projects/mSigLIP/code/artifacts/deployment/qnn_inputs/vn3k_train_calib_2000/raw/00631_pid1016_HoGuom_01_01017_00001005.raw,218,526
632,802,train,HoGuom_01/00803_00002265.jpg,/Users/phamtunglam/Documents/Projects/mSigLIP/code/VN3K/imgs/HoGuom_01/00803_00002265.jpg,/Users/phamtunglam/Documents/Projects/mSigLIP/code/artifacts/deployment/qnn_inputs/vn3k_train_calib_2000/raw/00632_pid802_HoGuom_01_00803_00002265.raw,192,488
633,14,train,TRAINNING_DATA/Person15/output_2.jpg,/Users/phamtunglam/Documents/Projects/mSigLIP/code/VN3K/imgs/TRAINNING_DATA/Person15/output_2.jpg,/Users/phamtunglam/Documents/Projects/mSigLIP/code/artifacts/deployment/qnn_inputs/vn3k_train_calib_2000/raw/00633_pid14_TRAINNING_DATA_Person15_output_2.raw,272,359
634,1221,train,HoGuom_01/01222_00004545.jpg,/Users/phamtunglam/Documents/Projects/mSigLIP/code/VN3K/imgs/HoGuom_01/01222_00004545.jpg,/Users/phamtunglam/Documents/Projects/mSigLIP/code/artifacts/deployment/qnn_inputs/vn3k_train_calib_2000/raw/00634_pid1221_HoGuom_01_01222_00004545.raw,70,201
635,1696,train,DHHN_HVBCVT_00/01697_00005820.jpg,/Users/phamtunglam/Documents/Projects/mSigLIP/code/VN3K/imgs/DHHN_HVBCVT_00/01697_00005820.jpg,/Users/phamtunglam/Documents/Projects/mSigLIP/code/artifacts/deployment/qnn_inputs/vn3k_train_calib_2000/raw/00635_pid1696_DHHN_HVBCVT_00_01697_00005820.raw,138,395
636,931,train,HoGuom_01/00932_00013530.jpg,/Users/phamtunglam/Documents/Projects/mSigLIP/code/VN3K/imgs/HoGuom_01/00932_00013530.jpg,/Users/phamtunglam/Documents/Projects/mSigLIP/code/artifacts/deployment/qnn_inputs/vn3k_train_calib_2000/raw/00636_pid931_HoGuom_01_00932_00013530.raw,85,274
637,1613,train,DHHN_HVBCVT_00/01614_00019845.jpg,/Users/phamtunglam/Documents/Projects/mSigLIP/code/VN3K/imgs/DHHN_HVBCVT_00/01614_00019845.jpg,/Users/phamtunglam/Documents/Projects/mSigLIP/code/artifacts/deployment/qnn_inputs/vn3k_train_calib_2000/raw/00637_pid1613_DHHN_HVBCVT_00_01614_00019845.raw,73,215
638,1682,train,DHHN_HVBCVT_00/01683_00002640.jpg,/Users/phamtunglam/Documents/Projects/mSigLIP/code/VN3K/imgs/DHHN_HVBCVT_00/01683_00002640.jpg,/Users/phamtunglam/Documents/Projects/mSigLIP/code/artifacts/deployment/qnn_inputs/vn3k_train_calib_2000/raw/00638_pid1682_DHHN_HVBCVT_00_01683_00002640.raw,74,276
639,17,train,TRAINNING_DATA/Person18/output_6.jpg,/Users/phamtunglam/Documents/Projects/mSigLIP/code/VN3K/imgs/TRAINNING_DATA/Person18/output_6.jpg,/Users/phamtunglam/Documents/Projects/mSigLIP/code/artifacts/deployment/qnn_inputs/vn3k_train_calib_2000/raw/00639_pid17_TRAINNING_DATA_Person18_output_6.raw,76,277
640,892,train,HoGuom_01/00893_00014565.jpg,/Users/phamtunglam/Documents/Projects/mSigLIP/code/VN3K/imgs/HoGuom_01/00893_00014565.jpg,/Users/phamtunglam/Documents/Projects/mSigLIP/code/artifacts/deployment/qnn_inputs/vn3k_train_calib_2000/raw/00640_pid892_HoGuom_01_00893_00014565.raw,66,154
641,1730,train,DHHN_HVBCVT_00/01731_00009420.jpg,/Users/phamtunglam/Documents/Projects/mSigLIP/code/VN3K/imgs/DHHN_HVBCVT_00/01731_00009420.jpg,/Users/phamtunglam/Documents/Projects/mSigLIP/code/artifacts/deployment/qnn_inputs/vn3k_train_calib_2000/raw/00641_pid1730_DHHN_HVBCVT_00_01731_00009420.raw,69,188
642,1237,train,HoGuom_01/01238_00004110.jpg,/Users/phamtunglam/Documents/Projects/mSigLIP/code/VN3K/imgs/HoGuom_01/01238_00004110.jpg,/Users/phamtunglam/Documents/Projects/mSigLIP/code/artifacts/deployment/qnn_inputs/vn3k_train_calib_2000/raw/00642_pid1237_HoGuom_01_01238_00004110.raw,120,368
643,1795,train,DHHN_HVBCVT_00/01796_00002100.jpg,/Users/phamtunglam/Documents/Projects/mSigLIP/code/VN3K/imgs/DHHN_HVBCVT_00/01796_00002100.jpg,/Users/phamtunglam/Documents/Projects/mSigLIP/code/artifacts/deployment/qnn_inputs/vn3k_train_calib_2000/raw/00643_pid1795_DHHN_HVBCVT_00_01796_00002100.raw,101,270
644,79,train,HoGuom_00/00080_00000805.jpg,/Users/phamtunglam/Documents/Projects/mSigLIP/code/VN3K/imgs/HoGuom_00/00080_00000805.jpg,/Users/phamtunglam/Documents/Projects/mSigLIP/code/artifacts/deployment/qnn_inputs/vn3k_train_calib_2000/raw/00644_pid79_HoGuom_00_00080_00000805.raw,109,228
645,1443,train,HoGuom_01/01444_2.jpg,/Users/phamtunglam/Documents/Projects/mSigLIP/code/VN3K/imgs/HoGuom_01/01444_2.jpg,/Users/phamtunglam/Documents/Projects/mSigLIP/code/artifacts/deployment/qnn_inputs/vn3k_train_calib_2000/raw/00645_pid1443_HoGuom_01_01444_2.raw,162,456
646,252,train,HoGuom_00/00253_00007915.jpg,/Users/phamtunglam/Documents/Projects/mSigLIP/code/VN3K/imgs/HoGuom_00/00253_00007915.jpg,/Users/phamtunglam/Documents/Projects/mSigLIP/code/artifacts/deployment/qnn_inputs/vn3k_train_calib_2000/raw/00646_pid252_HoGuom_00_00253_00007915.raw,75,216
647,1334,train,HoGuom_01/01335_00006555.jpg,/Users/phamtunglam/Documents/Projects/mSigLIP/code/VN3K/imgs/HoGuom_01/01335_00006555.jpg,/Users/phamtunglam/Documents/Projects/mSigLIP/code/artifacts/deployment/qnn_inputs/vn3k_train_calib_2000/raw/00647_pid1334_HoGuom_01_01335_00006555.raw,126,418
648,1364,train,HoGuom_01/01365_00005955.jpg,/Users/phamtunglam/Documents/Projects/mSigLIP/code/VN3K/imgs/HoGuom_01/01365_00005955.jpg,/Users/phamtunglam/Documents/Projects/mSigLIP/code/artifacts/deployment/qnn_inputs/vn3k_train_calib_2000/raw/00648_pid1364_HoGuom_01_01365_00005955.raw,271,664
649,1582,train,DHHN_HVBCVT_00/01583_00011820.jpg,/Users/phamtunglam/Documents/Projects/mSigLIP/code/VN3K/imgs/DHHN_HVBCVT_00/01583_00011820.jpg,/Users/phamtunglam/Documents/Projects/mSigLIP/code/artifacts/deployment/qnn_inputs/vn3k_train_calib_2000/raw/00649_pid1582_DHHN_HVBCVT_00_01583_00011820.raw,70,159
650,1159,train,HoGuom_01/01160_00000330.jpg,/Users/phamtunglam/Documents/Projects/mSigLIP/code/VN3K/imgs/HoGuom_01/01160_00000330.jpg,/Users/phamtunglam/Documents/Projects/mSigLIP/code/artifacts/deployment/qnn_inputs/vn3k_train_calib_2000/raw/00650_pid1159_HoGuom_01_01160_00000330.raw,85,212
651,779,train,HoGuom_01/00780_00000945.jpg,/Users/phamtunglam/Documents/Projects/mSigLIP/code/VN3K/imgs/HoGuom_01/00780_00000945.jpg,/Users/phamtunglam/Documents/Projects/mSigLIP/code/artifacts/deployment/qnn_inputs/vn3k_train_calib_2000/raw/00651_pid779_HoGuom_01_00780_00000945.raw,97,242
652,61,train,TRAINNING_DATA/Person62/output_2.jpg,/Users/phamtunglam/Documents/Projects/mSigLIP/code/VN3K/imgs/TRAINNING_DATA/Person62/output_2.jpg,/Users/phamtunglam/Documents/Projects/mSigLIP/code/artifacts/deployment/qnn_inputs/vn3k_train_calib_2000/raw/00652_pid61_TRAINNING_DATA_Person62_output_2.raw,100,270
653,1033,train,HoGuom_01/01034_00000060.jpg,/Users/phamtunglam/Documents/Projects/mSigLIP/code/VN3K/imgs/HoGuom_01/01034_00000060.jpg,/Users/phamtunglam/Documents/Projects/mSigLIP/code/artifacts/deployment/qnn_inputs/vn3k_train_calib_2000/raw/00653_pid1033_HoGuom_01_01034_00000060.raw,139,293
654,1215,train,HoGuom_01/01216_00003780.jpg,/Users/phamtunglam/Documents/Projects/mSigLIP/code/VN3K/imgs/HoGuom_01/01216_00003780.jpg,/Users/phamtunglam/Documents/Projects/mSigLIP/code/artifacts/deployment/qnn_inputs/vn3k_train_calib_2000/raw/00654_pid1215_HoGuom_01_01216_00003780.raw,64,202
655,711,train,HoGuom_00/00712_00011175.jpg,/Users/phamtunglam/Documents/Projects/mSigLIP/code/VN3K/imgs/HoGuom_00/00712_00011175.jpg,/Users/phamtunglam/Documents/Projects/mSigLIP/code/artifacts/deployment/qnn_inputs/vn3k_train_calib_2000/raw/00655_pid711_HoGuom_00_00712_00011175.raw,171,501
656,1416,train,HoGuom_01/01417_2.jpg,/Users/phamtunglam/Documents/Projects/mSigLIP/code/VN3K/imgs/HoGuom_01/01417_2.jpg,/Users/phamtunglam/Documents/Projects/mSigLIP/code/artifacts/deployment/qnn_inputs/vn3k_train_calib_2000/raw/00656_pid1416_HoGuom_01_01417_2.raw,108,316
657,210,train,HoGuom_00/00211_00005495.jpg,/Users/phamtunglam/Documents/Projects/mSigLIP/code/VN3K/imgs/HoGuom_00/00211_00005495.jpg,/Users/phamtunglam/Documents/Projects/mSigLIP/code/artifacts/deployment/qnn_inputs/vn3k_train_calib_2000/raw/00657_pid210_HoGuom_00_00211_00005495.raw,83,361
658,631,train,HoGuom_00/00632_00007430.jpg,/Users/phamtunglam/Documents/Projects/mSigLIP/code/VN3K/imgs/HoGuom_00/00632_00007430.jpg,/Users/phamtunglam/Documents/Projects/mSigLIP/code/artifacts/deployment/qnn_inputs/vn3k_train_calib_2000/raw/00658_pid631_HoGuom_00_00632_00007430.raw,238,594
659,1714,train,DHHN_HVBCVT_00/01715_00007650.jpg,/Users/phamtunglam/Documents/Projects/mSigLIP/code/VN3K/imgs/DHHN_HVBCVT_00/01715_00007650.jpg,/Users/phamtunglam/Documents/Projects/mSigLIP/code/artifacts/deployment/qnn_inputs/vn3k_train_calib_2000/raw/00659_pid1714_DHHN_HVBCVT_00_01715_00007650.raw,78,224
660,1255,train,HoGuom_01/01256_00005745.jpg,/Users/phamtunglam/Documents/Projects/mSigLIP/code/VN3K/imgs/HoGuom_01/01256_00005745.jpg,/Users/phamtunglam/Documents/Projects/mSigLIP/code/artifacts/deployment/qnn_inputs/vn3k_train_calib_2000/raw/00660_pid1255_HoGuom_01_01256_00005745.raw,148,349
661,133,train,HoGuom_00/00134_00002620.jpg,/Users/phamtunglam/Documents/Projects/mSigLIP/code/VN3K/imgs/HoGuom_00/00134_00002620.jpg,/Users/phamtunglam/Documents/Projects/mSigLIP/code/artifacts/deployment/qnn_inputs/vn3k_train_calib_2000/raw/00661_pid133_HoGuom_00_00134_00002620.raw,154,327
662,356,train,HoGuom_00/00357_00011985.jpg,/Users/phamtunglam/Documents/Projects/mSigLIP/code/VN3K/imgs/HoGuom_00/00357_00011985.jpg,/Users/phamtunglam/Documents/Projects/mSigLIP/code/artifacts/deployment/qnn_inputs/vn3k_train_calib_2000/raw/00662_pid356_HoGuom_00_00357_00011985.raw,198,499
663,1615,train,DHHN_HVBCVT_00/01616_00020220.jpg,/Users/phamtunglam/Documents/Projects/mSigLIP/code/VN3K/imgs/DHHN_HVBCVT_00/01616_00020220.jpg,/Users/phamtunglam/Documents/Projects/mSigLIP/code/artifacts/deployment/qnn_inputs/vn3k_train_calib_2000/raw/00663_pid1615_DHHN_HVBCVT_00_01616_00020220.raw,64,165
664,1269,train,HoGuom_01/01270_00005760.jpg,/Users/phamtunglam/Documents/Projects/mSigLIP/code/VN3K/imgs/HoGuom_01/01270_00005760.jpg,/Users/phamtunglam/Documents/Projects/mSigLIP/code/artifacts/deployment/qnn_inputs/vn3k_train_calib_2000/raw/00664_pid1269_HoGuom_01_01270_00005760.raw,88,224
665,1832,train,DHHN_HVBCVT_00/01833_00028830.jpg,/Users/phamtunglam/Documents/Projects/mSigLIP/code/VN3K/imgs/DHHN_HVBCVT_00/01833_00028830.jpg,/Users/phamtunglam/Documents/Projects/mSigLIP/code/artifacts/deployment/qnn_inputs/vn3k_train_calib_2000/raw/00665_pid1832_DHHN_HVBCVT_00_01833_00028830.raw,83,249
666,1308,train,HoGuom_01/01309_00007605.jpg,/Users/phamtunglam/Documents/Projects/mSigLIP/code/VN3K/imgs/HoGuom_01/01309_00007605.jpg,/Users/phamtunglam/Documents/Projects/mSigLIP/code/artifacts/deployment/qnn_inputs/vn3k_train_calib_2000/raw/00666_pid1308_HoGuom_01_01309_00007605.raw,82,200
667,1004,train,HoGuom_01/01005_00001980.jpg,/Users/phamtunglam/Documents/Projects/mSigLIP/code/VN3K/imgs/HoGuom_01/01005_00001980.jpg,/Users/phamtunglam/Documents/Projects/mSigLIP/code/artifacts/deployment/qnn_inputs/vn3k_train_calib_2000/raw/00667_pid1004_HoGuom_01_01005_00001980.raw,80,177
668,962,train,HoGuom_01/00963_00004950.jpg,/Users/phamtunglam/Documents/Projects/mSigLIP/code/VN3K/imgs/HoGuom_01/00963_00004950.jpg,/Users/phamtunglam/Documents/Projects/mSigLIP/code/artifacts/deployment/qnn_inputs/vn3k_train_calib_2000/raw/00668_pid962_HoGuom_01_00963_00004950.raw,95,260
669,1974,train,DHGTVT_00/01975_00028760.jpg,/Users/phamtunglam/Documents/Projects/mSigLIP/code/VN3K/imgs/DHGTVT_00/01975_00028760.jpg,/Users/phamtunglam/Documents/Projects/mSigLIP/code/artifacts/deployment/qnn_inputs/vn3k_train_calib_2000/raw/00669_pid1974_DHGTVT_00_01975_00028760.raw,104,319
670,264,train,HoGuom_00/00265_00008360.jpg,/Users/phamtunglam/Documents/Projects/mSigLIP/code/VN3K/imgs/HoGuom_00/00265_00008360.jpg,/Users/phamtunglam/Documents/Projects/mSigLIP/code/artifacts/deployment/qnn_inputs/vn3k_train_calib_2000/raw/00670_pid264_HoGuom_00_00265_00008360.raw,115,194
671,608,train,HoGuom_00/00609_00007010.jpg,/Users/phamtunglam/Documents/Projects/mSigLIP/code/VN3K/imgs/HoGuom_00/00609_00007010.jpg,/Users/phamtunglam/Documents/Projects/mSigLIP/code/artifacts/deployment/qnn_inputs/vn3k_train_calib_2000/raw/00671_pid608_HoGuom_00_00609_00007010.raw,196,578
672,1953,train,DHGTVT_00/01954_00012730.jpg,/Users/phamtunglam/Documents/Projects/mSigLIP/code/VN3K/imgs/DHGTVT_00/01954_00012730.jpg,/Users/phamtunglam/Documents/Projects/mSigLIP/code/artifacts/deployment/qnn_inputs/vn3k_train_calib_2000/raw/00672_pid1953_DHGTVT_00_01954_00012730.raw,94,221
673,1724,train,DHHN_HVBCVT_00/01725_00012645.jpg,/Users/phamtunglam/Documents/Projects/mSigLIP/code/VN3K/imgs/DHHN_HVBCVT_00/01725_00012645.jpg,/Users/phamtunglam/Documents/Projects/mSigLIP/code/artifacts/deployment/qnn_inputs/vn3k_train_calib_2000/raw/00673_pid1724_DHHN_HVBCVT_00_01725_00012645.raw,130,335
674,1290,train,HoGuom_01/01291_00006780.jpg,/Users/phamtunglam/Documents/Projects/mSigLIP/code/VN3K/imgs/HoGuom_01/01291_00006780.jpg,/Users/phamtunglam/Documents/Projects/mSigLIP/code/artifacts/deployment/qnn_inputs/vn3k_train_calib_2000/raw/00674_pid1290_HoGuom_01_01291_00006780.raw,63,147
675,109,train,HoGuom_00/00110_00002125.jpg,/Users/phamtunglam/Documents/Projects/mSigLIP/code/VN3K/imgs/HoGuom_00/00110_00002125.jpg,/Users/phamtunglam/Documents/Projects/mSigLIP/code/artifacts/deployment/qnn_inputs/vn3k_train_calib_2000/raw/00675_pid109_HoGuom_00_00110_00002125.raw,246,561
676,264,train,HoGuom_00/00265_00008690.jpg,/Users/phamtunglam/Documents/Projects/mSigLIP/code/VN3K/imgs/HoGuom_00/00265_00008690.jpg,/Users/phamtunglam/Documents/Projects/mSigLIP/code/artifacts/deployment/qnn_inputs/vn3k_train_calib_2000/raw/00676_pid264_HoGuom_00_00265_00008690.raw,95,163
677,1506,train,DHHN_HVBCVT_00/01507_00007200.jpg,/Users/phamtunglam/Documents/Projects/mSigLIP/code/VN3K/imgs/DHHN_HVBCVT_00/01507_00007200.jpg,/Users/phamtunglam/Documents/Projects/mSigLIP/code/artifacts/deployment/qnn_inputs/vn3k_train_calib_2000/raw/00677_pid1506_DHHN_HVBCVT_00_01507_00007200.raw,271,907
678,485,train,HoGuom_00/00486_00017270.jpg,/Users/phamtunglam/Documents/Projects/mSigLIP/code/VN3K/imgs/HoGuom_00/00486_00017270.jpg,/Users/phamtunglam/Documents/Projects/mSigLIP/code/artifacts/deployment/qnn_inputs/vn3k_train_calib_2000/raw/00678_pid485_HoGuom_00_00486_00017270.raw,232,611
679,49,train,TRAINNING_DATA/Person50/output_6.jpg,/Users/phamtunglam/Documents/Projects/mSigLIP/code/VN3K/imgs/TRAINNING_DATA/Person50/output_6.jpg,/Users/phamtunglam/Documents/Projects/mSigLIP/code/artifacts/deployment/qnn_inputs/vn3k_train_calib_2000/raw/00679_pid49_TRAINNING_DATA_Person50_output_6.raw,119,317
680,995,train,HoGuom_01/00996_00099620.jpg,/Users/phamtunglam/Documents/Projects/mSigLIP/code/VN3K/imgs/HoGuom_01/00996_00099620.jpg,/Users/phamtunglam/Documents/Projects/mSigLIP/code/artifacts/deployment/qnn_inputs/vn3k_train_calib_2000/raw/00680_pid995_HoGuom_01_00996_00099620.raw,153,382
681,777,train,HoGuom_01/00778_00001050.jpg,/Users/phamtunglam/Documents/Projects/mSigLIP/code/VN3K/imgs/HoGuom_01/00778_00001050.jpg,/Users/phamtunglam/Documents/Projects/mSigLIP/code/artifacts/deployment/qnn_inputs/vn3k_train_calib_2000/raw/00681_pid777_HoGuom_01_00778_00001050.raw,68,139
682,939,train,HoGuom_01/00940_00000930.jpg,/Users/phamtunglam/Documents/Projects/mSigLIP/code/VN3K/imgs/HoGuom_01/00940_00000930.jpg,/Users/phamtunglam/Documents/Projects/mSigLIP/code/artifacts/deployment/qnn_inputs/vn3k_train_calib_2000/raw/00682_pid939_HoGuom_01_00940_00000930.raw,98,263
683,1604,train,DHHN_HVBCVT_00/01605_00018105.jpg,/Users/phamtunglam/Documents/Projects/mSigLIP/code/VN3K/imgs/DHHN_HVBCVT_00/01605_00018105.jpg,/Users/phamtunglam/Documents/Projects/mSigLIP/code/artifacts/deployment/qnn_inputs/vn3k_train_calib_2000/raw/00683_pid1604_DHHN_HVBCVT_00_01605_00018105.raw,81,259
684,1131,train,HoGuom_01/01132_00002565.jpg,/Users/phamtunglam/Documents/Projects/mSigLIP/code/VN3K/imgs/HoGuom_01/01132_00002565.jpg,/Users/phamtunglam/Documents/Projects/mSigLIP/code/artifacts/deployment/qnn_inputs/vn3k_train_calib_2000/raw/00684_pid1131_HoGuom_01_01132_00002565.raw,79,224
685,1279,train,HoGuom_01/01280_00008160.jpg,/Users/phamtunglam/Documents/Projects/mSigLIP/code/VN3K/imgs/HoGuom_01/01280_00008160.jpg,/Users/phamtunglam/Documents/Projects/mSigLIP/code/artifacts/deployment/qnn_inputs/vn3k_train_calib_2000/raw/00685_pid1279_HoGuom_01_01280_00008160.raw,165,394
686,312,train,HoGuom_00/00313_00010170.jpg,/Users/phamtunglam/Documents/Projects/mSigLIP/code/VN3K/imgs/HoGuom_00/00313_00010170.jpg,/Users/phamtunglam/Documents/Projects/mSigLIP/code/artifacts/deployment/qnn_inputs/vn3k_train_calib_2000/raw/00686_pid312_HoGuom_00_00313_00010170.raw,147,381
687,1342,train,HoGuom_01/01343_00006315.jpg,/Users/phamtunglam/Documents/Projects/mSigLIP/code/VN3K/imgs/HoGuom_01/01343_00006315.jpg,/Users/phamtunglam/Documents/Projects/mSigLIP/code/artifacts/deployment/qnn_inputs/vn3k_train_calib_2000/raw/00687_pid1342_HoGuom_01_01343_00006315.raw,162,509
688,771,train,HoGuom_01/00772_00000045.jpg,/Users/phamtunglam/Documents/Projects/mSigLIP/code/VN3K/imgs/HoGuom_01/00772_00000045.jpg,/Users/phamtunglam/Documents/Projects/mSigLIP/code/artifacts/deployment/qnn_inputs/vn3k_train_calib_2000/raw/00688_pid771_HoGuom_01_00772_00000045.raw,90,260
689,1257,train,HoGuom_01/01258_00006975.jpg,/Users/phamtunglam/Documents/Projects/mSigLIP/code/VN3K/imgs/HoGuom_01/01258_00006975.jpg,/Users/phamtunglam/Documents/Projects/mSigLIP/code/artifacts/deployment/qnn_inputs/vn3k_train_calib_2000/raw/00689_pid1257_HoGuom_01_01258_00006975.raw,67,162
690,914,train,HoGuom_01/00915_00005310.jpg,/Users/phamtunglam/Documents/Projects/mSigLIP/code/VN3K/imgs/HoGuom_01/00915_00005310.jpg,/Users/phamtunglam/Documents/Projects/mSigLIP/code/artifacts/deployment/qnn_inputs/vn3k_train_calib_2000/raw/00690_pid914_HoGuom_01_00915_00005310.raw,184,602
691,1189,train,HoGuom_01/01190_00002370.jpg,/Users/phamtunglam/Documents/Projects/mSigLIP/code/VN3K/imgs/HoGuom_01/01190_00002370.jpg,/Users/phamtunglam/Documents/Projects/mSigLIP/code/artifacts/deployment/qnn_inputs/vn3k_train_calib_2000/raw/00691_pid1189_HoGuom_01_01190_00002370.raw,333,723
692,903,train,HoGuom_01/00904_00001620.jpg,/Users/phamtunglam/Documents/Projects/mSigLIP/code/VN3K/imgs/HoGuom_01/00904_00001620.jpg,/Users/phamtunglam/Documents/Projects/mSigLIP/code/artifacts/deployment/qnn_inputs/vn3k_train_calib_2000/raw/00692_pid903_HoGuom_01_00904_00001620.raw,79,192
693,1894,train,DHGTVT_00/01895_00005110.jpg,/Users/phamtunglam/Documents/Projects/mSigLIP/code/VN3K/imgs/DHGTVT_00/01895_00005110.jpg,/Users/phamtunglam/Documents/Projects/mSigLIP/code/artifacts/deployment/qnn_inputs/vn3k_train_calib_2000/raw/00693_pid1894_DHGTVT_00_01895_00005110.raw,98,244
694,1839,train,DHHN_HVBCVT_00/01840_00032640.jpg,/Users/phamtunglam/Documents/Projects/mSigLIP/code/VN3K/imgs/DHHN_HVBCVT_00/01840_00032640.jpg,/Users/phamtunglam/Documents/Projects/mSigLIP/code/artifacts/deployment/qnn_inputs/vn3k_train_calib_2000/raw/00694_pid1839_DHHN_HVBCVT_00_01840_00032640.raw,93,206
695,211,train,HoGuom_00/00212_00005620.jpg,/Users/phamtunglam/Documents/Projects/mSigLIP/code/VN3K/imgs/HoGuom_00/00212_00005620.jpg,/Users/phamtunglam/Documents/Projects/mSigLIP/code/artifacts/deployment/qnn_inputs/vn3k_train_calib_2000/raw/00695_pid211_HoGuom_00_00212_00005620.raw,66,154
696,662,train,HoGuom_00/00663_00008745.jpg,/Users/phamtunglam/Documents/Projects/mSigLIP/code/VN3K/imgs/HoGuom_00/00663_00008745.jpg,/Users/phamtunglam/Documents/Projects/mSigLIP/code/artifacts/deployment/qnn_inputs/vn3k_train_calib_2000/raw/00696_pid662_HoGuom_00_00663_00008745.raw,137,465
697,1669,train,DHHN_HVBCVT_00/01670_00050910.jpg,/Users/phamtunglam/Documents/Projects/mSigLIP/code/VN3K/imgs/DHHN_HVBCVT_00/01670_00050910.jpg,/Users/phamtunglam/Documents/Projects/mSigLIP/code/artifacts/deployment/qnn_inputs/vn3k_train_calib_2000/raw/00697_pid1669_DHHN_HVBCVT_00_01670_00050910.raw,82,264
698,978,train,HoGuom_01/00979_00006630.jpg,/Users/phamtunglam/Documents/Projects/mSigLIP/code/VN3K/imgs/HoGuom_01/00979_00006630.jpg,/Users/phamtunglam/Documents/Projects/mSigLIP/code/artifacts/deployment/qnn_inputs/vn3k_train_calib_2000/raw/00698_pid978_HoGuom_01_00979_00006630.raw,88,206
699,826,train,HoGuom_01/00827_00006765.jpg,/Users/phamtunglam/Documents/Projects/mSigLIP/code/VN3K/imgs/HoGuom_01/00827_00006765.jpg,/Users/phamtunglam/Documents/Projects/mSigLIP/code/artifacts/deployment/qnn_inputs/vn3k_train_calib_2000/raw/00699_pid826_HoGuom_01_00827_00006765.raw,91,260
700,1283,train,HoGuom_01/01284_00005235.jpg,/Users/phamtunglam/Documents/Projects/mSigLIP/code/VN3K/imgs/HoGuom_01/01284_00005235.jpg,/Users/phamtunglam/Documents/Projects/mSigLIP/code/artifacts/deployment/qnn_inputs/vn3k_train_calib_2000/raw/00700_pid1283_HoGuom_01_01284_00005235.raw,77,196
701,1219,train,HoGuom_01/01220_00004350.jpg,/Users/phamtunglam/Documents/Projects/mSigLIP/code/VN3K/imgs/HoGuom_01/01220_00004350.jpg,/Users/phamtunglam/Documents/Projects/mSigLIP/code/artifacts/deployment/qnn_inputs/vn3k_train_calib_2000/raw/00701_pid1219_HoGuom_01_01220_00004350.raw,144,374
702,1842,train,HoGuom_00/01843_00014000.jpg,/Users/phamtunglam/Documents/Projects/mSigLIP/code/VN3K/imgs/HoGuom_00/01843_00014000.jpg,/Users/phamtunglam/Documents/Projects/mSigLIP/code/artifacts/deployment/qnn_inputs/vn3k_train_calib_2000/raw/00702_pid1842_HoGuom_00_01843_00014000.raw,82,251
703,1588,train,DHHN_HVBCVT_00/01589_00008520.jpg,/Users/phamtunglam/Documents/Projects/mSigLIP/code/VN3K/imgs/DHHN_HVBCVT_00/01589_00008520.jpg,/Users/phamtunglam/Documents/Projects/mSigLIP/code/artifacts/deployment/qnn_inputs/vn3k_train_calib_2000/raw/00703_pid1588_DHHN_HVBCVT_00_01589_00008520.raw,93,254
704,524,train,HoGuom_00/00525_00002545.jpg,/Users/phamtunglam/Documents/Projects/mSigLIP/code/VN3K/imgs/HoGuom_00/00525_00002545.jpg,/Users/phamtunglam/Documents/Projects/mSigLIP/code/artifacts/deployment/qnn_inputs/vn3k_train_calib_2000/raw/00704_pid524_HoGuom_00_00525_00002545.raw,274,738
705,1358,train,HoGuom_01/01359_00008040.jpg,/Users/phamtunglam/Documents/Projects/mSigLIP/code/VN3K/imgs/HoGuom_01/01359_00008040.jpg,/Users/phamtunglam/Documents/Projects/mSigLIP/code/artifacts/deployment/qnn_inputs/vn3k_train_calib_2000/raw/00705_pid1358_HoGuom_01_01359_00008040.raw,70,238
706,295,train,HoGuom_00/00296_00009635.jpg,/Users/phamtunglam/Documents/Projects/mSigLIP/code/VN3K/imgs/HoGuom_00/00296_00009635.jpg,/Users/phamtunglam/Documents/Projects/mSigLIP/code/artifacts/deployment/qnn_inputs/vn3k_train_calib_2000/raw/00706_pid295_HoGuom_00_00296_00009635.raw,123,320
707,738,train,HoGuom_00/00739_00012745.jpg,/Users/phamtunglam/Documents/Projects/mSigLIP/code/VN3K/imgs/HoGuom_00/00739_00012745.jpg,/Users/phamtunglam/Documents/Projects/mSigLIP/code/artifacts/deployment/qnn_inputs/vn3k_train_calib_2000/raw/00707_pid738_HoGuom_00_00739_00012745.raw,159,480
708,1468,train,HoGuom_01/01469_1.jpg,/Users/phamtunglam/Documents/Projects/mSigLIP/code/VN3K/imgs/HoGuom_01/01469_1.jpg,/Users/phamtunglam/Documents/Projects/mSigLIP/code/artifacts/deployment/qnn_inputs/vn3k_train_calib_2000/raw/00708_pid1468_HoGuom_01_01469_1.raw,93,258
709,232,train,HoGuom_00/00233_00006545.jpg,/Users/phamtunglam/Documents/Projects/mSigLIP/code/VN3K/imgs/HoGuom_00/00233_00006545.jpg,/Users/phamtunglam/Documents/Projects/mSigLIP/code/artifacts/deployment/qnn_inputs/vn3k_train_calib_2000/raw/00709_pid232_HoGuom_00_00233_00006545.raw,138,410
710,1958,train,DHGTVT_00/01959_00017950.jpg,/Users/phamtunglam/Documents/Projects/mSigLIP/code/VN3K/imgs/DHGTVT_00/01959_00017950.jpg,/Users/phamtunglam/Documents/Projects/mSigLIP/code/artifacts/deployment/qnn_inputs/vn3k_train_calib_2000/raw/00710_pid1958_DHGTVT_00_01959_00017950.raw,66,177
711,1345,train,HoGuom_01/01346_00006375.jpg,/Users/phamtunglam/Documents/Projects/mSigLIP/code/VN3K/imgs/HoGuom_01/01346_00006375.jpg,/Users/phamtunglam/Documents/Projects/mSigLIP/code/artifacts/deployment/qnn_inputs/vn3k_train_calib_2000/raw/00711_pid1345_HoGuom_01_01346_00006375.raw,306,887
712,24,train,TEST_DATA/Person25.2/output_12.jpg,/Users/phamtunglam/Documents/Projects/mSigLIP/code/VN3K/imgs/TEST_DATA/Person25.2/output_12.jpg,/Users/phamtunglam/Documents/Projects/mSigLIP/code/artifacts/deployment/qnn_inputs/vn3k_train_calib_2000/raw/00712_pid24_TEST_DATA_Person25.2_output_12.raw,169,335
713,205,train,HoGuom_00/00206_00005240.jpg,/Users/phamtunglam/Documents/Projects/mSigLIP/code/VN3K/imgs/HoGuom_00/00206_00005240.jpg,/Users/phamtunglam/Documents/Projects/mSigLIP/code/artifacts/deployment/qnn_inputs/vn3k_train_calib_2000/raw/00713_pid205_HoGuom_00_00206_00005240.raw,80,230
714,1614,train,DHHN_HVBCVT_00/01615_00020055.jpg,/Users/phamtunglam/Documents/Projects/mSigLIP/code/VN3K/imgs/DHHN_HVBCVT_00/01615_00020055.jpg,/Users/phamtunglam/Documents/Projects/mSigLIP/code/artifacts/deployment/qnn_inputs/vn3k_train_calib_2000/raw/00714_pid1614_DHHN_HVBCVT_00_01615_00020055.raw,173,459
715,20,train,TRAINNING_DATA/Person21/output_12.jpg,/Users/phamtunglam/Documents/Projects/mSigLIP/code/VN3K/imgs/TRAINNING_DATA/Person21/output_12.jpg,/Users/phamtunglam/Documents/Projects/mSigLIP/code/artifacts/deployment/qnn_inputs/vn3k_train_calib_2000/raw/00715_pid20_TRAINNING_DATA_Person21_output_12.raw,202,363
716,1763,train,DHHN_HVBCVT_00/01764_00000855.jpg,/Users/phamtunglam/Documents/Projects/mSigLIP/code/VN3K/imgs/DHHN_HVBCVT_00/01764_00000855.jpg,/Users/phamtunglam/Documents/Projects/mSigLIP/code/artifacts/deployment/qnn_inputs/vn3k_train_calib_2000/raw/00716_pid1763_DHHN_HVBCVT_00_01764_00000855.raw,86,239
717,708,train,HoGuom_00/00709_00010410.jpg,/Users/phamtunglam/Documents/Projects/mSigLIP/code/VN3K/imgs/HoGuom_00/00709_00010410.jpg,/Users/phamtunglam/Documents/Projects/mSigLIP/code/artifacts/deployment/qnn_inputs/vn3k_train_calib_2000/raw/00717_pid708_HoGuom_00_00709_00010410.raw,225,636
718,1454,train,HoGuom_01/01455_1.jpg,/Users/phamtunglam/Documents/Projects/mSigLIP/code/VN3K/imgs/HoGuom_01/01455_1.jpg,/Users/phamtunglam/Documents/Projects/mSigLIP/code/artifacts/deployment/qnn_inputs/vn3k_train_calib_2000/raw/00718_pid1454_HoGuom_01_01455_1.raw,146,368
719,1107,train,HoGuom_01/01108_00002265.jpg,/Users/phamtunglam/Documents/Projects/mSigLIP/code/VN3K/imgs/HoGuom_01/01108_00002265.jpg,/Users/phamtunglam/Documents/Projects/mSigLIP/code/artifacts/deployment/qnn_inputs/vn3k_train_calib_2000/raw/00719_pid1107_HoGuom_01_01108_00002265.raw,115,255
720,1654,train,DHHN_HVBCVT_00/01655_00043080.jpg,/Users/phamtunglam/Documents/Projects/mSigLIP/code/VN3K/imgs/DHHN_HVBCVT_00/01655_00043080.jpg,/Users/phamtunglam/Documents/Projects/mSigLIP/code/artifacts/deployment/qnn_inputs/vn3k_train_calib_2000/raw/00720_pid1654_DHHN_HVBCVT_00_01655_00043080.raw,63,164
721,45,train,TRAINNING_DATA/Person46/output_9.jpg,/Users/phamtunglam/Documents/Projects/mSigLIP/code/VN3K/imgs/TRAINNING_DATA/Person46/output_9.jpg,/Users/phamtunglam/Documents/Projects/mSigLIP/code/artifacts/deployment/qnn_inputs/vn3k_train_calib_2000/raw/00721_pid45_TRAINNING_DATA_Person46_output_9.raw,140,279
722,1995,train,TamChuc_01/01996_2.jpg,/Users/phamtunglam/Documents/Projects/mSigLIP/code/VN3K/imgs/TamChuc_01/01996_2.jpg,/Users/phamtunglam/Documents/Projects/mSigLIP/code/artifacts/deployment/qnn_inputs/vn3k_train_calib_2000/raw/00722_pid1995_TamChuc_01_01996_2.raw,290,725
723,510,train,HoGuom_00/00511_00001425.jpg,/Users/phamtunglam/Documents/Projects/mSigLIP/code/VN3K/imgs/HoGuom_00/00511_00001425.jpg,/Users/phamtunglam/Documents/Projects/mSigLIP/code/artifacts/deployment/qnn_inputs/vn3k_train_calib_2000/raw/00723_pid510_HoGuom_00_00511_00001425.raw,289,523
724,1301,train,HoGuom_01/01302_00007125.jpg,/Users/phamtunglam/Documents/Projects/mSigLIP/code/VN3K/imgs/HoGuom_01/01302_00007125.jpg,/Users/phamtunglam/Documents/Projects/mSigLIP/code/artifacts/deployment/qnn_inputs/vn3k_train_calib_2000/raw/00724_pid1301_HoGuom_01_01302_00007125.raw,197,532
725,1683,train,DHHN_HVBCVT_00/01684_00002520.jpg,/Users/phamtunglam/Documents/Projects/mSigLIP/code/VN3K/imgs/DHHN_HVBCVT_00/01684_00002520.jpg,/Users/phamtunglam/Documents/Projects/mSigLIP/code/artifacts/deployment/qnn_inputs/vn3k_train_calib_2000/raw/00725_pid1683_DHHN_HVBCVT_00_01684_00002520.raw,99,220
726,1858,train,DHGTVT_00/01859_00002730.jpg,/Users/phamtunglam/Documents/Projects/mSigLIP/code/VN3K/imgs/DHGTVT_00/01859_00002730.jpg,/Users/phamtunglam/Documents/Projects/mSigLIP/code/artifacts/deployment/qnn_inputs/vn3k_train_calib_2000/raw/00726_pid1858_DHGTVT_00_01859_00002730.raw,88,220
727,51,train,TEST_DATA/Person52.2/output_2.jpg,/Users/phamtunglam/Documents/Projects/mSigLIP/code/VN3K/imgs/TEST_DATA/Person52.2/output_2.jpg,/Users/phamtunglam/Documents/Projects/mSigLIP/code/artifacts/deployment/qnn_inputs/vn3k_train_calib_2000/raw/00727_pid51_TEST_DATA_Person52.2_output_2.raw,80,195
728,1179,train,HoGuom_01/01180_00001620.jpg,/Users/phamtunglam/Documents/Projects/mSigLIP/code/VN3K/imgs/HoGuom_01/01180_00001620.jpg,/Users/phamtunglam/Documents/Projects/mSigLIP/code/artifacts/deployment/qnn_inputs/vn3k_train_calib_2000/raw/00728_pid1179_HoGuom_01_01180_00001620.raw,302,774
729,1347,train,HoGuom_01/01348_00007755.jpg,/Users/phamtunglam/Documents/Projects/mSigLIP/code/VN3K/imgs/HoGuom_01/01348_00007755.jpg,/Users/phamtunglam/Documents/Projects/mSigLIP/code/artifacts/deployment/qnn_inputs/vn3k_train_calib_2000/raw/00729_pid1347_HoGuom_01_01348_00007755.raw,205,457
730,996,train,HoGuom_01/00997_00000570.jpg,/Users/phamtunglam/Documents/Projects/mSigLIP/code/VN3K/imgs/HoGuom_01/00997_00000570.jpg,/Users/phamtunglam/Documents/Projects/mSigLIP/code/artifacts/deployment/qnn_inputs/vn3k_train_calib_2000/raw/00730_pid996_HoGuom_01_00997_00000570.raw,175,364
731,425,train,HoGuom_00/00426_00014555.jpg,/Users/phamtunglam/Documents/Projects/mSigLIP/code/VN3K/imgs/HoGuom_00/00426_00014555.jpg,/Users/phamtunglam/Documents/Projects/mSigLIP/code/artifacts/deployment/qnn_inputs/vn3k_train_calib_2000/raw/00731_pid425_HoGuom_00_00426_00014555.raw,77,214
732,1504,train,DHHN_HVBCVT_00/01505_00004785.jpg,/Users/phamtunglam/Documents/Projects/mSigLIP/code/VN3K/imgs/DHHN_HVBCVT_00/01505_00004785.jpg,/Users/phamtunglam/Documents/Projects/mSigLIP/code/artifacts/deployment/qnn_inputs/vn3k_train_calib_2000/raw/00732_pid1504_DHHN_HVBCVT_00_01505_00004785.raw,75,217
733,1183,train,HoGuom_01/01184_00001335.jpg,/Users/phamtunglam/Documents/Projects/mSigLIP/code/VN3K/imgs/HoGuom_01/01184_00001335.jpg,/Users/phamtunglam/Documents/Projects/mSigLIP/code/artifacts/deployment/qnn_inputs/vn3k_train_calib_2000/raw/00733_pid1183_HoGuom_01_01184_00001335.raw,246,728
734,775,train,HoGuom_01/00776_00000750.jpg,/Users/phamtunglam/Documents/Projects/mSigLIP/code/VN3K/imgs/HoGuom_01/00776_00000750.jpg,/Users/phamtunglam/Documents/Projects/mSigLIP/code/artifacts/deployment/qnn_inputs/vn3k_train_calib_2000/raw/00734_pid775_HoGuom_01_00776_00000750.raw,124,279
735,1642,train,DHHN_HVBCVT_00/01643_00038715.jpg,/Users/phamtunglam/Documents/Projects/mSigLIP/code/VN3K/imgs/DHHN_HVBCVT_00/01643_00038715.jpg,/Users/phamtunglam/Documents/Projects/mSigLIP/code/artifacts/deployment/qnn_inputs/vn3k_train_calib_2000/raw/00735_pid1642_DHHN_HVBCVT_00_01643_00038715.raw,109,303
736,955,train,HoGuom_01/00956_00003840.jpg,/Users/phamtunglam/Documents/Projects/mSigLIP/code/VN3K/imgs/HoGuom_01/00956_00003840.jpg,/Users/phamtunglam/Documents/Projects/mSigLIP/code/artifacts/deployment/qnn_inputs/vn3k_train_calib_2000/raw/00736_pid955_HoGuom_01_00956_00003840.raw,117,382
737,1611,train,DHHN_HVBCVT_00/01612_00019680.jpg,/Users/phamtunglam/Documents/Projects/mSigLIP/code/VN3K/imgs/DHHN_HVBCVT_00/01612_00019680.jpg,/Users/phamtunglam/Documents/Projects/mSigLIP/code/artifacts/deployment/qnn_inputs/vn3k_train_calib_2000/raw/00737_pid1611_DHHN_HVBCVT_00_01612_00019680.raw,276,628
738,16,train,TRAINNING_DATA/Person17/output_2.jpg,/Users/phamtunglam/Documents/Projects/mSigLIP/code/VN3K/imgs/TRAINNING_DATA/Person17/output_2.jpg,/Users/phamtunglam/Documents/Projects/mSigLIP/code/artifacts/deployment/qnn_inputs/vn3k_train_calib_2000/raw/00738_pid16_TRAINNING_DATA_Person17_output_2.raw,150,276
739,1455,train,HoGuom_01/01456_1.jpg,/Users/phamtunglam/Documents/Projects/mSigLIP/code/VN3K/imgs/HoGuom_01/01456_1.jpg,/Users/phamtunglam/Documents/Projects/mSigLIP/code/artifacts/deployment/qnn_inputs/vn3k_train_calib_2000/raw/00739_pid1455_HoGuom_01_01456_1.raw,149,421
740,1553,train,DHHN_HVBCVT_00/01554_00001395.jpg,/Users/phamtunglam/Documents/Projects/mSigLIP/code/VN3K/imgs/DHHN_HVBCVT_00/01554_00001395.jpg,/Users/phamtunglam/Documents/Projects/mSigLIP/code/artifacts/deployment/qnn_inputs/vn3k_train_calib_2000/raw/00740_pid1553_DHHN_HVBCVT_00_01554_00001395.raw,104,368
741,1921,train,DHGTVT_00/01922_00010100.jpg,/Users/phamtunglam/Documents/Projects/mSigLIP/code/VN3K/imgs/DHGTVT_00/01922_00010100.jpg,/Users/phamtunglam/Documents/Projects/mSigLIP/code/artifacts/deployment/qnn_inputs/vn3k_train_calib_2000/raw/00741_pid1921_DHGTVT_00_01922_00010100.raw,116,289
742,912,train,HoGuom_01/00913_00004515.jpg,/Users/phamtunglam/Documents/Projects/mSigLIP/code/VN3K/imgs/HoGuom_01/00913_00004515.jpg,/Users/phamtunglam/Documents/Projects/mSigLIP/code/artifacts/deployment/qnn_inputs/vn3k_train_calib_2000/raw/00742_pid912_HoGuom_01_00913_00004515.raw,107,294
743,1864,train,DHGTVT_00/01865_00003480.jpg,/Users/phamtunglam/Documents/Projects/mSigLIP/code/VN3K/imgs/DHGTVT_00/01865_00003480.jpg,/Users/phamtunglam/Documents/Projects/mSigLIP/code/artifacts/deployment/qnn_inputs/vn3k_train_calib_2000/raw/00743_pid1864_DHGTVT_00_01865_00003480.raw,103,253
744,754,train,HoGuom_00/00755_00012900.jpg,/Users/phamtunglam/Documents/Projects/mSigLIP/code/VN3K/imgs/HoGuom_00/00755_00012900.jpg,/Users/phamtunglam/Documents/Projects/mSigLIP/code/artifacts/deployment/qnn_inputs/vn3k_train_calib_2000/raw/00744_pid754_HoGuom_00_00755_00012900.raw,72,187
745,613,train,HoGuom_00/00614_00006695.jpg,/Users/phamtunglam/Documents/Projects/mSigLIP/code/VN3K/imgs/HoGuom_00/00614_00006695.jpg,/Users/phamtunglam/Documents/Projects/mSigLIP/code/artifacts/deployment/qnn_inputs/vn3k_train_calib_2000/raw/00745_pid613_HoGuom_00_00614_00006695.raw,67,193
746,737,train,HoGuom_00/00738_00012465.jpg,/Users/phamtunglam/Documents/Projects/mSigLIP/code/VN3K/imgs/HoGuom_00/00738_00012465.jpg,/Users/phamtunglam/Documents/Projects/mSigLIP/code/artifacts/deployment/qnn_inputs/vn3k_train_calib_2000/raw/00746_pid737_HoGuom_00_00738_00012465.raw,175,520
747,998,train,HoGuom_01/00999_00000255.jpg,/Users/phamtunglam/Documents/Projects/mSigLIP/code/VN3K/imgs/HoGuom_01/00999_00000255.jpg,/Users/phamtunglam/Documents/Projects/mSigLIP/code/artifacts/deployment/qnn_inputs/vn3k_train_calib_2000/raw/00747_pid998_HoGuom_01_00999_00000255.raw,121,322
748,1254,train,HoGuom_01/01255_00005235.jpg,/Users/phamtunglam/Documents/Projects/mSigLIP/code/VN3K/imgs/HoGuom_01/01255_00005235.jpg,/Users/phamtunglam/Documents/Projects/mSigLIP/code/artifacts/deployment/qnn_inputs/vn3k_train_calib_2000/raw/00748_pid1254_HoGuom_01_01255_00005235.raw,158,280
749,167,train,HoGuom_00/00168_00004165.jpg,/Users/phamtunglam/Documents/Projects/mSigLIP/code/VN3K/imgs/HoGuom_00/00168_00004165.jpg,/Users/phamtunglam/Documents/Projects/mSigLIP/code/artifacts/deployment/qnn_inputs/vn3k_train_calib_2000/raw/00749_pid167_HoGuom_00_00168_00004165.raw,236,674
750,557,train,HoGuom_00/00558_00004605.jpg,/Users/phamtunglam/Documents/Projects/mSigLIP/code/VN3K/imgs/HoGuom_00/00558_00004605.jpg,/Users/phamtunglam/Documents/Projects/mSigLIP/code/artifacts/deployment/qnn_inputs/vn3k_train_calib_2000/raw/00750_pid557_HoGuom_00_00558_00004605.raw,80,151
751,348,train,HoGuom_00/00349_00011630.jpg,/Users/phamtunglam/Documents/Projects/mSigLIP/code/VN3K/imgs/HoGuom_00/00349_00011630.jpg,/Users/phamtunglam/Documents/Projects/mSigLIP/code/artifacts/deployment/qnn_inputs/vn3k_train_calib_2000/raw/00751_pid348_HoGuom_00_00349_00011630.raw,184,513
752,1780,train,DHHN_HVBCVT_00/01781_00002850.jpg,/Users/phamtunglam/Documents/Projects/mSigLIP/code/VN3K/imgs/DHHN_HVBCVT_00/01781_00002850.jpg,/Users/phamtunglam/Documents/Projects/mSigLIP/code/artifacts/deployment/qnn_inputs/vn3k_train_calib_2000/raw/00752_pid1780_DHHN_HVBCVT_00_01781_00002850.raw,71,236
753,1938,train,DHGTVT_00/01939_00010950.jpg,/Users/phamtunglam/Documents/Projects/mSigLIP/code/VN3K/imgs/DHGTVT_00/01939_00010950.jpg,/Users/phamtunglam/Documents/Projects/mSigLIP/code/artifacts/deployment/qnn_inputs/vn3k_train_calib_2000/raw/00753_pid1938_DHGTVT_00_01939_00010950.raw,75,167
754,1999,train,TamChuc_01/02000_1.jpg,/Users/phamtunglam/Documents/Projects/mSigLIP/code/VN3K/imgs/TamChuc_01/02000_1.jpg,/Users/phamtunglam/Documents/Projects/mSigLIP/code/artifacts/deployment/qnn_inputs/vn3k_train_calib_2000/raw/00754_pid1999_TamChuc_01_02000_1.raw,143,345
755,198,train,HoGuom_00/00199_00004925.jpg,/Users/phamtunglam/Documents/Projects/mSigLIP/code/VN3K/imgs/HoGuom_00/00199_00004925.jpg,/Users/phamtunglam/Documents/Projects/mSigLIP/code/artifacts/deployment/qnn_inputs/vn3k_train_calib_2000/raw/00755_pid198_HoGuom_00_00199_00004925.raw,100,311
756,498,train,HoGuom_00/00499_00019070.jpg,/Users/phamtunglam/Documents/Projects/mSigLIP/code/VN3K/imgs/HoGuom_00/00499_00019070.jpg,/Users/phamtunglam/Documents/Projects/mSigLIP/code/artifacts/deployment/qnn_inputs/vn3k_train_calib_2000/raw/00756_pid498_HoGuom_00_00499_00019070.raw,134,292
757,543,train,HoGuom_00/00544_00004025.jpg,/Users/phamtunglam/Documents/Projects/mSigLIP/code/VN3K/imgs/HoGuom_00/00544_00004025.jpg,/Users/phamtunglam/Documents/Projects/mSigLIP/code/artifacts/deployment/qnn_inputs/vn3k_train_calib_2000/raw/00757_pid543_HoGuom_00_00544_00004025.raw,164,320
758,966,train,HoGuom_01/00967_00005640.jpg,/Users/phamtunglam/Documents/Projects/mSigLIP/code/VN3K/imgs/HoGuom_01/00967_00005640.jpg,/Users/phamtunglam/Documents/Projects/mSigLIP/code/artifacts/deployment/qnn_inputs/vn3k_train_calib_2000/raw/00758_pid966_HoGuom_01_00967_00005640.raw,136,321
759,1342,train,HoGuom_01/01343_00006240.jpg,/Users/phamtunglam/Documents/Projects/mSigLIP/code/VN3K/imgs/HoGuom_01/01343_00006240.jpg,/Users/phamtunglam/Documents/Projects/mSigLIP/code/artifacts/deployment/qnn_inputs/vn3k_train_calib_2000/raw/00759_pid1342_HoGuom_01_01343_00006240.raw,96,310
760,367,train,HoGuom_00/00368_00012600.jpg,/Users/phamtunglam/Documents/Projects/mSigLIP/code/VN3K/imgs/HoGuom_00/00368_00012600.jpg,/Users/phamtunglam/Documents/Projects/mSigLIP/code/artifacts/deployment/qnn_inputs/vn3k_train_calib_2000/raw/00760_pid367_HoGuom_00_00368_00012600.raw,289,253
761,183,train,HoGuom_00/00184_00004495.jpg,/Users/phamtunglam/Documents/Projects/mSigLIP/code/VN3K/imgs/HoGuom_00/00184_00004495.jpg,/Users/phamtunglam/Documents/Projects/mSigLIP/code/artifacts/deployment/qnn_inputs/vn3k_train_calib_2000/raw/00761_pid183_HoGuom_00_00184_00004495.raw,103,403
762,1478,train,HoGuom_01/01479_2.jpg,/Users/phamtunglam/Documents/Projects/mSigLIP/code/VN3K/imgs/HoGuom_01/01479_2.jpg,/Users/phamtunglam/Documents/Projects/mSigLIP/code/artifacts/deployment/qnn_inputs/vn3k_train_calib_2000/raw/00762_pid1478_HoGuom_01_01479_2.raw,146,397
763,116,train,HoGuom_00/00117_00002105.jpg,/Users/phamtunglam/Documents/Projects/mSigLIP/code/VN3K/imgs/HoGuom_00/00117_00002105.jpg,/Users/phamtunglam/Documents/Projects/mSigLIP/code/artifacts/deployment/qnn_inputs/vn3k_train_calib_2000/raw/00763_pid116_HoGuom_00_00117_00002105.raw,92,184
764,1488,train,HoGuom_01/01489_1.jpg,/Users/phamtunglam/Documents/Projects/mSigLIP/code/VN3K/imgs/HoGuom_01/01489_1.jpg,/Users/phamtunglam/Documents/Projects/mSigLIP/code/artifacts/deployment/qnn_inputs/vn3k_train_calib_2000/raw/00764_pid1488_HoGuom_01_01489_1.raw,119,343
765,1477,train,HoGuom_01/01478_2.jpg,/Users/phamtunglam/Documents/Projects/mSigLIP/code/VN3K/imgs/HoGuom_01/01478_2.jpg,/Users/phamtunglam/Documents/Projects/mSigLIP/code/artifacts/deployment/qnn_inputs/vn3k_train_calib_2000/raw/00765_pid1477_HoGuom_01_01478_2.raw,113,377
766,1426,train,HoGuom_01/01427_1.jpg,/Users/phamtunglam/Documents/Projects/mSigLIP/code/VN3K/imgs/HoGuom_01/01427_1.jpg,/Users/phamtunglam/Documents/Projects/mSigLIP/code/artifacts/deployment/qnn_inputs/vn3k_train_calib_2000/raw/00766_pid1426_HoGuom_01_01427_1.raw,156,466
767,521,train,HoGuom_00/00522_00002325.jpg,/Users/phamtunglam/Documents/Projects/mSigLIP/code/VN3K/imgs/HoGuom_00/00522_00002325.jpg,/Users/phamtunglam/Documents/Projects/mSigLIP/code/artifacts/deployment/qnn_inputs/vn3k_train_calib_2000/raw/00767_pid521_HoGuom_00_00522_00002325.raw,132,390
768,1563,train,DHHN_HVBCVT_00/01564_00000960.jpg,/Users/phamtunglam/Documents/Projects/mSigLIP/code/VN3K/imgs/DHHN_HVBCVT_00/01564_00000960.jpg,/Users/phamtunglam/Documents/Projects/mSigLIP/code/artifacts/deployment/qnn_inputs/vn3k_train_calib_2000/raw/00768_pid1563_DHHN_HVBCVT_00_01564_00000960.raw,131,252
769,1130,train,HoGuom_01/01131_00002640.jpg,/Users/phamtunglam/Documents/Projects/mSigLIP/code/VN3K/imgs/HoGuom_01/01131_00002640.jpg,/Users/phamtunglam/Documents/Projects/mSigLIP/code/artifacts/deployment/qnn_inputs/vn3k_train_calib_2000/raw/00769_pid1130_HoGuom_01_01131_00002640.raw,134,364
770,54,train,TEST_DATA/Person55.2/output_9.jpg,/Users/phamtunglam/Documents/Projects/mSigLIP/code/VN3K/imgs/TEST_DATA/Person55.2/output_9.jpg,/Users/phamtunglam/Documents/Projects/mSigLIP/code/artifacts/deployment/qnn_inputs/vn3k_train_calib_2000/raw/00770_pid54_TEST_DATA_Person55.2_output_9.raw,103,288
771,437,train,HoGuom_00/00438_00014790.jpg,/Users/phamtunglam/Documents/Projects/mSigLIP/code/VN3K/imgs/HoGuom_00/00438_00014790.jpg,/Users/phamtunglam/Documents/Projects/mSigLIP/code/artifacts/deployment/qnn_inputs/vn3k_train_calib_2000/raw/00771_pid437_HoGuom_00_00438_00014790.raw,88,245
772,995,train,HoGuom_01/00996_00099621.jpg,/Users/phamtunglam/Documents/Projects/mSigLIP/code/VN3K/imgs/HoGuom_01/00996_00099621.jpg,/Users/phamtunglam/Documents/Projects/mSigLIP/code/artifacts/deployment/qnn_inputs/vn3k_train_calib_2000/raw/00772_pid995_HoGuom_01_00996_00099621.raw,92,259
773,1772,train,DHHN_HVBCVT_00/01773_00001785.jpg,/Users/phamtunglam/Documents/Projects/mSigLIP/code/VN3K/imgs/DHHN_HVBCVT_00/01773_00001785.jpg,/Users/phamtunglam/Documents/Projects/mSigLIP/code/artifacts/deployment/qnn_inputs/vn3k_train_calib_2000/raw/00773_pid1772_DHHN_HVBCVT_00_01773_00001785.raw,240,551
774,508,train,HoGuom_00/00509_00001070.jpg,/Users/phamtunglam/Documents/Projects/mSigLIP/code/VN3K/imgs/HoGuom_00/00509_00001070.jpg,/Users/phamtunglam/Documents/Projects/mSigLIP/code/artifacts/deployment/qnn_inputs/vn3k_train_calib_2000/raw/00774_pid508_HoGuom_00_00509_00001070.raw,85,218
775,51,train,TRAINNING_DATA/Person52/output_6.jpg,/Users/phamtunglam/Documents/Projects/mSigLIP/code/VN3K/imgs/TRAINNING_DATA/Person52/output_6.jpg,/Users/phamtunglam/Documents/Projects/mSigLIP/code/artifacts/deployment/qnn_inputs/vn3k_train_calib_2000/raw/00775_pid51_TRAINNING_DATA_Person52_output_6.raw,131,352
776,913,train,HoGuom_01/00914_00005205.jpg,/Users/phamtunglam/Documents/Projects/mSigLIP/code/VN3K/imgs/HoGuom_01/00914_00005205.jpg,/Users/phamtunglam/Documents/Projects/mSigLIP/code/artifacts/deployment/qnn_inputs/vn3k_train_calib_2000/raw/00776_pid913_HoGuom_01_00914_00005205.raw,96,279
777,412,train,HoGuom_00/00413_00014160.jpg,/Users/phamtunglam/Documents/Projects/mSigLIP/code/VN3K/imgs/HoGuom_00/00413_00014160.jpg,/Users/phamtunglam/Documents/Projects/mSigLIP/code/artifacts/deployment/qnn_inputs/vn3k_train_calib_2000/raw/00777_pid412_HoGuom_00_00413_00014160.raw,99,212
778,35,train,TRAINNING_DATA/Person36/output_6.jpg,/Users/phamtunglam/Documents/Projects/mSigLIP/code/VN3K/imgs/TRAINNING_DATA/Person36/output_6.jpg,/Users/phamtunglam/Documents/Projects/mSigLIP/code/artifacts/deployment/qnn_inputs/vn3k_train_calib_2000/raw/00778_pid35_TRAINNING_DATA_Person36_output_6.raw,78,254
779,789,train,HoGuom_01/00790_00001560.jpg,/Users/phamtunglam/Documents/Projects/mSigLIP/code/VN3K/imgs/HoGuom_01/00790_00001560.jpg,/Users/phamtunglam/Documents/Projects/mSigLIP/code/artifacts/deployment/qnn_inputs/vn3k_train_calib_2000/raw/00779_pid789_HoGuom_01_00790_00001560.raw,267,756
780,377,train,HoGuom_00/00378_00012835.jpg,/Users/phamtunglam/Documents/Projects/mSigLIP/code/VN3K/imgs/HoGuom_00/00378_00012835.jpg,/Users/phamtunglam/Documents/Projects/mSigLIP/code/artifacts/deployment/qnn_inputs/vn3k_train_calib_2000/raw/00780_pid377_HoGuom_00_00378_00012835.raw,69,209
781,300,train,HoGuom_00/00301_00009670.jpg,/Users/phamtunglam/Documents/Projects/mSigLIP/code/VN3K/imgs/HoGuom_00/00301_00009670.jpg,/Users/phamtunglam/Documents/Projects/mSigLIP/code/artifacts/deployment/qnn_inputs/vn3k_train_calib_2000/raw/00781_pid300_HoGuom_00_00301_00009670.raw,225,506
782,1835,train,DHHN_HVBCVT_00/01836_00030090.jpg,/Users/phamtunglam/Documents/Projects/mSigLIP/code/VN3K/imgs/DHHN_HVBCVT_00/01836_00030090.jpg,/Users/phamtunglam/Documents/Projects/mSigLIP/code/artifacts/deployment/qnn_inputs/vn3k_train_calib_2000/raw/00782_pid1835_DHHN_HVBCVT_00_01836_00030090.raw,183,445
783,1835,train,DHHN_HVBCVT_00/01836_00029940.jpg,/Users/phamtunglam/Documents/Projects/mSigLIP/code/VN3K/imgs/DHHN_HVBCVT_00/01836_00029940.jpg,/Users/phamtunglam/Documents/Projects/mSigLIP/code/artifacts/deployment/qnn_inputs/vn3k_train_calib_2000/raw/00783_pid1835_DHHN_HVBCVT_00_01836_00029940.raw,85,214
784,1070,train,HoGuom_01/01071_00001035.jpg,/Users/phamtunglam/Documents/Projects/mSigLIP/code/VN3K/imgs/HoGuom_01/01071_00001035.jpg,/Users/phamtunglam/Documents/Projects/mSigLIP/code/artifacts/deployment/qnn_inputs/vn3k_train_calib_2000/raw/00784_pid1070_HoGuom_01_01071_00001035.raw,238,653
785,1432,train,HoGuom_01/01433_2.jpg,/Users/phamtunglam/Documents/Projects/mSigLIP/code/VN3K/imgs/HoGuom_01/01433_2.jpg,/Users/phamtunglam/Documents/Projects/mSigLIP/code/artifacts/deployment/qnn_inputs/vn3k_train_calib_2000/raw/00785_pid1432_HoGuom_01_01433_2.raw,205,637
786,657,train,HoGuom_00/00658_00008280.jpg,/Users/phamtunglam/Documents/Projects/mSigLIP/code/VN3K/imgs/HoGuom_00/00658_00008280.jpg,/Users/phamtunglam/Documents/Projects/mSigLIP/code/artifacts/deployment/qnn_inputs/vn3k_train_calib_2000/raw/00786_pid657_HoGuom_00_00658_00008280.raw,147,399
787,727,train,HoGuom_00/00728_00012354.jpg,/Users/phamtunglam/Documents/Projects/mSigLIP/code/VN3K/imgs/HoGuom_00/00728_00012354.jpg,/Users/phamtunglam/Documents/Projects/mSigLIP/code/artifacts/deployment/qnn_inputs/vn3k_train_calib_2000/raw/00787_pid727_HoGuom_00_00728_00012354.raw,124,369
788,241,train,HoGuom_00/00242_00007785.jpg,/Users/phamtunglam/Documents/Projects/mSigLIP/code/VN3K/imgs/HoGuom_00/00242_00007785.jpg,/Users/phamtunglam/Documents/Projects/mSigLIP/code/artifacts/deployment/qnn_inputs/vn3k_train_calib_2000/raw/00788_pid241_HoGuom_00_00242_00007785.raw,135,363
789,659,train,HoGuom_00/00660_00008285.jpg,/Users/phamtunglam/Documents/Projects/mSigLIP/code/VN3K/imgs/HoGuom_00/00660_00008285.jpg,/Users/phamtunglam/Documents/Projects/mSigLIP/code/artifacts/deployment/qnn_inputs/vn3k_train_calib_2000/raw/00789_pid659_HoGuom_00_00660_00008285.raw,80,202
790,1449,train,HoGuom_01/01450_2.jpg,/Users/phamtunglam/Documents/Projects/mSigLIP/code/VN3K/imgs/HoGuom_01/01450_2.jpg,/Users/phamtunglam/Documents/Projects/mSigLIP/code/artifacts/deployment/qnn_inputs/vn3k_train_calib_2000/raw/00790_pid1449_HoGuom_01_01450_2.raw,153,318
791,1965,train,DHGTVT_00/01966_00024460.jpg,/Users/phamtunglam/Documents/Projects/mSigLIP/code/VN3K/imgs/DHGTVT_00/01966_00024460.jpg,/Users/phamtunglam/Documents/Projects/mSigLIP/code/artifacts/deployment/qnn_inputs/vn3k_train_calib_2000/raw/00791_pid1965_DHGTVT_00_01966_00024460.raw,115,269
792,1413,train,HoGuom_01/01414_2.jpg,/Users/phamtunglam/Documents/Projects/mSigLIP/code/VN3K/imgs/HoGuom_01/01414_2.jpg,/Users/phamtunglam/Documents/Projects/mSigLIP/code/artifacts/deployment/qnn_inputs/vn3k_train_calib_2000/raw/00792_pid1413_HoGuom_01_01414_2.raw,119,376
793,770,train,HoGuom_01/00771_00000195.jpg,/Users/phamtunglam/Documents/Projects/mSigLIP/code/VN3K/imgs/HoGuom_01/00771_00000195.jpg,/Users/phamtunglam/Documents/Projects/mSigLIP/code/artifacts/deployment/qnn_inputs/vn3k_train_calib_2000/raw/00793_pid770_HoGuom_01_00771_00000195.raw,92,248
794,1937,train,DHGTVT_00/01938_00010760.jpg,/Users/phamtunglam/Documents/Projects/mSigLIP/code/VN3K/imgs/DHGTVT_00/01938_00010760.jpg,/Users/phamtunglam/Documents/Projects/mSigLIP/code/artifacts/deployment/qnn_inputs/vn3k_train_calib_2000/raw/00794_pid1937_DHGTVT_00_01938_00010760.raw,73,184
795,1695,train,DHHN_HVBCVT_00/01696_00005520.jpg,/Users/phamtunglam/Documents/Projects/mSigLIP/code/VN3K/imgs/DHHN_HVBCVT_00/01696_00005520.jpg,/Users/phamtunglam/Documents/Projects/mSigLIP/code/artifacts/deployment/qnn_inputs/vn3k_train_calib_2000/raw/00795_pid1695_DHHN_HVBCVT_00_01696_00005520.raw,156,366
796,641,train,HoGuom_00/00642_00007831.jpg,/Users/phamtunglam/Documents/Projects/mSigLIP/code/VN3K/imgs/HoGuom_00/00642_00007831.jpg,/Users/phamtunglam/Documents/Projects/mSigLIP/code/artifacts/deployment/qnn_inputs/vn3k_train_calib_2000/raw/00796_pid641_HoGuom_00_00642_00007831.raw,116,311
797,813,train,HoGuom_01/00814_00004065.jpg,/Users/phamtunglam/Documents/Projects/mSigLIP/code/VN3K/imgs/HoGuom_01/00814_00004065.jpg,/Users/phamtunglam/Documents/Projects/mSigLIP/code/artifacts/deployment/qnn_inputs/vn3k_train_calib_2000/raw/00797_pid813_HoGuom_01_00814_00004065.raw,72,160
798,1027,train,HoGuom_01/01028_00000030.jpg,/Users/phamtunglam/Documents/Projects/mSigLIP/code/VN3K/imgs/HoGuom_01/01028_00000030.jpg,/Users/phamtunglam/Documents/Projects/mSigLIP/code/artifacts/deployment/qnn_inputs/vn3k_train_calib_2000/raw/00798_pid1027_HoGuom_01_01028_00000030.raw,114,305
799,373,train,HoGuom_00/00374_00012785.jpg,/Users/phamtunglam/Documents/Projects/mSigLIP/code/VN3K/imgs/HoGuom_00/00374_00012785.jpg,/Users/phamtunglam/Documents/Projects/mSigLIP/code/artifacts/deployment/qnn_inputs/vn3k_train_calib_2000/raw/00799_pid373_HoGuom_00_00374_00012785.raw,100,280
800,1959,train,DHGTVT_00/01960_00018110.jpg,/Users/phamtunglam/Documents/Projects/mSigLIP/code/VN3K/imgs/DHGTVT_00/01960_00018110.jpg,/Users/phamtunglam/Documents/Projects/mSigLIP/code/artifacts/deployment/qnn_inputs/vn3k_train_calib_2000/raw/00800_pid1959_DHGTVT_00_01960_00018110.raw,90,254
801,958,train,HoGuom_01/00959_00004290.jpg,/Users/phamtunglam/Documents/Projects/mSigLIP/code/VN3K/imgs/HoGuom_01/00959_00004290.jpg,/Users/phamtunglam/Documents/Projects/mSigLIP/code/artifacts/deployment/qnn_inputs/vn3k_train_calib_2000/raw/00801_pid958_HoGuom_01_00959_00004290.raw,294,850
802,766,train,HoGuom_00/00767_00005860.jpg,/Users/phamtunglam/Documents/Projects/mSigLIP/code/VN3K/imgs/HoGuom_00/00767_00005860.jpg,/Users/phamtunglam/Documents/Projects/mSigLIP/code/artifacts/deployment/qnn_inputs/vn3k_train_calib_2000/raw/00802_pid766_HoGuom_00_00767_00005860.raw,86,262
803,57,train,TEST_DATA/Person58.2/output_2.jpg,/Users/phamtunglam/Documents/Projects/mSigLIP/code/VN3K/imgs/TEST_DATA/Person58.2/output_2.jpg,/Users/phamtunglam/Documents/Projects/mSigLIP/code/artifacts/deployment/qnn_inputs/vn3k_train_calib_2000/raw/00803_pid57_TEST_DATA_Person58.2_output_2.raw,101,184
804,182,train,HoGuom_00/00183_00005075.jpg,/Users/phamtunglam/Documents/Projects/mSigLIP/code/VN3K/imgs/HoGuom_00/00183_00005075.jpg,/Users/phamtunglam/Documents/Projects/mSigLIP/code/artifacts/deployment/qnn_inputs/vn3k_train_calib_2000/raw/00804_pid182_HoGuom_00_00183_00005075.raw,106,421
805,328,train,HoGuom_00/00329_00010500.jpg,/Users/phamtunglam/Documents/Projects/mSigLIP/code/VN3K/imgs/HoGuom_00/00329_00010500.jpg,/Users/phamtunglam/Documents/Projects/mSigLIP/code/artifacts/deployment/qnn_inputs/vn3k_train_calib_2000/raw/00805_pid328_HoGuom_00_00329_00010500.raw,109,295
806,31,train,TEST_DATA/Person32.2/output_9.jpg,/Users/phamtunglam/Documents/Projects/mSigLIP/code/VN3K/imgs/TEST_DATA/Person32.2/output_9.jpg,/Users/phamtunglam/Documents/Projects/mSigLIP/code/artifacts/deployment/qnn_inputs/vn3k_train_calib_2000/raw/00806_pid31_TEST_DATA_Person32.2_output_9.raw,138,327
807,1223,train,HoGuom_01/01224_00004245.jpg,/Users/phamtunglam/Documents/Projects/mSigLIP/code/VN3K/imgs/HoGuom_01/01224_00004245.jpg,/Users/phamtunglam/Documents/Projects/mSigLIP/code/artifacts/deployment/qnn_inputs/vn3k_train_calib_2000/raw/00807_pid1223_HoGuom_01_01224_00004245.raw,133,454
808,140,train,HoGuom_00/00141_00002680.jpg,/Users/phamtunglam/Documents/Projects/mSigLIP/code/VN3K/imgs/HoGuom_00/00141_00002680.jpg,/Users/phamtunglam/Documents/Projects/mSigLIP/code/artifacts/deployment/qnn_inputs/vn3k_train_calib_2000/raw/00808_pid140_HoGuom_00_00141_00002680.raw,88,310
809,1400,train,HoGuom_01/01401_1.jpg,/Users/phamtunglam/Documents/Projects/mSigLIP/code/VN3K/imgs/HoGuom_01/01401_1.jpg,/Users/phamtunglam/Documents/Projects/mSigLIP/code/artifacts/deployment/qnn_inputs/vn3k_train_calib_2000/raw/00809_pid1400_HoGuom_01_01401_1.raw,294,689
810,780,train,HoGuom_01/00781_00000780.jpg,/Users/phamtunglam/Documents/Projects/mSigLIP/code/VN3K/imgs/HoGuom_01/00781_00000780.jpg,/Users/phamtunglam/Documents/Projects/mSigLIP/code/artifacts/deployment/qnn_inputs/vn3k_train_calib_2000/raw/00810_pid780_HoGuom_01_00781_00000780.raw,79,181
811,499,train,HoGuom_00/00500_00019100.jpg,/Users/phamtunglam/Documents/Projects/mSigLIP/code/VN3K/imgs/HoGuom_00/00500_00019100.jpg,/Users/phamtunglam/Documents/Projects/mSigLIP/code/artifacts/deployment/qnn_inputs/vn3k_train_calib_2000/raw/00811_pid499_HoGuom_00_00500_00019100.raw,101,246
812,1770,train,DHHN_HVBCVT_00/01771_00001350.jpg,/Users/phamtunglam/Documents/Projects/mSigLIP/code/VN3K/imgs/DHHN_HVBCVT_00/01771_00001350.jpg,/Users/phamtunglam/Documents/Projects/mSigLIP/code/artifacts/deployment/qnn_inputs/vn3k_train_calib_2000/raw/00812_pid1770_DHHN_HVBCVT_00_01771_00001350.raw,95,275
813,1520,train,DHHN_HVBCVT_00/01521_00008070.jpg,/Users/phamtunglam/Documents/Projects/mSigLIP/code/VN3K/imgs/DHHN_HVBCVT_00/01521_00008070.jpg,/Users/phamtunglam/Documents/Projects/mSigLIP/code/artifacts/deployment/qnn_inputs/vn3k_train_calib_2000/raw/00813_pid1520_DHHN_HVBCVT_00_01521_00008070.raw,147,389
814,542,train,HoGuom_00/00543_00003650.jpg,/Users/phamtunglam/Documents/Projects/mSigLIP/code/VN3K/imgs/HoGuom_00/00543_00003650.jpg,/Users/phamtunglam/Documents/Projects/mSigLIP/code/artifacts/deployment/qnn_inputs/vn3k_train_calib_2000/raw/00814_pid542_HoGuom_00_00543_00003650.raw,170,481
815,633,train,HoGuom_00/00634_00007590.jpg,/Users/phamtunglam/Documents/Projects/mSigLIP/code/VN3K/imgs/HoGuom_00/00634_00007590.jpg,/Users/phamtunglam/Documents/Projects/mSigLIP/code/artifacts/deployment/qnn_inputs/vn3k_train_calib_2000/raw/00815_pid633_HoGuom_00_00634_00007590.raw,135,467
816,331,train,HoGuom_00/00332_00010520.jpg,/Users/phamtunglam/Documents/Projects/mSigLIP/code/VN3K/imgs/HoGuom_00/00332_00010520.jpg,/Users/phamtunglam/Documents/Projects/mSigLIP/code/artifacts/deployment/qnn_inputs/vn3k_train_calib_2000/raw/00816_pid331_HoGuom_00_00332_00010520.raw,124,395
817,1277,train,HoGuom_01/01278_00007875.jpg,/Users/phamtunglam/Documents/Projects/mSigLIP/code/VN3K/imgs/HoGuom_01/01278_00007875.jpg,/Users/phamtunglam/Documents/Projects/mSigLIP/code/artifacts/deployment/qnn_inputs/vn3k_train_calib_2000/raw/00817_pid1277_HoGuom_01_01278_00007875.raw,295,805
818,69,train,TEST_DATA/Person70.2/output_2.jpg,/Users/phamtunglam/Documents/Projects/mSigLIP/code/VN3K/imgs/TEST_DATA/Person70.2/output_2.jpg,/Users/phamtunglam/Documents/Projects/mSigLIP/code/artifacts/deployment/qnn_inputs/vn3k_train_calib_2000/raw/00818_pid69_TEST_DATA_Person70.2_output_2.raw,92,209
819,1005,train,HoGuom_01/01006_00000630.jpg,/Users/phamtunglam/Documents/Projects/mSigLIP/code/VN3K/imgs/HoGuom_01/01006_00000630.jpg,/Users/phamtunglam/Documents/Projects/mSigLIP/code/artifacts/deployment/qnn_inputs/vn3k_train_calib_2000/raw/00819_pid1005_HoGuom_01_01006_00000630.raw,89,312
820,1617,train,DHHN_HVBCVT_00/01618_00023685.jpg,/Users/phamtunglam/Documents/Projects/mSigLIP/code/VN3K/imgs/DHHN_HVBCVT_00/01618_00023685.jpg,/Users/phamtunglam/Documents/Projects/mSigLIP/code/artifacts/deployment/qnn_inputs/vn3k_train_calib_2000/raw/00820_pid1617_DHHN_HVBCVT_00_01618_00023685.raw,104,177
821,1297,train,HoGuom_01/01298_00004185.jpg,/Users/phamtunglam/Documents/Projects/mSigLIP/code/VN3K/imgs/HoGuom_01/01298_00004185.jpg,/Users/phamtunglam/Documents/Projects/mSigLIP/code/artifacts/deployment/qnn_inputs/vn3k_train_calib_2000/raw/00821_pid1297_HoGuom_01_01298_00004185.raw,262,744
822,900,train,HoGuom_01/00901_00016335.jpg,/Users/phamtunglam/Documents/Projects/mSigLIP/code/VN3K/imgs/HoGuom_01/00901_00016335.jpg,/Users/phamtunglam/Documents/Projects/mSigLIP/code/artifacts/deployment/qnn_inputs/vn3k_train_calib_2000/raw/00822_pid900_HoGuom_01_00901_00016335.raw,79,251
823,605,train,HoGuom_00/00606_00006970.jpg,/Users/phamtunglam/Documents/Projects/mSigLIP/code/VN3K/imgs/HoGuom_00/00606_00006970.jpg,/Users/phamtunglam/Documents/Projects/mSigLIP/code/artifacts/deployment/qnn_inputs/vn3k_train_calib_2000/raw/00823_pid605_HoGuom_00_00606_00006970.raw,164,468
824,1441,train,HoGuom_01/01442_2.jpg,/Users/phamtunglam/Documents/Projects/mSigLIP/code/VN3K/imgs/HoGuom_01/01442_2.jpg,/Users/phamtunglam/Documents/Projects/mSigLIP/code/artifacts/deployment/qnn_inputs/vn3k_train_calib_2000/raw/00824_pid1441_HoGuom_01_01442_2.raw,144,426
825,346,train,HoGuom_00/00347_00011655.jpg,/Users/phamtunglam/Documents/Projects/mSigLIP/code/VN3K/imgs/HoGuom_00/00347_00011655.jpg,/Users/phamtunglam/Documents/Projects/mSigLIP/code/artifacts/deployment/qnn_inputs/vn3k_train_calib_2000/raw/00825_pid346_HoGuom_00_00347_00011655.raw,129,309
826,27,train,TEST_DATA/Person28.2/output_2.jpg,/Users/phamtunglam/Documents/Projects/mSigLIP/code/VN3K/imgs/TEST_DATA/Person28.2/output_2.jpg,/Users/phamtunglam/Documents/Projects/mSigLIP/code/artifacts/deployment/qnn_inputs/vn3k_train_calib_2000/raw/00826_pid27_TEST_DATA_Person28.2_output_2.raw,93,236
827,1510,train,DHHN_HVBCVT_00/01511_00002790.jpg,/Users/phamtunglam/Documents/Projects/mSigLIP/code/VN3K/imgs/DHHN_HVBCVT_00/01511_00002790.jpg,/Users/phamtunglam/Documents/Projects/mSigLIP/code/artifacts/deployment/qnn_inputs/vn3k_train_calib_2000/raw/00827_pid1510_DHHN_HVBCVT_00_01511_00002790.raw,210,425
828,1914,train,DHGTVT_00/01915_00008680.jpg,/Users/phamtunglam/Documents/Projects/mSigLIP/code/VN3K/imgs/DHGTVT_00/01915_00008680.jpg,/Users/phamtunglam/Documents/Projects/mSigLIP/code/artifacts/deployment/qnn_inputs/vn3k_train_calib_2000/raw/00828_pid1914_DHGTVT_00_01915_00008680.raw,123,277
829,1376,train,HoGuom_01/01377_00005385.jpg,/Users/phamtunglam/Documents/Projects/mSigLIP/code/VN3K/imgs/HoGuom_01/01377_00005385.jpg,/Users/phamtunglam/Documents/Projects/mSigLIP/code/artifacts/deployment/qnn_inputs/vn3k_train_calib_2000/raw/00829_pid1376_HoGuom_01_01377_00005385.raw,167,456
830,1084,train,HoGuom_01/01085_00005160.jpg,/Users/phamtunglam/Documents/Projects/mSigLIP/code/VN3K/imgs/HoGuom_01/01085_00005160.jpg,/Users/phamtunglam/Documents/Projects/mSigLIP/code/artifacts/deployment/qnn_inputs/vn3k_train_calib_2000/raw/00830_pid1084_HoGuom_01_01085_00005160.raw,231,594
831,1828,train,DHHN_HVBCVT_00/01829_00025215.jpg,/Users/phamtunglam/Documents/Projects/mSigLIP/code/VN3K/imgs/DHHN_HVBCVT_00/01829_00025215.jpg,/Users/phamtunglam/Documents/Projects/mSigLIP/code/artifacts/deployment/qnn_inputs/vn3k_train_calib_2000/raw/00831_pid1828_DHHN_HVBCVT_00_01829_00025215.raw,110,260
832,1650,train,DHHN_HVBCVT_00/01651_00042825.jpg,/Users/phamtunglam/Documents/Projects/mSigLIP/code/VN3K/imgs/DHHN_HVBCVT_00/01651_00042825.jpg,/Users/phamtunglam/Documents/Projects/mSigLIP/code/artifacts/deployment/qnn_inputs/vn3k_train_calib_2000/raw/00832_pid1650_DHHN_HVBCVT_00_01651_00042825.raw,71,183
833,815,train,HoGuom_01/00816_00003525.jpg,/Users/phamtunglam/Documents/Projects/mSigLIP/code/VN3K/imgs/HoGuom_01/00816_00003525.jpg,/Users/phamtunglam/Documents/Projects/mSigLIP/code/artifacts/deployment/qnn_inputs/vn3k_train_calib_2000/raw/00833_pid815_HoGuom_01_00816_00003525.raw,94,279
834,1829,train,DHHN_HVBCVT_00/01830_00026820.jpg,/Users/phamtunglam/Documents/Projects/mSigLIP/code/VN3K/imgs/DHHN_HVBCVT_00/01830_00026820.jpg,/Users/phamtunglam/Documents/Projects/mSigLIP/code/artifacts/deployment/qnn_inputs/vn3k_train_calib_2000/raw/00834_pid1829_DHHN_HVBCVT_00_01830_00026820.raw,168,418
835,575,train,HoGuom_00/00576_00005370.jpg,/Users/phamtunglam/Documents/Projects/mSigLIP/code/VN3K/imgs/HoGuom_00/00576_00005370.jpg,/Users/phamtunglam/Documents/Projects/mSigLIP/code/artifacts/deployment/qnn_inputs/vn3k_train_calib_2000/raw/00835_pid575_HoGuom_00_00576_00005370.raw,77,208
836,229,train,HoGuom_00/00230_00006370.jpg,/Users/phamtunglam/Documents/Projects/mSigLIP/code/VN3K/imgs/HoGuom_00/00230_00006370.jpg,/Users/phamtunglam/Documents/Projects/mSigLIP/code/artifacts/deployment/qnn_inputs/vn3k_train_calib_2000/raw/00836_pid229_HoGuom_00_00230_00006370.raw,171,456
837,24,train,TRAINNING_DATA/Person25/output_9.jpg,/Users/phamtunglam/Documents/Projects/mSigLIP/code/VN3K/imgs/TRAINNING_DATA/Person25/output_9.jpg,/Users/phamtunglam/Documents/Projects/mSigLIP/code/artifacts/deployment/qnn_inputs/vn3k_train_calib_2000/raw/00837_pid24_TRAINNING_DATA_Person25_output_9.raw,223,388
838,1630,train,DHHN_HVBCVT_00/01631_00030915.jpg,/Users/phamtunglam/Documents/Projects/mSigLIP/code/VN3K/imgs/DHHN_HVBCVT_00/01631_00030915.jpg,/Users/phamtunglam/Documents/Projects/mSigLIP/code/artifacts/deployment/qnn_inputs/vn3k_train_calib_2000/raw/00838_pid1630_DHHN_HVBCVT_00_01631_00030915.raw,65,180
839,1702,train,DHHN_HVBCVT_00/01703_00007845.jpg,/Users/phamtunglam/Documents/Projects/mSigLIP/code/VN3K/imgs/DHHN_HVBCVT_00/01703_00007845.jpg,/Users/phamtunglam/Documents/Projects/mSigLIP/code/artifacts/deployment/qnn_inputs/vn3k_train_calib_2000/raw/00839_pid1702_DHHN_HVBCVT_00_01703_00007845.raw,111,292
840,409,train,HoGuom_00/00410_00013870.jpg,/Users/phamtunglam/Documents/Projects/mSigLIP/code/VN3K/imgs/HoGuom_00/00410_00013870.jpg,/Users/phamtunglam/Documents/Projects/mSigLIP/code/artifacts/deployment/qnn_inputs/vn3k_train_calib_2000/raw/00840_pid409_HoGuom_00_00410_00013870.raw,86,232
841,1456,train,HoGuom_01/01457_1.jpg,/Users/phamtunglam/Documents/Projects/mSigLIP/code/VN3K/imgs/HoGuom_01/01457_1.jpg,/Users/phamtunglam/Documents/Projects/mSigLIP/code/artifacts/deployment/qnn_inputs/vn3k_train_calib_2000/raw/00841_pid1456_HoGuom_01_01457_1.raw,142,404
842,1657,train,DHHN_HVBCVT_00/01658_00043710.jpg,/Users/phamtunglam/Documents/Projects/mSigLIP/code/VN3K/imgs/DHHN_HVBCVT_00/01658_00043710.jpg,/Users/phamtunglam/Documents/Projects/mSigLIP/code/artifacts/deployment/qnn_inputs/vn3k_train_calib_2000/raw/00842_pid1657_DHHN_HVBCVT_00_01658_00043710.raw,211,446
843,1218,train,HoGuom_01/01219_00003510.jpg,/Users/phamtunglam/Documents/Projects/mSigLIP/code/VN3K/imgs/HoGuom_01/01219_00003510.jpg,/Users/phamtunglam/Documents/Projects/mSigLIP/code/artifacts/deployment/qnn_inputs/vn3k_train_calib_2000/raw/00843_pid1218_HoGuom_01_01219_00003510.raw,150,478
844,87,train,HoGuom_00/00088_00000645.jpg,/Users/phamtunglam/Documents/Projects/mSigLIP/code/VN3K/imgs/HoGuom_00/00088_00000645.jpg,/Users/phamtunglam/Documents/Projects/mSigLIP/code/artifacts/deployment/qnn_inputs/vn3k_train_calib_2000/raw/00844_pid87_HoGuom_00_00088_00000645.raw,131,294
845,1110,train,HoGuom_01/01111_00001500.jpg,/Users/phamtunglam/Documents/Projects/mSigLIP/code/VN3K/imgs/HoGuom_01/01111_00001500.jpg,/Users/phamtunglam/Documents/Projects/mSigLIP/code/artifacts/deployment/qnn_inputs/vn3k_train_calib_2000/raw/00845_pid1110_HoGuom_01_01111_00001500.raw,280,863
846,1637,train,DHHN_HVBCVT_00/01638_00034320.jpg,/Users/phamtunglam/Documents/Projects/mSigLIP/code/VN3K/imgs/DHHN_HVBCVT_00/01638_00034320.jpg,/Users/phamtunglam/Documents/Projects/mSigLIP/code/artifacts/deployment/qnn_inputs/vn3k_train_calib_2000/raw/00846_pid1637_DHHN_HVBCVT_00_01638_00034320.raw,63,204
847,1134,train,HoGuom_01/01135_00001095.jpg,/Users/phamtunglam/Documents/Projects/mSigLIP/code/VN3K/imgs/HoGuom_01/01135_00001095.jpg,/Users/phamtunglam/Documents/Projects/mSigLIP/code/artifacts/deployment/qnn_inputs/vn3k_train_calib_2000/raw/00847_pid1134_HoGuom_01_01135_00001095.raw,302,760
848,1839,train,DHHN_HVBCVT_00/01840_00032790.jpg,/Users/phamtunglam/Documents/Projects/mSigLIP/code/VN3K/imgs/DHHN_HVBCVT_00/01840_00032790.jpg,/Users/phamtunglam/Documents/Projects/mSigLIP/code/artifacts/deployment/qnn_inputs/vn3k_train_calib_2000/raw/00848_pid1839_DHHN_HVBCVT_00_01840_00032790.raw,176,479
849,1175,train,HoGuom_01/01176_00000915.jpg,/Users/phamtunglam/Documents/Projects/mSigLIP/code/VN3K/imgs/HoGuom_01/01176_00000915.jpg,/Users/phamtunglam/Documents/Projects/mSigLIP/code/artifacts/deployment/qnn_inputs/vn3k_train_calib_2000/raw/00849_pid1175_HoGuom_01_01176_00000915.raw,130,369
850,104,train,HoGuom_00/00105_00001805.jpg,/Users/phamtunglam/Documents/Projects/mSigLIP/code/VN3K/imgs/HoGuom_00/00105_00001805.jpg,/Users/phamtunglam/Documents/Projects/mSigLIP/code/artifacts/deployment/qnn_inputs/vn3k_train_calib_2000/raw/00850_pid104_HoGuom_00_00105_00001805.raw,85,218
851,1807,train,DHHN_HVBCVT_00/01808_00007031.jpg,/Users/phamtunglam/Documents/Projects/mSigLIP/code/VN3K/imgs/DHHN_HVBCVT_00/01808_00007031.jpg,/Users/phamtunglam/Documents/Projects/mSigLIP/code/artifacts/deployment/qnn_inputs/vn3k_train_calib_2000/raw/00851_pid1807_DHHN_HVBCVT_00_01808_00007031.raw,114,288
852,89,train,HoGuom_00/00090_00000715.jpg,/Users/phamtunglam/Documents/Projects/mSigLIP/code/VN3K/imgs/HoGuom_00/00090_00000715.jpg,/Users/phamtunglam/Documents/Projects/mSigLIP/code/artifacts/deployment/qnn_inputs/vn3k_train_calib_2000/raw/00852_pid89_HoGuom_00_00090_00000715.raw,215,511
853,917,train,HoGuom_01/00918_00008250.jpg,/Users/phamtunglam/Documents/Projects/mSigLIP/code/VN3K/imgs/HoGuom_01/00918_00008250.jpg,/Users/phamtunglam/Documents/Projects/mSigLIP/code/artifacts/deployment/qnn_inputs/vn3k_train_calib_2000/raw/00853_pid917_HoGuom_01_00918_00008250.raw,80,218
854,266,train,HoGuom_00/00267_00008460.jpg,/Users/phamtunglam/Documents/Projects/mSigLIP/code/VN3K/imgs/HoGuom_00/00267_00008460.jpg,/Users/phamtunglam/Documents/Projects/mSigLIP/code/artifacts/deployment/qnn_inputs/vn3k_train_calib_2000/raw/00854_pid266_HoGuom_00_00267_00008460.raw,143,417
855,1090,train,HoGuom_01/01091_00003540.jpg,/Users/phamtunglam/Documents/Projects/mSigLIP/code/VN3K/imgs/HoGuom_01/01091_00003540.jpg,/Users/phamtunglam/Documents/Projects/mSigLIP/code/artifacts/deployment/qnn_inputs/vn3k_train_calib_2000/raw/00855_pid1090_HoGuom_01_01091_00003540.raw,99,296
856,969,train,HoGuom_01/00970_00006090.jpg,/Users/phamtunglam/Documents/Projects/mSigLIP/code/VN3K/imgs/HoGuom_01/00970_00006090.jpg,/Users/phamtunglam/Documents/Projects/mSigLIP/code/artifacts/deployment/qnn_inputs/vn3k_train_calib_2000/raw/00856_pid969_HoGuom_01_00970_00006090.raw,85,225
857,2,train,TRAINNING_DATA/Person3/output_2.jpg,/Users/phamtunglam/Documents/Projects/mSigLIP/code/VN3K/imgs/TRAINNING_DATA/Person3/output_2.jpg,/Users/phamtunglam/Documents/Projects/mSigLIP/code/artifacts/deployment/qnn_inputs/vn3k_train_calib_2000/raw/00857_pid2_TRAINNING_DATA_Person3_output_2.raw,151,304
858,8,train,TRAINNING_DATA/Person9/output_6.jpg,/Users/phamtunglam/Documents/Projects/mSigLIP/code/VN3K/imgs/TRAINNING_DATA/Person9/output_6.jpg,/Users/phamtunglam/Documents/Projects/mSigLIP/code/artifacts/deployment/qnn_inputs/vn3k_train_calib_2000/raw/00858_pid8_TRAINNING_DATA_Person9_output_6.raw,117,391
859,1933,train,DHGTVT_00/01934_00010650.jpg,/Users/phamtunglam/Documents/Projects/mSigLIP/code/VN3K/imgs/DHGTVT_00/01934_00010650.jpg,/Users/phamtunglam/Documents/Projects/mSigLIP/code/artifacts/deployment/qnn_inputs/vn3k_train_calib_2000/raw/00859_pid1933_DHGTVT_00_01934_00010650.raw,90,289
860,1401,train,HoGuom_01/01402_2.jpg,/Users/phamtunglam/Documents/Projects/mSigLIP/code/VN3K/imgs/HoGuom_01/01402_2.jpg,/Users/phamtunglam/Documents/Projects/mSigLIP/code/artifacts/deployment/qnn_inputs/vn3k_train_calib_2000/raw/00860_pid1401_HoGuom_01_01402_2.raw,88,283
861,83,train,HoGuom_00/00084_00000540.jpg,/Users/phamtunglam/Documents/Projects/mSigLIP/code/VN3K/imgs/HoGuom_00/00084_00000540.jpg,/Users/phamtunglam/Documents/Projects/mSigLIP/code/artifacts/deployment/qnn_inputs/vn3k_train_calib_2000/raw/00861_pid83_HoGuom_00_00084_00000540.raw,189,538
862,1094,train,HoGuom_01/01095_00004020.jpg,/Users/phamtunglam/Documents/Projects/mSigLIP/code/VN3K/imgs/HoGuom_01/01095_00004020.jpg,/Users/phamtunglam/Documents/Projects/mSigLIP/code/artifacts/deployment/qnn_inputs/vn3k_train_calib_2000/raw/00862_pid1094_HoGuom_01_01095_00004020.raw,100,284
863,36,train,TEST_DATA/Person37.2/output_6.jpg,/Users/phamtunglam/Documents/Projects/mSigLIP/code/VN3K/imgs/TEST_DATA/Person37.2/output_6.jpg,/Users/phamtunglam/Documents/Projects/mSigLIP/code/artifacts/deployment/qnn_inputs/vn3k_train_calib_2000/raw/00863_pid36_TEST_DATA_Person37.2_output_6.raw,110,261
864,1487,train,HoGuom_01/01488_1.jpg,/Users/phamtunglam/Documents/Projects/mSigLIP/code/VN3K/imgs/HoGuom_01/01488_1.jpg,/Users/phamtunglam/Documents/Projects/mSigLIP/code/artifacts/deployment/qnn_inputs/vn3k_train_calib_2000/raw/00864_pid1487_HoGuom_01_01488_1.raw,111,292
865,839,train,HoGuom_01/00840_00008970.jpg,/Users/phamtunglam/Documents/Projects/mSigLIP/code/VN3K/imgs/HoGuom_01/00840_00008970.jpg,/Users/phamtunglam/Documents/Projects/mSigLIP/code/artifacts/deployment/qnn_inputs/vn3k_train_calib_2000/raw/00865_pid839_HoGuom_01_00840_00008970.raw,112,270
866,1408,train,HoGuom_01/01409_2.jpg,/Users/phamtunglam/Documents/Projects/mSigLIP/code/VN3K/imgs/HoGuom_01/01409_2.jpg,/Users/phamtunglam/Documents/Projects/mSigLIP/code/artifacts/deployment/qnn_inputs/vn3k_train_calib_2000/raw/00866_pid1408_HoGuom_01_01409_2.raw,193,610
867,948,train,HoGuom_01/00949_00001530.jpg,/Users/phamtunglam/Documents/Projects/mSigLIP/code/VN3K/imgs/HoGuom_01/00949_00001530.jpg,/Users/phamtunglam/Documents/Projects/mSigLIP/code/artifacts/deployment/qnn_inputs/vn3k_train_calib_2000/raw/00867_pid948_HoGuom_01_00949_00001530.raw,68,192
868,1847,train,HoGuom_01/01848_00000675.jpg,/Users/phamtunglam/Documents/Projects/mSigLIP/code/VN3K/imgs/HoGuom_01/01848_00000675.jpg,/Users/phamtunglam/Documents/Projects/mSigLIP/code/artifacts/deployment/qnn_inputs/vn3k_train_calib_2000/raw/00868_pid1847_HoGuom_01_01848_00000675.raw,72,264
869,951,train,HoGuom_01/00952_00003675.jpg,/Users/phamtunglam/Documents/Projects/mSigLIP/code/VN3K/imgs/HoGuom_01/00952_00003675.jpg,/Users/phamtunglam/Documents/Projects/mSigLIP/code/artifacts/deployment/qnn_inputs/vn3k_train_calib_2000/raw/00869_pid951_HoGuom_01_00952_00003675.raw,156,401
870,812,train,HoGuom_01/00813_00003045.jpg,/Users/phamtunglam/Documents/Projects/mSigLIP/code/VN3K/imgs/HoGuom_01/00813_00003045.jpg,/Users/phamtunglam/Documents/Projects/mSigLIP/code/artifacts/deployment/qnn_inputs/vn3k_train_calib_2000/raw/00870_pid812_HoGuom_01_00813_00003045.raw,72,189
871,1591,train,DHHN_HVBCVT_00/01592_00013185.jpg,/Users/phamtunglam/Documents/Projects/mSigLIP/code/VN3K/imgs/DHHN_HVBCVT_00/01592_00013185.jpg,/Users/phamtunglam/Documents/Projects/mSigLIP/code/artifacts/deployment/qnn_inputs/vn3k_train_calib_2000/raw/00871_pid1591_DHHN_HVBCVT_00_01592_00013185.raw,137,396
872,1570,train,DHHN_HVBCVT_00/01571_00002760.jpg,/Users/phamtunglam/Documents/Projects/mSigLIP/code/VN3K/imgs/DHHN_HVBCVT_00/01571_00002760.jpg,/Users/phamtunglam/Documents/Projects/mSigLIP/code/artifacts/deployment/qnn_inputs/vn3k_train_calib_2000/raw/00872_pid1570_DHHN_HVBCVT_00_01571_00002760.raw,69,149
873,890,train,HoGuom_01/00891_00015030.jpg,/Users/phamtunglam/Documents/Projects/mSigLIP/code/VN3K/imgs/HoGuom_01/00891_00015030.jpg,/Users/phamtunglam/Documents/Projects/mSigLIP/code/artifacts/deployment/qnn_inputs/vn3k_train_calib_2000/raw/00873_pid890_HoGuom_01_00891_00015030.raw,69,159
874,19,train,TRAINNING_DATA/Person20/output_6.jpg,/Users/phamtunglam/Documents/Projects/mSigLIP/code/VN3K/imgs/TRAINNING_DATA/Person20/output_6.jpg,/Users/phamtunglam/Documents/Projects/mSigLIP/code/artifacts/deployment/qnn_inputs/vn3k_train_calib_2000/raw/00874_pid19_TRAINNING_DATA_Person20_output_6.raw,212,359
875,204,train,HoGuom_00/00205_00005170.jpg,/Users/phamtunglam/Documents/Projects/mSigLIP/code/VN3K/imgs/HoGuom_00/00205_00005170.jpg,/Users/phamtunglam/Documents/Projects/mSigLIP/code/artifacts/deployment/qnn_inputs/vn3k_train_calib_2000/raw/00875_pid204_HoGuom_00_00205_00005170.raw,204,467
876,1284,train,HoGuom_01/01285_00006435.jpg,/Users/phamtunglam/Documents/Projects/mSigLIP/code/VN3K/imgs/HoGuom_01/01285_00006435.jpg,/Users/phamtunglam/Documents/Projects/mSigLIP/code/artifacts/deployment/qnn_inputs/vn3k_train_calib_2000/raw/00876_pid1284_HoGuom_01_01285_00006435.raw,79,231
877,305,train,HoGuom_00/00306_00009930.jpg,/Users/phamtunglam/Documents/Projects/mSigLIP/code/VN3K/imgs/HoGuom_00/00306_00009930.jpg,/Users/phamtunglam/Documents/Projects/mSigLIP/code/artifacts/deployment/qnn_inputs/vn3k_train_calib_2000/raw/00877_pid305_HoGuom_00_00306_00009930.raw,112,200
878,650,train,HoGuom_00/00651_00008015.jpg,/Users/phamtunglam/Documents/Projects/mSigLIP/code/VN3K/imgs/HoGuom_00/00651_00008015.jpg,/Users/phamtunglam/Documents/Projects/mSigLIP/code/artifacts/deployment/qnn_inputs/vn3k_train_calib_2000/raw/00878_pid650_HoGuom_00_00651_00008015.raw,121,327
879,1494,train,HoGuom_01/01495_1.jpg,/Users/phamtunglam/Documents/Projects/mSigLIP/code/VN3K/imgs/HoGuom_01/01495_1.jpg,/Users/phamtunglam/Documents/Projects/mSigLIP/code/artifacts/deployment/qnn_inputs/vn3k_train_calib_2000/raw/00879_pid1494_HoGuom_01_01495_1.raw,84,302
880,1092,train,HoGuom_01/01093_00004365.jpg,/Users/phamtunglam/Documents/Projects/mSigLIP/code/VN3K/imgs/HoGuom_01/01093_00004365.jpg,/Users/phamtunglam/Documents/Projects/mSigLIP/code/artifacts/deployment/qnn_inputs/vn3k_train_calib_2000/raw/00880_pid1092_HoGuom_01_01093_00004365.raw,119,350
881,547,train,HoGuom_00/00548_00004025.jpg,/Users/phamtunglam/Documents/Projects/mSigLIP/code/VN3K/imgs/HoGuom_00/00548_00004025.jpg,/Users/phamtunglam/Documents/Projects/mSigLIP/code/artifacts/deployment/qnn_inputs/vn3k_train_calib_2000/raw/00881_pid547_HoGuom_00_00548_00004025.raw,118,366
882,891,train,HoGuom_01/00892_00014460.jpg,/Users/phamtunglam/Documents/Projects/mSigLIP/code/VN3K/imgs/HoGuom_01/00892_00014460.jpg,/Users/phamtunglam/Documents/Projects/mSigLIP/code/artifacts/deployment/qnn_inputs/vn3k_train_calib_2000/raw/00882_pid891_HoGuom_01_00892_00014460.raw,90,252
883,10,train,TRAINNING_DATA/Person11/output_9.jpg,/Users/phamtunglam/Documents/Projects/mSigLIP/code/VN3K/imgs/TRAINNING_DATA/Person11/output_9.jpg,/Users/phamtunglam/Documents/Projects/mSigLIP/code/artifacts/deployment/qnn_inputs/vn3k_train_calib_2000/raw/00883_pid10_TRAINNING_DATA_Person11_output_9.raw,157,376
884,1640,train,DHHN_HVBCVT_00/01641_00036270.jpg,/Users/phamtunglam/Documents/Projects/mSigLIP/code/VN3K/imgs/DHHN_HVBCVT_00/01641_00036270.jpg,/Users/phamtunglam/Documents/Projects/mSigLIP/code/artifacts/deployment/qnn_inputs/vn3k_train_calib_2000/raw/00884_pid1640_DHHN_HVBCVT_00_01641_00036270.raw,123,244
885,503,train,HoGuom_00/00504_00050435.jpg,/Users/phamtunglam/Documents/Projects/mSigLIP/code/VN3K/imgs/HoGuom_00/00504_00050435.jpg,/Users/phamtunglam/Documents/Projects/mSigLIP/code/artifacts/deployment/qnn_inputs/vn3k_train_calib_2000/raw/00885_pid503_HoGuom_00_00504_00050435.raw,73,202
886,1575,train,DHHN_HVBCVT_00/01576_00006615.jpg,/Users/phamtunglam/Documents/Projects/mSigLIP/code/VN3K/imgs/DHHN_HVBCVT_00/01576_00006615.jpg,/Users/phamtunglam/Documents/Projects/mSigLIP/code/artifacts/deployment/qnn_inputs/vn3k_train_calib_2000/raw/00886_pid1575_DHHN_HVBCVT_00_01576_00006615.raw,65,191
887,1397,train,HoGuom_01/01398_2.jpg,/Users/phamtunglam/Documents/Projects/mSigLIP/code/VN3K/imgs/HoGuom_01/01398_2.jpg,/Users/phamtunglam/Documents/Projects/mSigLIP/code/artifacts/deployment/qnn_inputs/vn3k_train_calib_2000/raw/00887_pid1397_HoGuom_01_01398_2.raw,284,722
888,1652,train,DHHN_HVBCVT_00/01653_00043230.jpg,/Users/phamtunglam/Documents/Projects/mSigLIP/code/VN3K/imgs/DHHN_HVBCVT_00/01653_00043230.jpg,/Users/phamtunglam/Documents/Projects/mSigLIP/code/artifacts/deployment/qnn_inputs/vn3k_train_calib_2000/raw/00888_pid1652_DHHN_HVBCVT_00_01653_00043230.raw,75,187
889,832,train,HoGuom_01/00833_00007710.jpg,/Users/phamtunglam/Documents/Projects/mSigLIP/code/VN3K/imgs/HoGuom_01/00833_00007710.jpg,/Users/phamtunglam/Documents/Projects/mSigLIP/code/artifacts/deployment/qnn_inputs/vn3k_train_calib_2000/raw/00889_pid832_HoGuom_01_00833_00007710.raw,82,225
890,1326,train,HoGuom_01/01327_00005115.jpg,/Users/phamtunglam/Documents/Projects/mSigLIP/code/VN3K/imgs/HoGuom_01/01327_00005115.jpg,/Users/phamtunglam/Documents/Projects/mSigLIP/code/artifacts/deployment/qnn_inputs/vn3k_train_calib_2000/raw/00890_pid1326_HoGuom_01_01327_00005115.raw,266,645
891,1993,train,TamChuc_01/01994_1.jpg,/Users/phamtunglam/Documents/Projects/mSigLIP/code/VN3K/imgs/TamChuc_01/01994_1.jpg,/Users/phamtunglam/Documents/Projects/mSigLIP/code/artifacts/deployment/qnn_inputs/vn3k_train_calib_2000/raw/00891_pid1993_TamChuc_01_01994_1.raw,131,373
892,1704,train,DHHN_HVBCVT_00/01705_00004455.jpg,/Users/phamtunglam/Documents/Projects/mSigLIP/code/VN3K/imgs/DHHN_HVBCVT_00/01705_00004455.jpg,/Users/phamtunglam/Documents/Projects/mSigLIP/code/artifacts/deployment/qnn_inputs/vn3k_train_calib_2000/raw/00892_pid1704_DHHN_HVBCVT_00_01705_00004455.raw,79,182
893,1448,train,HoGuom_01/01449_2.jpg,/Users/phamtunglam/Documents/Projects/mSigLIP/code/VN3K/imgs/HoGuom_01/01449_2.jpg,/Users/phamtunglam/Documents/Projects/mSigLIP/code/artifacts/deployment/qnn_inputs/vn3k_train_calib_2000/raw/00893_pid1448_HoGuom_01_01449_2.raw,95,304
894,1943,train,DHGTVT_00/01944_00011220.jpg,/Users/phamtunglam/Documents/Projects/mSigLIP/code/VN3K/imgs/DHGTVT_00/01944_00011220.jpg,/Users/phamtunglam/Documents/Projects/mSigLIP/code/artifacts/deployment/qnn_inputs/vn3k_train_calib_2000/raw/00894_pid1943_DHGTVT_00_01944_00011220.raw,90,272
895,21,train,TRAINNING_DATA/Person22/output_6.jpg,/Users/phamtunglam/Documents/Projects/mSigLIP/code/VN3K/imgs/TRAINNING_DATA/Person22/output_6.jpg,/Users/phamtunglam/Documents/Projects/mSigLIP/code/artifacts/deployment/qnn_inputs/vn3k_train_calib_2000/raw/00895_pid21_TRAINNING_DATA_Person22_output_6.raw,186,388
896,991,train,HoGuom_01/00992_00007710.jpg,/Users/phamtunglam/Documents/Projects/mSigLIP/code/VN3K/imgs/HoGuom_01/00992_00007710.jpg,/Users/phamtunglam/Documents/Projects/mSigLIP/code/artifacts/deployment/qnn_inputs/vn3k_train_calib_2000/raw/00896_pid991_HoGuom_01_00992_00007710.raw,98,248
897,64,train,TEST_DATA/Person65.2/output_9.jpg,/Users/phamtunglam/Documents/Projects/mSigLIP/code/VN3K/imgs/TEST_DATA/Person65.2/output_9.jpg,/Users/phamtunglam/Documents/Projects/mSigLIP/code/artifacts/deployment/qnn_inputs/vn3k_train_calib_2000/raw/00897_pid64_TEST_DATA_Person65.2_output_9.raw,120,266
898,61,train,TRAINNING_DATA/Person62/output_6.jpg,/Users/phamtunglam/Documents/Projects/mSigLIP/code/VN3K/imgs/TRAINNING_DATA/Person62/output_6.jpg,/Users/phamtunglam/Documents/Projects/mSigLIP/code/artifacts/deployment/qnn_inputs/vn3k_train_calib_2000/raw/00898_pid61_TRAINNING_DATA_Person62_output_6.raw,153,269
899,1948,train,DHGTVT_00/01949_00011670.jpg,/Users/phamtunglam/Documents/Projects/mSigLIP/code/VN3K/imgs/DHGTVT_00/01949_00011670.jpg,/Users/phamtunglam/Documents/Projects/mSigLIP/code/artifacts/deployment/qnn_inputs/vn3k_train_calib_2000/raw/00899_pid1948_DHGTVT_00_01949_00011670.raw,134,316
900,222,train,HoGuom_00/00223_00006085.jpg,/Users/phamtunglam/Documents/Projects/mSigLIP/code/VN3K/imgs/HoGuom_00/00223_00006085.jpg,/Users/phamtunglam/Documents/Projects/mSigLIP/code/artifacts/deployment/qnn_inputs/vn3k_train_calib_2000/raw/00900_pid222_HoGuom_00_00223_00006085.raw,111,320
901,384,train,HoGuom_00/00385_00012850.jpg,/Users/phamtunglam/Documents/Projects/mSigLIP/code/VN3K/imgs/HoGuom_00/00385_00012850.jpg,/Users/phamtunglam/Documents/Projects/mSigLIP/code/artifacts/deployment/qnn_inputs/vn3k_train_calib_2000/raw/00901_pid384_HoGuom_00_00385_00012850.raw,128,466
902,689,train,HoGuom_00/00690_00009905.jpg,/Users/phamtunglam/Documents/Projects/mSigLIP/code/VN3K/imgs/HoGuom_00/00690_00009905.jpg,/Users/phamtunglam/Documents/Projects/mSigLIP/code/artifacts/deployment/qnn_inputs/vn3k_train_calib_2000/raw/00902_pid689_HoGuom_00_00690_00009905.raw,117,310
903,58,train,TRAINNING_DATA/Person59/output_2.jpg,/Users/phamtunglam/Documents/Projects/mSigLIP/code/VN3K/imgs/TRAINNING_DATA/Person59/output_2.jpg,/Users/phamtunglam/Documents/Projects/mSigLIP/code/artifacts/deployment/qnn_inputs/vn3k_train_calib_2000/raw/00903_pid58_TRAINNING_DATA_Person59_output_2.raw,191,344
904,515,train,HoGuom_00/00516_00002055.jpg,/Users/phamtunglam/Documents/Projects/mSigLIP/code/VN3K/imgs/HoGuom_00/00516_00002055.jpg,/Users/phamtunglam/Documents/Projects/mSigLIP/code/artifacts/deployment/qnn_inputs/vn3k_train_calib_2000/raw/00904_pid515_HoGuom_00_00516_00002055.raw,106,160
905,1346,train,HoGuom_01/01347_00004050.jpg,/Users/phamtunglam/Documents/Projects/mSigLIP/code/VN3K/imgs/HoGuom_01/01347_00004050.jpg,/Users/phamtunglam/Documents/Projects/mSigLIP/code/artifacts/deployment/qnn_inputs/vn3k_train_calib_2000/raw/00905_pid1346_HoGuom_01_01347_00004050.raw,227,650
906,1925,train,DHGTVT_00/01926_00010180.jpg,/Users/phamtunglam/Documents/Projects/mSigLIP/code/VN3K/imgs/DHGTVT_00/01926_00010180.jpg,/Users/phamtunglam/Documents/Projects/mSigLIP/code/artifacts/deployment/qnn_inputs/vn3k_train_calib_2000/raw/00906_pid1925_DHGTVT_00_01926_00010180.raw,90,230
907,778,train,HoGuom_01/00779_00000780.jpg,/Users/phamtunglam/Documents/Projects/mSigLIP/code/VN3K/imgs/HoGuom_01/00779_00000780.jpg,/Users/phamtunglam/Documents/Projects/mSigLIP/code/artifacts/deployment/qnn_inputs/vn3k_train_calib_2000/raw/00907_pid778_HoGuom_01_00779_00000780.raw,111,275
908,238,train,HoGuom_00/00239_00007685.jpg,/Users/phamtunglam/Documents/Projects/mSigLIP/code/VN3K/imgs/HoGuom_00/00239_00007685.jpg,/Users/phamtunglam/Documents/Projects/mSigLIP/code/artifacts/deployment/qnn_inputs/vn3k_train_calib_2000/raw/00908_pid238_HoGuom_00_00239_00007685.raw,68,167
909,1743,train,DHHN_HVBCVT_00/01744_00010965.jpg,/Users/phamtunglam/Documents/Projects/mSigLIP/code/VN3K/imgs/DHHN_HVBCVT_00/01744_00010965.jpg,/Users/phamtunglam/Documents/Projects/mSigLIP/code/artifacts/deployment/qnn_inputs/vn3k_train_calib_2000/raw/00909_pid1743_DHHN_HVBCVT_00_01744_00010965.raw,161,424
910,1861,train,DHGTVT_00/01862_00002950.jpg,/Users/phamtunglam/Documents/Projects/mSigLIP/code/VN3K/imgs/DHGTVT_00/01862_00002950.jpg,/Users/phamtunglam/Documents/Projects/mSigLIP/code/artifacts/deployment/qnn_inputs/vn3k_train_calib_2000/raw/00910_pid1861_DHGTVT_00_01862_00002950.raw,69,182
911,1438,train,HoGuom_01/01439_2.jpg,/Users/phamtunglam/Documents/Projects/mSigLIP/code/VN3K/imgs/HoGuom_01/01439_2.jpg,/Users/phamtunglam/Documents/Projects/mSigLIP/code/artifacts/deployment/qnn_inputs/vn3k_train_calib_2000/raw/00911_pid1438_HoGuom_01_01439_2.raw,106,224
912,1379,train,HoGuom_01/01380_00008100.jpg,/Users/phamtunglam/Documents/Projects/mSigLIP/code/VN3K/imgs/HoGuom_01/01380_00008100.jpg,/Users/phamtunglam/Documents/Projects/mSigLIP/code/artifacts/deployment/qnn_inputs/vn3k_train_calib_2000/raw/00912_pid1379_HoGuom_01_01380_00008100.raw,247,609
913,1810,train,DHHN_HVBCVT_00/01811_00009435.jpg,/Users/phamtunglam/Documents/Projects/mSigLIP/code/VN3K/imgs/DHHN_HVBCVT_00/01811_00009435.jpg,/Users/phamtunglam/Documents/Projects/mSigLIP/code/artifacts/deployment/qnn_inputs/vn3k_train_calib_2000/raw/00913_pid1810_DHHN_HVBCVT_00_01811_00009435.raw,67,191
914,1218,train,HoGuom_01/01219_00003435.jpg,/Users/phamtunglam/Documents/Projects/mSigLIP/code/VN3K/imgs/HoGuom_01/01219_00003435.jpg,/Users/phamtunglam/Documents/Projects/mSigLIP/code/artifacts/deployment/qnn_inputs/vn3k_train_calib_2000/raw/00914_pid1218_HoGuom_01_01219_00003435.raw,95,342
915,1653,train,DHHN_HVBCVT_00/01654_00043065.jpg,/Users/phamtunglam/Documents/Projects/mSigLIP/code/VN3K/imgs/DHHN_HVBCVT_00/01654_00043065.jpg,/Users/phamtunglam/Documents/Projects/mSigLIP/code/artifacts/deployment/qnn_inputs/vn3k_train_calib_2000/raw/00915_pid1653_DHHN_HVBCVT_00_01654_00043065.raw,83,228
916,1709,train,DHHN_HVBCVT_00/01710_00008445.jpg,/Users/phamtunglam/Documents/Projects/mSigLIP/code/VN3K/imgs/DHHN_HVBCVT_00/01710_00008445.jpg,/Users/phamtunglam/Documents/Projects/mSigLIP/code/artifacts/deployment/qnn_inputs/vn3k_train_calib_2000/raw/00916_pid1709_DHHN_HVBCVT_00_01710_00008445.raw,85,279
917,234,train,HoGuom_00/00235_00007725.jpg,/Users/phamtunglam/Documents/Projects/mSigLIP/code/VN3K/imgs/HoGuom_00/00235_00007725.jpg,/Users/phamtunglam/Documents/Projects/mSigLIP/code/artifacts/deployment/qnn_inputs/vn3k_train_calib_2000/raw/00917_pid234_HoGuom_00_00235_00007725.raw,110,251
918,1305,train,HoGuom_01/01306_00005025.jpg,/Users/phamtunglam/Documents/Projects/mSigLIP/code/VN3K/imgs/HoGuom_01/01306_00005025.jpg,/Users/phamtunglam/Documents/Projects/mSigLIP/code/artifacts/deployment/qnn_inputs/vn3k_train_calib_2000/raw/00918_pid1305_HoGuom_01_01306_00005025.raw,83,156
919,1812,train,DHHN_HVBCVT_00/01813_00009630.jpg,/Users/phamtunglam/Documents/Projects/mSigLIP/code/VN3K/imgs/DHHN_HVBCVT_00/01813_00009630.jpg,/Users/phamtunglam/Documents/Projects/mSigLIP/code/artifacts/deployment/qnn_inputs/vn3k_train_calib_2000/raw/00919_pid1812_DHHN_HVBCVT_00_01813_00009630.raw,100,290
920,1856,train,DHGTVT_00/01857_00003540.jpg,/Users/phamtunglam/Documents/Projects/mSigLIP/code/VN3K/imgs/DHGTVT_00/01857_00003540.jpg,/Users/phamtunglam/Documents/Projects/mSigLIP/code/artifacts/deployment/qnn_inputs/vn3k_train_calib_2000/raw/00920_pid1856_DHGTVT_00_01857_00003540.raw,89,237
921,861,train,HoGuom_01/00862_00010515.jpg,/Users/phamtunglam/Documents/Projects/mSigLIP/code/VN3K/imgs/HoGuom_01/00862_00010515.jpg,/Users/phamtunglam/Documents/Projects/mSigLIP/code/artifacts/deployment/qnn_inputs/vn3k_train_calib_2000/raw/00921_pid861_HoGuom_01_00862_00010515.raw,119,332
922,1076,train,HoGuom_01/01077_00002670.jpg,/Users/phamtunglam/Documents/Projects/mSigLIP/code/VN3K/imgs/HoGuom_01/01077_00002670.jpg,/Users/phamtunglam/Documents/Projects/mSigLIP/code/artifacts/deployment/qnn_inputs/vn3k_train_calib_2000/raw/00922_pid1076_HoGuom_01_01077_00002670.raw,161,513
923,1453,train,DANgoc_01/03043_2.jpg,/Users/phamtunglam/Documents/Projects/mSigLIP/code/VN3K/imgs/DANgoc_01/03043_2.jpg,/Users/phamtunglam/Documents/Projects/mSigLIP/code/artifacts/deployment/qnn_inputs/vn3k_train_calib_2000/raw/00923_pid1453_DANgoc_01_03043_2.raw,134,358
924,1445,train,HoGuom_01/01446_1.jpg,/Users/phamtunglam/Documents/Projects/mSigLIP/code/VN3K/imgs/HoGuom_01/01446_1.jpg,/Users/phamtunglam/Documents/Projects/mSigLIP/code/artifacts/deployment/qnn_inputs/vn3k_train_calib_2000/raw/00924_pid1445_HoGuom_01_01446_1.raw,115,268
925,22,train,TEST_DATA/Person23.2/output_6.jpg,/Users/phamtunglam/Documents/Projects/mSigLIP/code/VN3K/imgs/TEST_DATA/Person23.2/output_6.jpg,/Users/phamtunglam/Documents/Projects/mSigLIP/code/artifacts/deployment/qnn_inputs/vn3k_train_calib_2000/raw/00925_pid22_TEST_DATA_Person23.2_output_6.raw,106,345
926,120,train,HoGuom_00/00121_00002230.jpg,/Users/phamtunglam/Documents/Projects/mSigLIP/code/VN3K/imgs/HoGuom_00/00121_00002230.jpg,/Users/phamtunglam/Documents/Projects/mSigLIP/code/artifacts/deployment/qnn_inputs/vn3k_train_calib_2000/raw/00926_pid120_HoGuom_00_00121_00002230.raw,69,164
927,1644,train,DHHN_HVBCVT_00/01645_00039960.jpg,/Users/phamtunglam/Documents/Projects/mSigLIP/code/VN3K/imgs/DHHN_HVBCVT_00/01645_00039960.jpg,/Users/phamtunglam/Documents/Projects/mSigLIP/code/artifacts/deployment/qnn_inputs/vn3k_train_calib_2000/raw/00927_pid1644_DHHN_HVBCVT_00_01645_00039960.raw,82,236
928,503,train,HoGuom_00/00504_00050430.jpg,/Users/phamtunglam/Documents/Projects/mSigLIP/code/VN3K/imgs/HoGuom_00/00504_00050430.jpg,/Users/phamtunglam/Documents/Projects/mSigLIP/code/artifacts/deployment/qnn_inputs/vn3k_train_calib_2000/raw/00928_pid503_HoGuom_00_00504_00050430.raw,73,198
929,421,train,HoGuom_00/00422_00014505.jpg,/Users/phamtunglam/Documents/Projects/mSigLIP/code/VN3K/imgs/HoGuom_00/00422_00014505.jpg,/Users/phamtunglam/Documents/Projects/mSigLIP/code/artifacts/deployment/qnn_inputs/vn3k_train_calib_2000/raw/00929_pid421_HoGuom_00_00422_00014505.raw,154,388
930,974,train,HoGuom_01/00975_00006030.jpg,/Users/phamtunglam/Documents/Projects/mSigLIP/code/VN3K/imgs/HoGuom_01/00975_00006030.jpg,/Users/phamtunglam/Documents/Projects/mSigLIP/code/artifacts/deployment/qnn_inputs/vn3k_train_calib_2000/raw/00930_pid974_HoGuom_01_00975_00006030.raw,140,441
931,938,train,HoGuom_01/00939_00000390.jpg,/Users/phamtunglam/Documents/Projects/mSigLIP/code/VN3K/imgs/HoGuom_01/00939_00000390.jpg,/Users/phamtunglam/Documents/Projects/mSigLIP/code/artifacts/deployment/qnn_inputs/vn3k_train_calib_2000/raw/00931_pid938_HoGuom_01_00939_00000390.raw,66,172
932,1633,train,DHHN_HVBCVT_00/01634_00033030.jpg,/Users/phamtunglam/Documents/Projects/mSigLIP/code/VN3K/imgs/DHHN_HVBCVT_00/01634_00033030.jpg,/Users/phamtunglam/Documents/Projects/mSigLIP/code/artifacts/deployment/qnn_inputs/vn3k_train_calib_2000/raw/00932_pid1633_DHHN_HVBCVT_00_01634_00033030.raw,72,184
933,353,train,HoGuom_00/00354_00011965.jpg,/Users/phamtunglam/Documents/Projects/mSigLIP/code/VN3K/imgs/HoGuom_00/00354_00011965.jpg,/Users/phamtunglam/Documents/Projects/mSigLIP/code/artifacts/deployment/qnn_inputs/vn3k_train_calib_2000/raw/00933_pid353_HoGuom_00_00354_00011965.raw,184,501
934,42,train,TRAINNING_DATA/Person43/output_9.jpg,/Users/phamtunglam/Documents/Projects/mSigLIP/code/VN3K/imgs/TRAINNING_DATA/Person43/output_9.jpg,/Users/phamtunglam/Documents/Projects/mSigLIP/code/artifacts/deployment/qnn_inputs/vn3k_train_calib_2000/raw/00934_pid42_TRAINNING_DATA_Person43_output_9.raw,173,314
935,1185,train,HoGuom_01/01186_00002925.jpg,/Users/phamtunglam/Documents/Projects/mSigLIP/code/VN3K/imgs/HoGuom_01/01186_00002925.jpg,/Users/phamtunglam/Documents/Projects/mSigLIP/code/artifacts/deployment/qnn_inputs/vn3k_train_calib_2000/raw/00935_pid1185_HoGuom_01_01186_00002925.raw,267,643
936,1789,train,DHHN_HVBCVT_00/01790_00004110.jpg,/Users/phamtunglam/Documents/Projects/mSigLIP/code/VN3K/imgs/DHHN_HVBCVT_00/01790_00004110.jpg,/Users/phamtunglam/Documents/Projects/mSigLIP/code/artifacts/deployment/qnn_inputs/vn3k_train_calib_2000/raw/00936_pid1789_DHHN_HVBCVT_00_01790_00004110.raw,326,670
937,48,train,TEST_DATA/Person49.2/output_9.jpg,/Users/phamtunglam/Documents/Projects/mSigLIP/code/VN3K/imgs/TEST_DATA/Person49.2/output_9.jpg,/Users/phamtunglam/Documents/Projects/mSigLIP/code/artifacts/deployment/qnn_inputs/vn3k_train_calib_2000/raw/00937_pid48_TEST_DATA_Person49.2_output_9.raw,93,266
938,1234,train,HoGuom_01/01235_00004185.jpg,/Users/phamtunglam/Documents/Projects/mSigLIP/code/VN3K/imgs/HoGuom_01/01235_00004185.jpg,/Users/phamtunglam/Documents/Projects/mSigLIP/code/artifacts/deployment/qnn_inputs/vn3k_train_calib_2000/raw/00938_pid1234_HoGuom_01_01235_00004185.raw,274,849
939,789,train,HoGuom_01/00790_00001680.jpg,/Users/phamtunglam/Documents/Projects/mSigLIP/code/VN3K/imgs/HoGuom_01/00790_00001680.jpg,/Users/phamtunglam/Documents/Projects/mSigLIP/code/artifacts/deployment/qnn_inputs/vn3k_train_calib_2000/raw/00939_pid789_HoGuom_01_00790_00001680.raw,72,218
940,455,train,HoGuom_00/00456_00015835.jpg,/Users/phamtunglam/Documents/Projects/mSigLIP/code/VN3K/imgs/HoGuom_00/00456_00015835.jpg,/Users/phamtunglam/Documents/Projects/mSigLIP/code/artifacts/deployment/qnn_inputs/vn3k_train_calib_2000/raw/00940_pid455_HoGuom_00_00456_00015835.raw,172,475
941,39,train,TRAINNING_DATA/Person40/output_9.jpg,/Users/phamtunglam/Documents/Projects/mSigLIP/code/VN3K/imgs/TRAINNING_DATA/Person40/output_9.jpg,/Users/phamtunglam/Documents/Projects/mSigLIP/code/artifacts/deployment/qnn_inputs/vn3k_train_calib_2000/raw/00941_pid39_TRAINNING_DATA_Person40_output_9.raw,121,318
942,66,train,TRAINNING_DATA/Person67/output_9.jpg,/Users/phamtunglam/Documents/Projects/mSigLIP/code/VN3K/imgs/TRAINNING_DATA/Person67/output_9.jpg,/Users/phamtunglam/Documents/Projects/mSigLIP/code/artifacts/deployment/qnn_inputs/vn3k_train_calib_2000/raw/00942_pid66_TRAINNING_DATA_Person67_output_9.raw,144,373
943,522,train,HoGuom_00/00523_00002365.jpg,/Users/phamtunglam/Documents/Projects/mSigLIP/code/VN3K/imgs/HoGuom_00/00523_00002365.jpg,/Users/phamtunglam/Documents/Projects/mSigLIP/code/artifacts/deployment/qnn_inputs/vn3k_train_calib_2000/raw/00943_pid522_HoGuom_00_00523_00002365.raw,179,557
944,60,train,TEST_DATA/Person61.2/output_6.jpg,/Users/phamtunglam/Documents/Projects/mSigLIP/code/VN3K/imgs/TEST_DATA/Person61.2/output_6.jpg,/Users/phamtunglam/Documents/Projects/mSigLIP/code/artifacts/deployment/qnn_inputs/vn3k_train_calib_2000/raw/00944_pid60_TEST_DATA_Person61.2_output_6.raw,128,237
945,604,train,HoGuom_00/00605_00006610.jpg,/Users/phamtunglam/Documents/Projects/mSigLIP/code/VN3K/imgs/HoGuom_00/00605_00006610.jpg,/Users/phamtunglam/Documents/Projects/mSigLIP/code/artifacts/deployment/qnn_inputs/vn3k_train_calib_2000/raw/00945_pid604_HoGuom_00_00605_00006610.raw,204,613
946,973,train,HoGuom_01/00974_00006270.jpg,/Users/phamtunglam/Documents/Projects/mSigLIP/code/VN3K/imgs/HoGuom_01/00974_00006270.jpg,/Users/phamtunglam/Documents/Projects/mSigLIP/code/artifacts/deployment/qnn_inputs/vn3k_train_calib_2000/raw/00946_pid973_HoGuom_01_00974_00006270.raw,121,275
947,687,train,HoGuom_00/00688_00009940.jpg,/Users/phamtunglam/Documents/Projects/mSigLIP/code/VN3K/imgs/HoGuom_00/00688_00009940.jpg,/Users/phamtunglam/Documents/Projects/mSigLIP/code/artifacts/deployment/qnn_inputs/vn3k_train_calib_2000/raw/00947_pid687_HoGuom_00_00688_00009940.raw,167,435
948,26,train,TRAINNING_DATA/Person27/output_12.jpg,/Users/phamtunglam/Documents/Projects/mSigLIP/code/VN3K/imgs/TRAINNING_DATA/Person27/output_12.jpg,/Users/phamtunglam/Documents/Projects/mSigLIP/code/artifacts/deployment/qnn_inputs/vn3k_train_calib_2000/raw/00948_pid26_TRAINNING_DATA_Person27_output_12.raw,98,357
949,1886,train,DHGTVT_00/01887_00003980.jpg,/Users/phamtunglam/Documents/Projects/mSigLIP/code/VN3K/imgs/DHGTVT_00/01887_00003980.jpg,/Users/phamtunglam/Documents/Projects/mSigLIP/code/artifacts/deployment/qnn_inputs/vn3k_train_calib_2000/raw/00949_pid1886_DHGTVT_00_01887_00003980.raw,115,267
950,1428,train,HoGuom_01/01429_2.jpg,/Users/phamtunglam/Documents/Projects/mSigLIP/code/VN3K/imgs/HoGuom_01/01429_2.jpg,/Users/phamtunglam/Documents/Projects/mSigLIP/code/artifacts/deployment/qnn_inputs/vn3k_train_calib_2000/raw/00950_pid1428_HoGuom_01_01429_2.raw,116,302
951,1760,train,DHHN_HVBCVT_00/01761_00001710.jpg,/Users/phamtunglam/Documents/Projects/mSigLIP/code/VN3K/imgs/DHHN_HVBCVT_00/01761_00001710.jpg,/Users/phamtunglam/Documents/Projects/mSigLIP/code/artifacts/deployment/qnn_inputs/vn3k_train_calib_2000/raw/00951_pid1760_DHHN_HVBCVT_00_01761_00001710.raw,92,290
952,407,train,HoGuom_00/00408_00013790.jpg,/Users/phamtunglam/Documents/Projects/mSigLIP/code/VN3K/imgs/HoGuom_00/00408_00013790.jpg,/Users/phamtunglam/Documents/Projects/mSigLIP/code/artifacts/deployment/qnn_inputs/vn3k_train_calib_2000/raw/00952_pid407_HoGuom_00_00408_00013790.raw,69,183
953,1213,train,HoGuom_01/01214_00003255.jpg,/Users/phamtunglam/Documents/Projects/mSigLIP/code/VN3K/imgs/HoGuom_01/01214_00003255.jpg,/Users/phamtunglam/Documents/Projects/mSigLIP/code/artifacts/deployment/qnn_inputs/vn3k_train_calib_2000/raw/00953_pid1213_HoGuom_01_01214_00003255.raw,65,152
954,685,train,HoGuom_00/00686_00009740.jpg,/Users/phamtunglam/Documents/Projects/mSigLIP/code/VN3K/imgs/HoGuom_00/00686_00009740.jpg,/Users/phamtunglam/Documents/Projects/mSigLIP/code/artifacts/deployment/qnn_inputs/vn3k_train_calib_2000/raw/00954_pid685_HoGuom_00_00686_00009740.raw,83,232
955,1961,train,DHGTVT_00/01962_00018690.jpg,/Users/phamtunglam/Documents/Projects/mSigLIP/code/VN3K/imgs/DHGTVT_00/01962_00018690.jpg,/Users/phamtunglam/Documents/Projects/mSigLIP/code/artifacts/deployment/qnn_inputs/vn3k_train_calib_2000/raw/00955_pid1961_DHGTVT_00_01962_00018690.raw,105,285
956,67,train,TRAINNING_DATA/Person68/output_9.jpg,/Users/phamtunglam/Documents/Projects/mSigLIP/code/VN3K/imgs/TRAINNING_DATA/Person68/output_9.jpg,/Users/phamtunglam/Documents/Projects/mSigLIP/code/artifacts/deployment/qnn_inputs/vn3k_train_calib_2000/raw/00956_pid67_TRAINNING_DATA_Person68_output_9.raw,97,321
957,1620,train,DHHN_HVBCVT_00/01621_00025170.jpg,/Users/phamtunglam/Documents/Projects/mSigLIP/code/VN3K/imgs/DHHN_HVBCVT_00/01621_00025170.jpg,/Users/phamtunglam/Documents/Projects/mSigLIP/code/artifacts/deployment/qnn_inputs/vn3k_train_calib_2000/raw/00957_pid1620_DHHN_HVBCVT_00_01621_00025170.raw,73,216
958,1967,train,DHGTVT_00/01968_00026550.jpg,/Users/phamtunglam/Documents/Projects/mSigLIP/code/VN3K/imgs/DHGTVT_00/01968_00026550.jpg,/Users/phamtunglam/Documents/Projects/mSigLIP/code/artifacts/deployment/qnn_inputs/vn3k_train_calib_2000/raw/00958_pid1967_DHGTVT_00_01968_00026550.raw,79,203
959,40,train,TEST_DATA/Person41.2/output_2.jpg,/Users/phamtunglam/Documents/Projects/mSigLIP/code/VN3K/imgs/TEST_DATA/Person41.2/output_2.jpg,/Users/phamtunglam/Documents/Projects/mSigLIP/code/artifacts/deployment/qnn_inputs/vn3k_train_calib_2000/raw/00959_pid40_TEST_DATA_Person41.2_output_2.raw,74,233
960,1133,train,HoGuom_01/01134_00000480.jpg,/Users/phamtunglam/Documents/Projects/mSigLIP/code/VN3K/imgs/HoGuom_01/01134_00000480.jpg,/Users/phamtunglam/Documents/Projects/mSigLIP/code/artifacts/deployment/qnn_inputs/vn3k_train_calib_2000/raw/00960_pid1133_HoGuom_01_01134_00000480.raw,238,645
961,1046,train,HoGuom_01/01047_00004155.jpg,/Users/phamtunglam/Documents/Projects/mSigLIP/code/VN3K/imgs/HoGuom_01/01047_00004155.jpg,/Users/phamtunglam/Documents/Projects/mSigLIP/code/artifacts/deployment/qnn_inputs/vn3k_train_calib_2000/raw/00961_pid1046_HoGuom_01_01047_00004155.raw,148,391
962,331,train,HoGuom_00/00332_00010545.jpg,/Users/phamtunglam/Documents/Projects/mSigLIP/code/VN3K/imgs/HoGuom_00/00332_00010545.jpg,/Users/phamtunglam/Documents/Projects/mSigLIP/code/artifacts/deployment/qnn_inputs/vn3k_train_calib_2000/raw/00962_pid331_HoGuom_00_00332_00010545.raw,138,392
963,1909,train,DHGTVT_00/01910_00008040.jpg,/Users/phamtunglam/Documents/Projects/mSigLIP/code/VN3K/imgs/DHGTVT_00/01910_00008040.jpg,/Users/phamtunglam/Documents/Projects/mSigLIP/code/artifacts/deployment/qnn_inputs/vn3k_train_calib_2000/raw/00963_pid1909_DHGTVT_00_01910_00008040.raw,68,165
964,1897,train,DHGTVT_00/01898_00006470.jpg,/Users/phamtunglam/Documents/Projects/mSigLIP/code/VN3K/imgs/DHGTVT_00/01898_00006470.jpg,/Users/phamtunglam/Documents/Projects/mSigLIP/code/artifacts/deployment/qnn_inputs/vn3k_train_calib_2000/raw/00964_pid1897_DHGTVT_00_01898_00006470.raw,82,210
965,1803,train,DHHN_HVBCVT_00/01804_00004501.jpg,/Users/phamtunglam/Documents/Projects/mSigLIP/code/VN3K/imgs/DHHN_HVBCVT_00/01804_00004501.jpg,/Users/phamtunglam/Documents/Projects/mSigLIP/code/artifacts/deployment/qnn_inputs/vn3k_train_calib_2000/raw/00965_pid1803_DHHN_HVBCVT_00_01804_00004501.raw,196,532
966,63,train,TEST_DATA/Person64.2/output_6.jpg,/Users/phamtunglam/Documents/Projects/mSigLIP/code/VN3K/imgs/TEST_DATA/Person64.2/output_6.jpg,/Users/phamtunglam/Documents/Projects/mSigLIP/code/artifacts/deployment/qnn_inputs/vn3k_train_calib_2000/raw/00966_pid63_TEST_DATA_Person64.2_output_6.raw,127,240
967,1893,train,DHGTVT_00/01894_00004980.jpg,/Users/phamtunglam/Documents/Projects/mSigLIP/code/VN3K/imgs/DHGTVT_00/01894_00004980.jpg,/Users/phamtunglam/Documents/Projects/mSigLIP/code/artifacts/deployment/qnn_inputs/vn3k_train_calib_2000/raw/00967_pid1893_DHGTVT_00_01894_00004980.raw,69,165
968,469,train,HoGuom_00/00470_00016520.jpg,/Users/phamtunglam/Documents/Projects/mSigLIP/code/VN3K/imgs/HoGuom_00/00470_00016520.jpg,/Users/phamtunglam/Documents/Projects/mSigLIP/code/artifacts/deployment/qnn_inputs/vn3k_train_calib_2000/raw/00968_pid469_HoGuom_00_00470_00016520.raw,182,446
969,1406,train,HoGuom_01/01407_2.jpg,/Users/phamtunglam/Documents/Projects/mSigLIP/code/VN3K/imgs/HoGuom_01/01407_2.jpg,/Users/phamtunglam/Documents/Projects/mSigLIP/code/artifacts/deployment/qnn_inputs/vn3k_train_calib_2000/raw/00969_pid1406_HoGuom_01_01407_2.raw,133,417
970,1027,train,HoGuom_01/01028_00000045.jpg,/Users/phamtunglam/Documents/Projects/mSigLIP/code/VN3K/imgs/HoGuom_01/01028_00000045.jpg,/Users/phamtunglam/Documents/Projects/mSigLIP/code/artifacts/deployment/qnn_inputs/vn3k_train_calib_2000/raw/00970_pid1027_HoGuom_01_01028_00000045.raw,136,296
971,1010,train,HoGuom_01/01011_00000840.jpg,/Users/phamtunglam/Documents/Projects/mSigLIP/code/VN3K/imgs/HoGuom_01/01011_00000840.jpg,/Users/phamtunglam/Documents/Projects/mSigLIP/code/artifacts/deployment/qnn_inputs/vn3k_train_calib_2000/raw/00971_pid1010_HoGuom_01_01011_00000840.raw,109,255
972,1457,train,HoGuom_01/01458_2.jpg,/Users/phamtunglam/Documents/Projects/mSigLIP/code/VN3K/imgs/HoGuom_01/01458_2.jpg,/Users/phamtunglam/Documents/Projects/mSigLIP/code/artifacts/deployment/qnn_inputs/vn3k_train_calib_2000/raw/00972_pid1457_HoGuom_01_01458_2.raw,198,443
973,1904,train,DHGTVT_00/01905_00007430.jpg,/Users/phamtunglam/Documents/Projects/mSigLIP/code/VN3K/imgs/DHGTVT_00/01905_00007430.jpg,/Users/phamtunglam/Documents/Projects/mSigLIP/code/artifacts/deployment/qnn_inputs/vn3k_train_calib_2000/raw/00973_pid1904_DHGTVT_00_01905_00007430.raw,90,240
974,1205,train,HoGuom_01/01206_00004410.jpg,/Users/phamtunglam/Documents/Projects/mSigLIP/code/VN3K/imgs/HoGuom_01/01206_00004410.jpg,/Users/phamtunglam/Documents/Projects/mSigLIP/code/artifacts/deployment/qnn_inputs/vn3k_train_calib_2000/raw/00974_pid1205_HoGuom_01_01206_00004410.raw,124,303
975,562,train,HoGuom_00/00563_00005325.jpg,/Users/phamtunglam/Documents/Projects/mSigLIP/code/VN3K/imgs/HoGuom_00/00563_00005325.jpg,/Users/phamtunglam/Documents/Projects/mSigLIP/code/artifacts/deployment/qnn_inputs/vn3k_train_calib_2000/raw/00975_pid562_HoGuom_00_00563_00005325.raw,103,289
976,960,train,HoGuom_01/00961_00003720.jpg,/Users/phamtunglam/Documents/Projects/mSigLIP/code/VN3K/imgs/HoGuom_01/00961_00003720.jpg,/Users/phamtunglam/Documents/Projects/mSigLIP/code/artifacts/deployment/qnn_inputs/vn3k_train_calib_2000/raw/00976_pid960_HoGuom_01_00961_00003720.raw,67,170
977,380,train,HoGuom_00/00381_00012815.jpg,/Users/phamtunglam/Documents/Projects/mSigLIP/code/VN3K/imgs/HoGuom_00/00381_00012815.jpg,/Users/phamtunglam/Documents/Projects/mSigLIP/code/artifacts/deployment/qnn_inputs/vn3k_train_calib_2000/raw/00977_pid380_HoGuom_00_00381_00012815.raw,161,170
978,1158,train,HoGuom_01/01159_00001380.jpg,/Users/phamtunglam/Documents/Projects/mSigLIP/code/VN3K/imgs/HoGuom_01/01159_00001380.jpg,/Users/phamtunglam/Documents/Projects/mSigLIP/code/artifacts/deployment/qnn_inputs/vn3k_train_calib_2000/raw/00978_pid1158_HoGuom_01_01159_00001380.raw,222,661
979,1634,train,DHHN_HVBCVT_00/01635_00033570.jpg,/Users/phamtunglam/Documents/Projects/mSigLIP/code/VN3K/imgs/DHHN_HVBCVT_00/01635_00033570.jpg,/Users/phamtunglam/Documents/Projects/mSigLIP/code/artifacts/deployment/qnn_inputs/vn3k_train_calib_2000/raw/00979_pid1634_DHHN_HVBCVT_00_01635_00033570.raw,152,241
980,671,train,HoGuom_00/00672_00008725.jpg,/Users/phamtunglam/Documents/Projects/mSigLIP/code/VN3K/imgs/HoGuom_00/00672_00008725.jpg,/Users/phamtunglam/Documents/Projects/mSigLIP/code/artifacts/deployment/qnn_inputs/vn3k_train_calib_2000/raw/00980_pid671_HoGuom_00_00672_00008725.raw,98,245
981,186,train,HoGuom_00/00187_00004585.jpg,/Users/phamtunglam/Documents/Projects/mSigLIP/code/VN3K/imgs/HoGuom_00/00187_00004585.jpg,/Users/phamtunglam/Documents/Projects/mSigLIP/code/artifacts/deployment/qnn_inputs/vn3k_train_calib_2000/raw/00981_pid186_HoGuom_00_00187_00004585.raw,177,567
982,1399,train,HoGuom_01/01400_2.jpg,/Users/phamtunglam/Documents/Projects/mSigLIP/code/VN3K/imgs/HoGuom_01/01400_2.jpg,/Users/phamtunglam/Documents/Projects/mSigLIP/code/artifacts/deployment/qnn_inputs/vn3k_train_calib_2000/raw/00982_pid1399_HoGuom_01_01400_2.raw,284,709
983,580,train,HoGuom_00/00581_00005570.jpg,/Users/phamtunglam/Documents/Projects/mSigLIP/code/VN3K/imgs/HoGuom_00/00581_00005570.jpg,/Users/phamtunglam/Documents/Projects/mSigLIP/code/artifacts/deployment/qnn_inputs/vn3k_train_calib_2000/raw/00983_pid580_HoGuom_00_00581_00005570.raw,79,262
984,920,train,HoGuom_01/00921_00010381.jpg,/Users/phamtunglam/Documents/Projects/mSigLIP/code/VN3K/imgs/HoGuom_01/00921_00010381.jpg,/Users/phamtunglam/Documents/Projects/mSigLIP/code/artifacts/deployment/qnn_inputs/vn3k_train_calib_2000/raw/00984_pid920_HoGuom_01_00921_00010381.raw,110,290
985,1127,train,HoGuom_01/01128_00000360.jpg,/Users/phamtunglam/Documents/Projects/mSigLIP/code/VN3K/imgs/HoGuom_01/01128_00000360.jpg,/Users/phamtunglam/Documents/Projects/mSigLIP/code/artifacts/deployment/qnn_inputs/vn3k_train_calib_2000/raw/00985_pid1127_HoGuom_01_01128_00000360.raw,70,200
986,624,train,HoGuom_00/00625_00007250.jpg,/Users/phamtunglam/Documents/Projects/mSigLIP/code/VN3K/imgs/HoGuom_00/00625_00007250.jpg,/Users/phamtunglam/Documents/Projects/mSigLIP/code/artifacts/deployment/qnn_inputs/vn3k_train_calib_2000/raw/00986_pid624_HoGuom_00_00625_00007250.raw,92,269
987,1029,train,HoGuom_01/01030_00010305.jpg,/Users/phamtunglam/Documents/Projects/mSigLIP/code/VN3K/imgs/HoGuom_01/01030_00010305.jpg,/Users/phamtunglam/Documents/Projects/mSigLIP/code/artifacts/deployment/qnn_inputs/vn3k_train_calib_2000/raw/00987_pid1029_HoGuom_01_01030_00010305.raw,194,385
988,1879,train,DHGTVT_00/01880_00003720.jpg,/Users/phamtunglam/Documents/Projects/mSigLIP/code/VN3K/imgs/DHGTVT_00/01880_00003720.jpg,/Users/phamtunglam/Documents/Projects/mSigLIP/code/artifacts/deployment/qnn_inputs/vn3k_train_calib_2000/raw/00988_pid1879_DHGTVT_00_01880_00003720.raw,134,300
989,1612,train,DHHN_HVBCVT_00/01613_00019875.jpg,/Users/phamtunglam/Documents/Projects/mSigLIP/code/VN3K/imgs/DHHN_HVBCVT_00/01613_00019875.jpg,/Users/phamtunglam/Documents/Projects/mSigLIP/code/artifacts/deployment/qnn_inputs/vn3k_train_calib_2000/raw/00989_pid1612_DHHN_HVBCVT_00_01613_00019875.raw,82,245
990,1968,train,DHGTVT_00/01969_00027450.jpg,/Users/phamtunglam/Documents/Projects/mSigLIP/code/VN3K/imgs/DHGTVT_00/01969_00027450.jpg,/Users/phamtunglam/Documents/Projects/mSigLIP/code/artifacts/deployment/qnn_inputs/vn3k_train_calib_2000/raw/00990_pid1968_DHGTVT_00_01969_00027450.raw,111,244
991,77,train,HoGuom_00/00078_00000275.jpg,/Users/phamtunglam/Documents/Projects/mSigLIP/code/VN3K/imgs/HoGuom_00/00078_00000275.jpg,/Users/phamtunglam/Documents/Projects/mSigLIP/code/artifacts/deployment/qnn_inputs/vn3k_train_calib_2000/raw/00991_pid77_HoGuom_00_00078_00000275.raw,90,275
992,1655,train,DHHN_HVBCVT_00/01656_00043320.jpg,/Users/phamtunglam/Documents/Projects/mSigLIP/code/VN3K/imgs/DHHN_HVBCVT_00/01656_00043320.jpg,/Users/phamtunglam/Documents/Projects/mSigLIP/code/artifacts/deployment/qnn_inputs/vn3k_train_calib_2000/raw/00992_pid1655_DHHN_HVBCVT_00_01656_00043320.raw,274,624
993,28,train,TEST_DATA/Person29.2/output_2.jpg,/Users/phamtunglam/Documents/Projects/mSigLIP/code/VN3K/imgs/TEST_DATA/Person29.2/output_2.jpg,/Users/phamtunglam/Documents/Projects/mSigLIP/code/artifacts/deployment/qnn_inputs/vn3k_train_calib_2000/raw/00993_pid28_TEST_DATA_Person29.2_output_2.raw,73,197
994,1477,train,HoGuom_01/01478_1.jpg,/Users/phamtunglam/Documents/Projects/mSigLIP/code/VN3K/imgs/HoGuom_01/01478_1.jpg,/Users/phamtunglam/Documents/Projects/mSigLIP/code/artifacts/deployment/qnn_inputs/vn3k_train_calib_2000/raw/00994_pid1477_HoGuom_01_01478_1.raw,97,231
995,1774,train,DHHN_HVBCVT_00/01775_00002971.jpg,/Users/phamtunglam/Documents/Projects/mSigLIP/code/VN3K/imgs/DHHN_HVBCVT_00/01775_00002971.jpg,/Users/phamtunglam/Documents/Projects/mSigLIP/code/artifacts/deployment/qnn_inputs/vn3k_train_calib_2000/raw/00995_pid1774_DHHN_HVBCVT_00_01775_00002971.raw,110,251
996,1348,train,HoGuom_01/01349_00006435.jpg,/Users/phamtunglam/Documents/Projects/mSigLIP/code/VN3K/imgs/HoGuom_01/01349_00006435.jpg,/Users/phamtunglam/Documents/Projects/mSigLIP/code/artifacts/deployment/qnn_inputs/vn3k_train_calib_2000/raw/00996_pid1348_HoGuom_01_01349_00006435.raw,78,209
997,47,train,TRAINNING_DATA/Person48/output_9.jpg,/Users/phamtunglam/Documents/Projects/mSigLIP/code/VN3K/imgs/TRAINNING_DATA/Person48/output_9.jpg,/Users/phamtunglam/Documents/Projects/mSigLIP/code/artifacts/deployment/qnn_inputs/vn3k_train_calib_2000/raw/00997_pid47_TRAINNING_DATA_Person48_output_9.raw,144,264
998,1950,train,DHGTVT_00/01951_00011780.jpg,/Users/phamtunglam/Documents/Projects/mSigLIP/code/VN3K/imgs/DHGTVT_00/01951_00011780.jpg,/Users/phamtunglam/Documents/Projects/mSigLIP/code/artifacts/deployment/qnn_inputs/vn3k_train_calib_2000/raw/00998_pid1950_DHGTVT_00_01951_00011780.raw,130,356
999,1243,train,HoGuom_01/01244_00004320.jpg,/Users/phamtunglam/Documents/Projects/mSigLIP/code/VN3K/imgs/HoGuom_01/01244_00004320.jpg,/Users/phamtunglam/Documents/Projects/mSigLIP/code/artifacts/deployment/qnn_inputs/vn3k_train_calib_2000/raw/00999_pid1243_HoGuom_01_01244_00004320.raw,289,791
1000,1573,train,DHHN_HVBCVT_00/01574_00004530.jpg,/Users/phamtunglam/Documents/Projects/mSigLIP/code/VN3K/imgs/DHHN_HVBCVT_00/01574_00004530.jpg,/Users/phamtunglam/Documents/Projects/mSigLIP/code/artifacts/deployment/qnn_inputs/vn3k_train_calib_2000/raw/01000_pid1573_DHHN_HVBCVT_00_01574_00004530.raw,146,358
1001,1716,train,DHHN_HVBCVT_00/01717_00009900.jpg,/Users/phamtunglam/Documents/Projects/mSigLIP/code/VN3K/imgs/DHHN_HVBCVT_00/01717_00009900.jpg,/Users/phamtunglam/Documents/Projects/mSigLIP/code/artifacts/deployment/qnn_inputs/vn3k_train_calib_2000/raw/01001_pid1716_DHHN_HVBCVT_00_01717_00009900.raw,291,838
1002,1034,train,HoGuom_01/01035_00000315.jpg,/Users/phamtunglam/Documents/Projects/mSigLIP/code/VN3K/imgs/HoGuom_01/01035_00000315.jpg,/Users/phamtunglam/Documents/Projects/mSigLIP/code/artifacts/deployment/qnn_inputs/vn3k_train_calib_2000/raw/01002_pid1034_HoGuom_01_01035_00000315.raw,94,296
1003,994,train,HoGuom_01/00995_00004560.jpg,/Users/phamtunglam/Documents/Projects/mSigLIP/code/VN3K/imgs/HoGuom_01/00995_00004560.jpg,/Users/phamtunglam/Documents/Projects/mSigLIP/code/artifacts/deployment/qnn_inputs/vn3k_train_calib_2000/raw/01003_pid994_HoGuom_01_00995_00004560.raw,67,242
1004,23,train,TEST_DATA/Person24.2/output_2.jpg,/Users/phamtunglam/Documents/Projects/mSigLIP/code/VN3K/imgs/TEST_DATA/Person24.2/output_2.jpg,/Users/phamtunglam/Documents/Projects/mSigLIP/code/artifacts/deployment/qnn_inputs/vn3k_train_calib_2000/raw/01004_pid23_TEST_DATA_Person24.2_output_2.raw,118,230
1005,255,train,HoGuom_00/00256_00007985.jpg,/Users/phamtunglam/Documents/Projects/mSigLIP/code/VN3K/imgs/HoGuom_00/00256_00007985.jpg,/Users/phamtunglam/Documents/Projects/mSigLIP/code/artifacts/deployment/qnn_inputs/vn3k_train_calib_2000/raw/01005_pid255_HoGuom_00_00256_00007985.raw,325,860
1006,69,train,TRAINNING_DATA/Person70/output_9.jpg,/Users/phamtunglam/Documents/Projects/mSigLIP/code/VN3K/imgs/TRAINNING_DATA/Person70/output_9.jpg,/Users/phamtunglam/Documents/Projects/mSigLIP/code/artifacts/deployment/qnn_inputs/vn3k_train_calib_2000/raw/01006_pid69_TRAINNING_DATA_Person70_output_9.raw,147,310
1007,1532,train,DHHN_HVBCVT_00/01533_00004905.jpg,/Users/phamtunglam/Documents/Projects/mSigLIP/code/VN3K/imgs/DHHN_HVBCVT_00/01533_00004905.jpg,/Users/phamtunglam/Documents/Projects/mSigLIP/code/artifacts/deployment/qnn_inputs/vn3k_train_calib_2000/raw/01007_pid1532_DHHN_HVBCVT_00_01533_00004905.raw,64,117
1008,172,train,HoGuom_00/00173_00004345.jpg,/Users/phamtunglam/Documents/Projects/mSigLIP/code/VN3K/imgs/HoGuom_00/00173_00004345.jpg,/Users/phamtunglam/Documents/Projects/mSigLIP/code/artifacts/deployment/qnn_inputs/vn3k_train_calib_2000/raw/01008_pid172_HoGuom_00_00173_00004345.raw,238,722
1009,1037,train,HoGuom_01/01038_00000240.jpg,/Users/phamtunglam/Documents/Projects/mSigLIP/code/VN3K/imgs/HoGuom_01/01038_00000240.jpg,/Users/phamtunglam/Documents/Projects/mSigLIP/code/artifacts/deployment/qnn_inputs/vn3k_train_calib_2000/raw/01009_pid1037_HoGuom_01_01038_00000240.raw,88,200
1010,2,train,TRAINNING_DATA/Person3/output_6.jpg,/Users/phamtunglam/Documents/Projects/mSigLIP/code/VN3K/imgs/TRAINNING_DATA/Person3/output_6.jpg,/Users/phamtunglam/Documents/Projects/mSigLIP/code/artifacts/deployment/qnn_inputs/vn3k_train_calib_2000/raw/01010_pid2_TRAINNING_DATA_Person3_output_6.raw,95,308
1011,246,train,HoGuom_00/00247_00008005.jpg,/Users/phamtunglam/Documents/Projects/mSigLIP/code/VN3K/imgs/HoGuom_00/00247_00008005.jpg,/Users/phamtunglam/Documents/Projects/mSigLIP/code/artifacts/deployment/qnn_inputs/vn3k_train_calib_2000/raw/01011_pid246_HoGuom_00_00247_00008005.raw,90,321
1012,741,train,HoGuom_00/00742_00012885.jpg,/Users/phamtunglam/Documents/Projects/mSigLIP/code/VN3K/imgs/HoGuom_00/00742_00012885.jpg,/Users/phamtunglam/Documents/Projects/mSigLIP/code/artifacts/deployment/qnn_inputs/vn3k_train_calib_2000/raw/01012_pid741_HoGuom_00_00742_00012885.raw,75,203
1013,200,train,HoGuom_00/00201_00005190.jpg,/Users/phamtunglam/Documents/Projects/mSigLIP/code/VN3K/imgs/HoGuom_00/00201_00005190.jpg,/Users/phamtunglam/Documents/Projects/mSigLIP/code/artifacts/deployment/qnn_inputs/vn3k_train_calib_2000/raw/01013_pid200_HoGuom_00_00201_00005190.raw,104,309
1014,1231,train,HoGuom_01/01232_00004875.jpg,/Users/phamtunglam/Documents/Projects/mSigLIP/code/VN3K/imgs/HoGuom_01/01232_00004875.jpg,/Users/phamtunglam/Documents/Projects/mSigLIP/code/artifacts/deployment/qnn_inputs/vn3k_train_calib_2000/raw/01014_pid1231_HoGuom_01_01232_00004875.raw,108,233
1015,1149,train,HoGuom_01/01150_00001335.jpg,/Users/phamtunglam/Documents/Projects/mSigLIP/code/VN3K/imgs/HoGuom_01/01150_00001335.jpg,/Users/phamtunglam/Documents/Projects/mSigLIP/code/artifacts/deployment/qnn_inputs/vn3k_train_calib_2000/raw/01015_pid1149_HoGuom_01_01150_00001335.raw,267,714
1016,707,train,HoGuom_00/00708_00010450.jpg,/Users/phamtunglam/Documents/Projects/mSigLIP/code/VN3K/imgs/HoGuom_00/00708_00010450.jpg,/Users/phamtunglam/Documents/Projects/mSigLIP/code/artifacts/deployment/qnn_inputs/vn3k_train_calib_2000/raw/01016_pid707_HoGuom_00_00708_00010450.raw,138,390
1017,1188,train,HoGuom_01/01189_00001695.jpg,/Users/phamtunglam/Documents/Projects/mSigLIP/code/VN3K/imgs/HoGuom_01/01189_00001695.jpg,/Users/phamtunglam/Documents/Projects/mSigLIP/code/artifacts/deployment/qnn_inputs/vn3k_train_calib_2000/raw/01017_pid1188_HoGuom_01_01189_00001695.raw,75,202
1018,1951,train,DHGTVT_00/01952_00012600.jpg,/Users/phamtunglam/Documents/Projects/mSigLIP/code/VN3K/imgs/DHGTVT_00/01952_00012600.jpg,/Users/phamtunglam/Documents/Projects/mSigLIP/code/artifacts/deployment/qnn_inputs/vn3k_train_calib_2000/raw/01018_pid1951_DHGTVT_00_01952_00012600.raw,88,211
1019,392,train,HoGuom_00/00393_00013290.jpg,/Users/phamtunglam/Documents/Projects/mSigLIP/code/VN3K/imgs/HoGuom_00/00393_00013290.jpg,/Users/phamtunglam/Documents/Projects/mSigLIP/code/artifacts/deployment/qnn_inputs/vn3k_train_calib_2000/raw/01019_pid392_HoGuom_00_00393_00013290.raw,69,200
1020,345,train,HoGuom_00/00346_00011530.jpg,/Users/phamtunglam/Documents/Projects/mSigLIP/code/VN3K/imgs/HoGuom_00/00346_00011530.jpg,/Users/phamtunglam/Documents/Projects/mSigLIP/code/artifacts/deployment/qnn_inputs/vn3k_train_calib_2000/raw/01020_pid345_HoGuom_00_00346_00011530.raw,161,359
1021,197,train,HoGuom_00/00198_00004880.jpg,/Users/phamtunglam/Documents/Projects/mSigLIP/code/VN3K/imgs/HoGuom_00/00198_00004880.jpg,/Users/phamtunglam/Documents/Projects/mSigLIP/code/artifacts/deployment/qnn_inputs/vn3k_train_calib_2000/raw/01021_pid197_HoGuom_00_00198_00004880.raw,119,322
1022,1192,train,HoGuom_01/01193_00001650.jpg,/Users/phamtunglam/Documents/Projects/mSigLIP/code/VN3K/imgs/HoGuom_01/01193_00001650.jpg,/Users/phamtunglam/Documents/Projects/mSigLIP/code/artifacts/deployment/qnn_inputs/vn3k_train_calib_2000/raw/01022_pid1192_HoGuom_01_01193_00001650.raw,140,408
1023,160,train,HoGuom_00/00161_00003870.jpg,/Users/phamtunglam/Documents/Projects/mSigLIP/code/VN3K/imgs/HoGuom_00/00161_00003870.jpg,/Users/phamtunglam/Documents/Projects/mSigLIP/code/artifacts/deployment/qnn_inputs/vn3k_train_calib_2000/raw/01023_pid160_HoGuom_00_00161_00003870.raw,162,480
1024,269,train,HoGuom_00/00270_00008645.jpg,/Users/phamtunglam/Documents/Projects/mSigLIP/code/VN3K/imgs/HoGuom_00/00270_00008645.jpg,/Users/phamtunglam/Documents/Projects/mSigLIP/code/artifacts/deployment/qnn_inputs/vn3k_train_calib_2000/raw/01024_pid269_HoGuom_00_00270_00008645.raw,265,572
1025,511,train,HoGuom_00/00512_00001395.jpg,/Users/phamtunglam/Documents/Projects/mSigLIP/code/VN3K/imgs/HoGuom_00/00512_00001395.jpg,/Users/phamtunglam/Documents/Projects/mSigLIP/code/artifacts/deployment/qnn_inputs/vn3k_train_calib_2000/raw/01025_pid511_HoGuom_00_00512_00001395.raw,180,489
1026,307,train,HoGuom_00/00308_00010025.jpg,/Users/phamtunglam/Documents/Projects/mSigLIP/code/VN3K/imgs/HoGuom_00/00308_00010025.jpg,/Users/phamtunglam/Documents/Projects/mSigLIP/code/artifacts/deployment/qnn_inputs/vn3k_train_calib_2000/raw/01026_pid307_HoGuom_00_00308_00010025.raw,122,242
1027,87,train,HoGuom_00/00088_00000635.jpg,/Users/phamtunglam/Documents/Projects/mSigLIP/code/VN3K/imgs/HoGuom_00/00088_00000635.jpg,/Users/phamtunglam/Documents/Projects/mSigLIP/code/artifacts/deployment/qnn_inputs/vn3k_train_calib_2000/raw/01027_pid87_HoGuom_00_00088_00000635.raw,65,168
1028,132,train,HoGuom_00/00133_00002700.jpg,/Users/phamtunglam/Documents/Projects/mSigLIP/code/VN3K/imgs/HoGuom_00/00133_00002700.jpg,/Users/phamtunglam/Documents/Projects/mSigLIP/code/artifacts/deployment/qnn_inputs/vn3k_train_calib_2000/raw/01028_pid132_HoGuom_00_00133_00002700.raw,111,380
1029,1357,train,HoGuom_01/01358_00005670.jpg,/Users/phamtunglam/Documents/Projects/mSigLIP/code/VN3K/imgs/HoGuom_01/01358_00005670.jpg,/Users/phamtunglam/Documents/Projects/mSigLIP/code/artifacts/deployment/qnn_inputs/vn3k_train_calib_2000/raw/01029_pid1357_HoGuom_01_01358_00005670.raw,114,245
1030,1481,train,HoGuom_01/01482_1.jpg,/Users/phamtunglam/Documents/Projects/mSigLIP/code/VN3K/imgs/HoGuom_01/01482_1.jpg,/Users/phamtunglam/Documents/Projects/mSigLIP/code/artifacts/deployment/qnn_inputs/vn3k_train_calib_2000/raw/01030_pid1481_HoGuom_01_01482_1.raw,91,269
1031,1208,train,HoGuom_01/01209_00003780.jpg,/Users/phamtunglam/Documents/Projects/mSigLIP/code/VN3K/imgs/HoGuom_01/01209_00003780.jpg,/Users/phamtunglam/Documents/Projects/mSigLIP/code/artifacts/deployment/qnn_inputs/vn3k_train_calib_2000/raw/01031_pid1208_HoGuom_01_01209_00003780.raw,85,228
1032,1803,train,DHHN_HVBCVT_00/01804_00004500.jpg,/Users/phamtunglam/Documents/Projects/mSigLIP/code/VN3K/imgs/DHHN_HVBCVT_00/01804_00004500.jpg,/Users/phamtunglam/Documents/Projects/mSigLIP/code/artifacts/deployment/qnn_inputs/vn3k_train_calib_2000/raw/01032_pid1803_DHHN_HVBCVT_00_01804_00004500.raw,264,718
1033,551,train,HoGuom_00/00552_00004335.jpg,/Users/phamtunglam/Documents/Projects/mSigLIP/code/VN3K/imgs/HoGuom_00/00552_00004335.jpg,/Users/phamtunglam/Documents/Projects/mSigLIP/code/artifacts/deployment/qnn_inputs/vn3k_train_calib_2000/raw/01033_pid551_HoGuom_00_00552_00004335.raw,105,255
1034,119,train,HoGuom_00/00120_00002260.jpg,/Users/phamtunglam/Documents/Projects/mSigLIP/code/VN3K/imgs/HoGuom_00/00120_00002260.jpg,/Users/phamtunglam/Documents/Projects/mSigLIP/code/artifacts/deployment/qnn_inputs/vn3k_train_calib_2000/raw/01034_pid119_HoGuom_00_00120_00002260.raw,94,204
1035,1996,train,TamChuc_01/01997_1.jpg,/Users/phamtunglam/Documents/Projects/mSigLIP/code/VN3K/imgs/TamChuc_01/01997_1.jpg,/Users/phamtunglam/Documents/Projects/mSigLIP/code/artifacts/deployment/qnn_inputs/vn3k_train_calib_2000/raw/01035_pid1996_TamChuc_01_01997_1.raw,171,482
1036,1481,train,HoGuom_01/01482_2.jpg,/Users/phamtunglam/Documents/Projects/mSigLIP/code/VN3K/imgs/HoGuom_01/01482_2.jpg,/Users/phamtunglam/Documents/Projects/mSigLIP/code/artifacts/deployment/qnn_inputs/vn3k_train_calib_2000/raw/01036_pid1481_HoGuom_01_01482_2.raw,108,315
1037,104,train,HoGuom_00/00105_00001790.jpg,/Users/phamtunglam/Documents/Projects/mSigLIP/code/VN3K/imgs/HoGuom_00/00105_00001790.jpg,/Users/phamtunglam/Documents/Projects/mSigLIP/code/artifacts/deployment/qnn_inputs/vn3k_train_calib_2000/raw/01037_pid104_HoGuom_00_00105_00001790.raw,83,208
1038,556,train,HoGuom_00/00557_00004605.jpg,/Users/phamtunglam/Documents/Projects/mSigLIP/code/VN3K/imgs/HoGuom_00/00557_00004605.jpg,/Users/phamtunglam/Documents/Projects/mSigLIP/code/artifacts/deployment/qnn_inputs/vn3k_train_calib_2000/raw/01038_pid556_HoGuom_00_00557_00004605.raw,85,183
1039,876,train,HoGuom_01/00877_00013110.jpg,/Users/phamtunglam/Documents/Projects/mSigLIP/code/VN3K/imgs/HoGuom_01/00877_00013110.jpg,/Users/phamtunglam/Documents/Projects/mSigLIP/code/artifacts/deployment/qnn_inputs/vn3k_train_calib_2000/raw/01039_pid876_HoGuom_01_00877_00013110.raw,128,376
1040,968,train,HoGuom_01/00969_00005805.jpg,/Users/phamtunglam/Documents/Projects/mSigLIP/code/VN3K/imgs/HoGuom_01/00969_00005805.jpg,/Users/phamtunglam/Documents/Projects/mSigLIP/code/artifacts/deployment/qnn_inputs/vn3k_train_calib_2000/raw/01040_pid968_HoGuom_01_00969_00005805.raw,174,481
1041,1547,train,DHHN_HVBCVT_00/01548_00000060.jpg,/Users/phamtunglam/Documents/Projects/mSigLIP/code/VN3K/imgs/DHHN_HVBCVT_00/01548_00000060.jpg,/Users/phamtunglam/Documents/Projects/mSigLIP/code/artifacts/deployment/qnn_inputs/vn3k_train_calib_2000/raw/01041_pid1547_DHHN_HVBCVT_00_01548_00000060.raw,83,258
1042,1291,train,HoGuom_01/01292_00005370.jpg,/Users/phamtunglam/Documents/Projects/mSigLIP/code/VN3K/imgs/HoGuom_01/01292_00005370.jpg,/Users/phamtunglam/Documents/Projects/mSigLIP/code/artifacts/deployment/qnn_inputs/vn3k_train_calib_2000/raw/01042_pid1291_HoGuom_01_01292_00005370.raw,264,611
1043,678,train,HoGuom_00/00679_00009280.jpg,/Users/phamtunglam/Documents/Projects/mSigLIP/code/VN3K/imgs/HoGuom_00/00679_00009280.jpg,/Users/phamtunglam/Documents/Projects/mSigLIP/code/artifacts/deployment/qnn_inputs/vn3k_train_calib_2000/raw/01043_pid678_HoGuom_00_00679_00009280.raw,304,736
1044,1430,train,HoGuom_01/01431_2.jpg,/Users/phamtunglam/Documents/Projects/mSigLIP/code/VN3K/imgs/HoGuom_01/01431_2.jpg,/Users/phamtunglam/Documents/Projects/mSigLIP/code/artifacts/deployment/qnn_inputs/vn3k_train_calib_2000/raw/01044_pid1430_HoGuom_01_01431_2.raw,212,468
1045,1074,train,HoGuom_01/01075_00003135.jpg,/Users/phamtunglam/Documents/Projects/mSigLIP/code/VN3K/imgs/HoGuom_01/01075_00003135.jpg,/Users/phamtunglam/Documents/Projects/mSigLIP/code/artifacts/deployment/qnn_inputs/vn3k_train_calib_2000/raw/01045_pid1074_HoGuom_01_01075_00003135.raw,281,658
1046,999,train,HoGuom_01/01000_00000600.jpg,/Users/phamtunglam/Documents/Projects/mSigLIP/code/VN3K/imgs/HoGuom_01/01000_00000600.jpg,/Users/phamtunglam/Documents/Projects/mSigLIP/code/artifacts/deployment/qnn_inputs/vn3k_train_calib_2000/raw/01046_pid999_HoGuom_01_01000_00000600.raw,203,450
1047,17,train,TRAINNING_DATA/Person18/output_9.jpg,/Users/phamtunglam/Documents/Projects/mSigLIP/code/VN3K/imgs/TRAINNING_DATA/Person18/output_9.jpg,/Users/phamtunglam/Documents/Projects/mSigLIP/code/artifacts/deployment/qnn_inputs/vn3k_train_calib_2000/raw/01047_pid17_TRAINNING_DATA_Person18_output_9.raw,159,266
1048,1686,train,DHHN_HVBCVT_00/01687_00002430.jpg,/Users/phamtunglam/Documents/Projects/mSigLIP/code/VN3K/imgs/DHHN_HVBCVT_00/01687_00002430.jpg,/Users/phamtunglam/Documents/Projects/mSigLIP/code/artifacts/deployment/qnn_inputs/vn3k_train_calib_2000/raw/01048_pid1686_DHHN_HVBCVT_00_01687_00002430.raw,97,320
1049,624,train,HoGuom_00/00625_00007290.jpg,/Users/phamtunglam/Documents/Projects/mSigLIP/code/VN3K/imgs/HoGuom_00/00625_00007290.jpg,/Users/phamtunglam/Documents/Projects/mSigLIP/code/artifacts/deployment/qnn_inputs/vn3k_train_calib_2000/raw/01049_pid624_HoGuom_00_00625_00007290.raw,123,345
1050,587,train,HoGuom_00/00588_00005900.jpg,/Users/phamtunglam/Documents/Projects/mSigLIP/code/VN3K/imgs/HoGuom_00/00588_00005900.jpg,/Users/phamtunglam/Documents/Projects/mSigLIP/code/artifacts/deployment/qnn_inputs/vn3k_train_calib_2000/raw/01050_pid587_HoGuom_00_00588_00005900.raw,157,355
1051,639,train,HoGuom_00/00640_00007705.jpg,/Users/phamtunglam/Documents/Projects/mSigLIP/code/VN3K/imgs/HoGuom_00/00640_00007705.jpg,/Users/phamtunglam/Documents/Projects/mSigLIP/code/artifacts/deployment/qnn_inputs/vn3k_train_calib_2000/raw/01051_pid639_HoGuom_00_00640_00007705.raw,109,292
1052,1995,train,TamChuc_01/01996_1.jpg,/Users/phamtunglam/Documents/Projects/mSigLIP/code/VN3K/imgs/TamChuc_01/01996_1.jpg,/Users/phamtunglam/Documents/Projects/mSigLIP/code/artifacts/deployment/qnn_inputs/vn3k_train_calib_2000/raw/01052_pid1995_TamChuc_01_01996_1.raw,139,392
1053,75,train,HoGuom_00/00076_00000230.jpg,/Users/phamtunglam/Documents/Projects/mSigLIP/code/VN3K/imgs/HoGuom_00/00076_00000230.jpg,/Users/phamtunglam/Documents/Projects/mSigLIP/code/artifacts/deployment/qnn_inputs/vn3k_train_calib_2000/raw/01053_pid75_HoGuom_00_00076_00000230.raw,121,295
1054,1934,train,DHGTVT_00/01935_00011000.jpg,/Users/phamtunglam/Documents/Projects/mSigLIP/code/VN3K/imgs/DHGTVT_00/01935_00011000.jpg,/Users/phamtunglam/Documents/Projects/mSigLIP/code/artifacts/deployment/qnn_inputs/vn3k_train_calib_2000/raw/01054_pid1934_DHGTVT_00_01935_00011000.raw,134,352
1055,1181,train,HoGuom_01/01182_00001275.jpg,/Users/phamtunglam/Documents/Projects/mSigLIP/code/VN3K/imgs/HoGuom_01/01182_00001275.jpg,/Users/phamtunglam/Documents/Projects/mSigLIP/code/artifacts/deployment/qnn_inputs/vn3k_train_calib_2000/raw/01055_pid1181_HoGuom_01_01182_00001275.raw,218,308
1056,1884,train,DHGTVT_00/01885_00003830.jpg,/Users/phamtunglam/Documents/Projects/mSigLIP/code/VN3K/imgs/DHGTVT_00/01885_00003830.jpg,/Users/phamtunglam/Documents/Projects/mSigLIP/code/artifacts/deployment/qnn_inputs/vn3k_train_calib_2000/raw/01056_pid1884_DHGTVT_00_01885_00003830.raw,75,204
1057,638,train,HoGuom_00/00639_00007835.jpg,/Users/phamtunglam/Documents/Projects/mSigLIP/code/VN3K/imgs/HoGuom_00/00639_00007835.jpg,/Users/phamtunglam/Documents/Projects/mSigLIP/code/artifacts/deployment/qnn_inputs/vn3k_train_calib_2000/raw/01057_pid638_HoGuom_00_00639_00007835.raw,140,396
1058,1273,train,HoGuom_01/01274_00006915.jpg,/Users/phamtunglam/Documents/Projects/mSigLIP/code/VN3K/imgs/HoGuom_01/01274_00006915.jpg,/Users/phamtunglam/Documents/Projects/mSigLIP/code/artifacts/deployment/qnn_inputs/vn3k_train_calib_2000/raw/01058_pid1273_HoGuom_01_01274_00006915.raw,95,322
1059,1769,train,DHHN_HVBCVT_00/01770_00000435.jpg,/Users/phamtunglam/Documents/Projects/mSigLIP/code/VN3K/imgs/DHHN_HVBCVT_00/01770_00000435.jpg,/Users/phamtunglam/Documents/Projects/mSigLIP/code/artifacts/deployment/qnn_inputs/vn3k_train_calib_2000/raw/01059_pid1769_DHHN_HVBCVT_00_01770_00000435.raw,110,408
1060,1681,train,DHHN_HVBCVT_00/01682_00002415.jpg,/Users/phamtunglam/Documents/Projects/mSigLIP/code/VN3K/imgs/DHHN_HVBCVT_00/01682_00002415.jpg,/Users/phamtunglam/Documents/Projects/mSigLIP/code/artifacts/deployment/qnn_inputs/vn3k_train_calib_2000/raw/01060_pid1681_DHHN_HVBCVT_00_01682_00002415.raw,161,511
1061,620,train,HoGuom_00/00621_00007115.jpg,/Users/phamtunglam/Documents/Projects/mSigLIP/code/VN3K/imgs/HoGuom_00/00621_00007115.jpg,/Users/phamtunglam/Documents/Projects/mSigLIP/code/artifacts/deployment/qnn_inputs/vn3k_train_calib_2000/raw/01061_pid620_HoGuom_00_00621_00007115.raw,122,266
1062,349,train,HoGuom_00/00350_00011910.jpg,/Users/phamtunglam/Documents/Projects/mSigLIP/code/VN3K/imgs/HoGuom_00/00350_00011910.jpg,/Users/phamtunglam/Documents/Projects/mSigLIP/code/artifacts/deployment/qnn_inputs/vn3k_train_calib_2000/raw/01062_pid349_HoGuom_00_00350_00011910.raw,225,590
1063,1639,train,DHHN_HVBCVT_00/01640_00035190.jpg,/Users/phamtunglam/Documents/Projects/mSigLIP/code/VN3K/imgs/DHHN_HVBCVT_00/01640_00035190.jpg,/Users/phamtunglam/Documents/Projects/mSigLIP/code/artifacts/deployment/qnn_inputs/vn3k_train_calib_2000/raw/01063_pid1639_DHHN_HVBCVT_00_01640_00035190.raw,63,154
1064,274,train,HoGuom_00/00275_00008760.jpg,/Users/phamtunglam/Documents/Projects/mSigLIP/code/VN3K/imgs/HoGuom_00/00275_00008760.jpg,/Users/phamtunglam/Documents/Projects/mSigLIP/code/artifacts/deployment/qnn_inputs/vn3k_train_calib_2000/raw/01064_pid274_HoGuom_00_00275_00008760.raw,89,306
1065,1024,train,HoGuom_01/01025_00001875.jpg,/Users/phamtunglam/Documents/Projects/mSigLIP/code/VN3K/imgs/HoGuom_01/01025_00001875.jpg,/Users/phamtunglam/Documents/Projects/mSigLIP/code/artifacts/deployment/qnn_inputs/vn3k_train_calib_2000/raw/01065_pid1024_HoGuom_01_01025_00001875.raw,89,287
1066,923,train,HoGuom_01/00924_00013981.jpg,/Users/phamtunglam/Documents/Projects/mSigLIP/code/VN3K/imgs/HoGuom_01/00924_00013981.jpg,/Users/phamtunglam/Documents/Projects/mSigLIP/code/artifacts/deployment/qnn_inputs/vn3k_train_calib_2000/raw/01066_pid923_HoGuom_01_00924_00013981.raw,93,274
1067,1721,train,DHHN_HVBCVT_00/01722_00012105.jpg,/Users/phamtunglam/Documents/Projects/mSigLIP/code/VN3K/imgs/DHHN_HVBCVT_00/01722_00012105.jpg,/Users/phamtunglam/Documents/Projects/mSigLIP/code/artifacts/deployment/qnn_inputs/vn3k_train_calib_2000/raw/01067_pid1721_DHHN_HVBCVT_00_01722_00012105.raw,67,194
1068,80,train,HoGuom_00/00081_00000575.jpg,/Users/phamtunglam/Documents/Projects/mSigLIP/code/VN3K/imgs/HoGuom_00/00081_00000575.jpg,/Users/phamtunglam/Documents/Projects/mSigLIP/code/artifacts/deployment/qnn_inputs/vn3k_train_calib_2000/raw/01068_pid80_HoGuom_00_00081_00000575.raw,79,138
1069,494,train,HoGuom_00/00495_00019060.jpg,/Users/phamtunglam/Documents/Projects/mSigLIP/code/VN3K/imgs/HoGuom_00/00495_00019060.jpg,/Users/phamtunglam/Documents/Projects/mSigLIP/code/artifacts/deployment/qnn_inputs/vn3k_train_calib_2000/raw/01069_pid494_HoGuom_00_00495_00019060.raw,136,295
1070,757,train,HoGuom_00/00758_00012910.jpg,/Users/phamtunglam/Documents/Projects/mSigLIP/code/VN3K/imgs/HoGuom_00/00758_00012910.jpg,/Users/phamtunglam/Documents/Projects/mSigLIP/code/artifacts/deployment/qnn_inputs/vn3k_train_calib_2000/raw/01070_pid757_HoGuom_00_00758_00012910.raw,124,326
1071,886,train,HoGuom_01/00887_00013890.jpg,/Users/phamtunglam/Documents/Projects/mSigLIP/code/VN3K/imgs/HoGuom_01/00887_00013890.jpg,/Users/phamtunglam/Documents/Projects/mSigLIP/code/artifacts/deployment/qnn_inputs/vn3k_train_calib_2000/raw/01071_pid886_HoGuom_01_00887_00013890.raw,116,319
1072,141,train,HoGuom_00/00142_00002980.jpg,/Users/phamtunglam/Documents/Projects/mSigLIP/code/VN3K/imgs/HoGuom_00/00142_00002980.jpg,/Users/phamtunglam/Documents/Projects/mSigLIP/code/artifacts/deployment/qnn_inputs/vn3k_train_calib_2000/raw/01072_pid141_HoGuom_00_00142_00002980.raw,241,579
1073,446,train,HoGuom_00/00447_00015370.jpg,/Users/phamtunglam/Documents/Projects/mSigLIP/code/VN3K/imgs/HoGuom_00/00447_00015370.jpg,/Users/phamtunglam/Documents/Projects/mSigLIP/code/artifacts/deployment/qnn_inputs/vn3k_train_calib_2000/raw/01073_pid446_HoGuom_00_00447_00015370.raw,154,551
1074,49,train,TRAINNING_DATA/Person50/output_2.jpg,/Users/phamtunglam/Documents/Projects/mSigLIP/code/VN3K/imgs/TRAINNING_DATA/Person50/output_2.jpg,/Users/phamtunglam/Documents/Projects/mSigLIP/code/artifacts/deployment/qnn_inputs/vn3k_train_calib_2000/raw/01074_pid49_TRAINNING_DATA_Person50_output_2.raw,170,304
1075,523,train,HoGuom_00/00524_00002470.jpg,/Users/phamtunglam/Documents/Projects/mSigLIP/code/VN3K/imgs/HoGuom_00/00524_00002470.jpg,/Users/phamtunglam/Documents/Projects/mSigLIP/code/artifacts/deployment/qnn_inputs/vn3k_train_calib_2000/raw/01075_pid523_HoGuom_00_00524_00002470.raw,218,585
1076,145,train,HoGuom_00/00146_00002835.jpg,/Users/phamtunglam/Documents/Projects/mSigLIP/code/VN3K/imgs/HoGuom_00/00146_00002835.jpg,/Users/phamtunglam/Documents/Projects/mSigLIP/code/artifacts/deployment/qnn_inputs/vn3k_train_calib_2000/raw/01076_pid145_HoGuom_00_00146_00002835.raw,125,350
1077,1814,train,DHHN_HVBCVT_00/01815_00014010.jpg,/Users/phamtunglam/Documents/Projects/mSigLIP/code/VN3K/imgs/DHHN_HVBCVT_00/01815_00014010.jpg,/Users/phamtunglam/Documents/Projects/mSigLIP/code/artifacts/deployment/qnn_inputs/vn3k_train_calib_2000/raw/01077_pid1814_DHHN_HVBCVT_00_01815_00014010.raw,176,370
1078,1231,train,HoGuom_01/01232_00005250.jpg,/Users/phamtunglam/Documents/Projects/mSigLIP/code/VN3K/imgs/HoGuom_01/01232_00005250.jpg,/Users/phamtunglam/Documents/Projects/mSigLIP/code/artifacts/deployment/qnn_inputs/vn3k_train_calib_2000/raw/01078_pid1231_HoGuom_01_01232_00005250.raw,79,230
1079,128,train,HoGuom_00/00129_00002430.jpg,/Users/phamtunglam/Documents/Projects/mSigLIP/code/VN3K/imgs/HoGuom_00/00129_00002430.jpg,/Users/phamtunglam/Documents/Projects/mSigLIP/code/artifacts/deployment/qnn_inputs/vn3k_train_calib_2000/raw/01079_pid128_HoGuom_00_00129_00002430.raw,111,303
1080,250,train,HoGuom_00/00251_00007965.jpg,/Users/phamtunglam/Documents/Projects/mSigLIP/code/VN3K/imgs/HoGuom_00/00251_00007965.jpg,/Users/phamtunglam/Documents/Projects/mSigLIP/code/artifacts/deployment/qnn_inputs/vn3k_train_calib_2000/raw/01080_pid250_HoGuom_00_00251_00007965.raw,101,299
1081,1574,train,DHHN_HVBCVT_00/01575_00006615.jpg,/Users/phamtunglam/Documents/Projects/mSigLIP/code/VN3K/imgs/DHHN_HVBCVT_00/01575_00006615.jpg,/Users/phamtunglam/Documents/Projects/mSigLIP/code/artifacts/deployment/qnn_inputs/vn3k_train_calib_2000/raw/01081_pid1574_DHHN_HVBCVT_00_01575_00006615.raw,64,185
1082,1688,train,DHHN_HVBCVT_00/01689_00003075.jpg,/Users/phamtunglam/Documents/Projects/mSigLIP/code/VN3K/imgs/DHHN_HVBCVT_00/01689_00003075.jpg,/Users/phamtunglam/Documents/Projects/mSigLIP/code/artifacts/deployment/qnn_inputs/vn3k_train_calib_2000/raw/01082_pid1688_DHHN_HVBCVT_00_01689_00003075.raw,147,396
1083,37,train,TEST_DATA/Person38.2/output_2.jpg,/Users/phamtunglam/Documents/Projects/mSigLIP/code/VN3K/imgs/TEST_DATA/Person38.2/output_2.jpg,/Users/phamtunglam/Documents/Projects/mSigLIP/code/artifacts/deployment/qnn_inputs/vn3k_train_calib_2000/raw/01083_pid37_TEST_DATA_Person38.2_output_2.raw,92,239
1084,149,train,HoGuom_00/00150_00002940.jpg,/Users/phamtunglam/Documents/Projects/mSigLIP/code/VN3K/imgs/HoGuom_00/00150_00002940.jpg,/Users/phamtunglam/Documents/Projects/mSigLIP/code/artifacts/deployment/qnn_inputs/vn3k_train_calib_2000/raw/01084_pid149_HoGuom_00_00150_00002940.raw,234,654
1085,1063,train,HoGuom_01/01064_00001155.jpg,/Users/phamtunglam/Documents/Projects/mSigLIP/code/VN3K/imgs/HoGuom_01/01064_00001155.jpg,/Users/phamtunglam/Documents/Projects/mSigLIP/code/artifacts/deployment/qnn_inputs/vn3k_train_calib_2000/raw/01085_pid1063_HoGuom_01_01064_00001155.raw,189,487
1086,1204,train,HoGuom_01/01205_00002730.jpg,/Users/phamtunglam/Documents/Projects/mSigLIP/code/VN3K/imgs/HoGuom_01/01205_00002730.jpg,/Users/phamtunglam/Documents/Projects/mSigLIP/code/artifacts/deployment/qnn_inputs/vn3k_train_calib_2000/raw/01086_pid1204_HoGuom_01_01205_00002730.raw,278,629
1087,1240,train,HoGuom_01/01241_00002850.jpg,/Users/phamtunglam/Documents/Projects/mSigLIP/code/VN3K/imgs/HoGuom_01/01241_00002850.jpg,/Users/phamtunglam/Documents/Projects/mSigLIP/code/artifacts/deployment/qnn_inputs/vn3k_train_calib_2000/raw/01087_pid1240_HoGuom_01_01241_00002850.raw,108,252
1088,749,train,HoGuom_00/00750_00012425.jpg,/Users/phamtunglam/Documents/Projects/mSigLIP/code/VN3K/imgs/HoGuom_00/00750_00012425.jpg,/Users/phamtunglam/Documents/Projects/mSigLIP/code/artifacts/deployment/qnn_inputs/vn3k_train_calib_2000/raw/01088_pid749_HoGuom_00_00750_00012425.raw,74,277
1089,435,train,HoGuom_00/00436_00014790.jpg,/Users/phamtunglam/Documents/Projects/mSigLIP/code/VN3K/imgs/HoGuom_00/00436_00014790.jpg,/Users/phamtunglam/Documents/Projects/mSigLIP/code/artifacts/deployment/qnn_inputs/vn3k_train_calib_2000/raw/01089_pid435_HoGuom_00_00436_00014790.raw,255,611
1090,1301,train,HoGuom_01/01302_00007275.jpg,/Users/phamtunglam/Documents/Projects/mSigLIP/code/VN3K/imgs/HoGuom_01/01302_00007275.jpg,/Users/phamtunglam/Documents/Projects/mSigLIP/code/artifacts/deployment/qnn_inputs/vn3k_train_calib_2000/raw/01090_pid1301_HoGuom_01_01302_00007275.raw,193,475
1091,688,train,HoGuom_00/00689_00009950.jpg,/Users/phamtunglam/Documents/Projects/mSigLIP/code/VN3K/imgs/HoGuom_00/00689_00009950.jpg,/Users/phamtunglam/Documents/Projects/mSigLIP/code/artifacts/deployment/qnn_inputs/vn3k_train_calib_2000/raw/01091_pid688_HoGuom_00_00689_00009950.raw,92,237
1092,570,train,HoGuom_00/00571_00006010.jpg,/Users/phamtunglam/Documents/Projects/mSigLIP/code/VN3K/imgs/HoGuom_00/00571_00006010.jpg,/Users/phamtunglam/Documents/Projects/mSigLIP/code/artifacts/deployment/qnn_inputs/vn3k_train_calib_2000/raw/01092_pid570_HoGuom_00_00571_00006010.raw,110,305
1093,9,train,TEST_DATA/Person10.2/output_2.jpg,/Users/phamtunglam/Documents/Projects/mSigLIP/code/VN3K/imgs/TEST_DATA/Person10.2/output_2.jpg,/Users/phamtunglam/Documents/Projects/mSigLIP/code/artifacts/deployment/qnn_inputs/vn3k_train_calib_2000/raw/01093_pid9_TEST_DATA_Person10.2_output_2.raw,65,213
1094,453,train,HoGuom_00/00454_00015975.jpg,/Users/phamtunglam/Documents/Projects/mSigLIP/code/VN3K/imgs/HoGuom_00/00454_00015975.jpg,/Users/phamtunglam/Documents/Projects/mSigLIP/code/artifacts/deployment/qnn_inputs/vn3k_train_calib_2000/raw/01094_pid453_HoGuom_00_00454_00015975.raw,227,585
1095,53,train,TRAINNING_DATA/Person54/output_2.jpg,/Users/phamtunglam/Documents/Projects/mSigLIP/code/VN3K/imgs/TRAINNING_DATA/Person54/output_2.jpg,/Users/phamtunglam/Documents/Projects/mSigLIP/code/artifacts/deployment/qnn_inputs/vn3k_train_calib_2000/raw/01095_pid53_TRAINNING_DATA_Person54_output_2.raw,138,281
1096,66,train,TEST_DATA/Person67.2/output_6.jpg,/Users/phamtunglam/Documents/Projects/mSigLIP/code/VN3K/imgs/TEST_DATA/Person67.2/output_6.jpg,/Users/phamtunglam/Documents/Projects/mSigLIP/code/artifacts/deployment/qnn_inputs/vn3k_train_calib_2000/raw/01096_pid66_TEST_DATA_Person67.2_output_6.raw,121,232
1097,1806,train,DHHN_HVBCVT_00/01807_00005280.jpg,/Users/phamtunglam/Documents/Projects/mSigLIP/code/VN3K/imgs/DHHN_HVBCVT_00/01807_00005280.jpg,/Users/phamtunglam/Documents/Projects/mSigLIP/code/artifacts/deployment/qnn_inputs/vn3k_train_calib_2000/raw/01097_pid1806_DHHN_HVBCVT_00_01807_00005280.raw,100,214
1098,416,train,HoGuom_00/00417_00014515.jpg,/Users/phamtunglam/Documents/Projects/mSigLIP/code/VN3K/imgs/HoGuom_00/00417_00014515.jpg,/Users/phamtunglam/Documents/Projects/mSigLIP/code/artifacts/deployment/qnn_inputs/vn3k_train_calib_2000/raw/01098_pid416_HoGuom_00_00417_00014515.raw,105,311
1099,1587,train,DHHN_HVBCVT_00/01588_00008460.jpg,/Users/phamtunglam/Documents/Projects/mSigLIP/code/VN3K/imgs/DHHN_HVBCVT_00/01588_00008460.jpg,/Users/phamtunglam/Documents/Projects/mSigLIP/code/artifacts/deployment/qnn_inputs/vn3k_train_calib_2000/raw/01099_pid1587_DHHN_HVBCVT_00_01588_00008460.raw,222,577
1100,1989,train,TamChuc_01/01990_2.jpg,/Users/phamtunglam/Documents/Projects/mSigLIP/code/VN3K/imgs/TamChuc_01/01990_2.jpg,/Users/phamtunglam/Documents/Projects/mSigLIP/code/artifacts/deployment/qnn_inputs/vn3k_train_calib_2000/raw/01100_pid1989_TamChuc_01_01990_2.raw,265,863
1101,236,train,HoGuom_00/00237_00007765.jpg,/Users/phamtunglam/Documents/Projects/mSigLIP/code/VN3K/imgs/HoGuom_00/00237_00007765.jpg,/Users/phamtunglam/Documents/Projects/mSigLIP/code/artifacts/deployment/qnn_inputs/vn3k_train_calib_2000/raw/01101_pid236_HoGuom_00_00237_00007765.raw,227,609
1102,352,train,HoGuom_00/00353_00012155.jpg,/Users/phamtunglam/Documents/Projects/mSigLIP/code/VN3K/imgs/HoGuom_00/00353_00012155.jpg,/Users/phamtunglam/Documents/Projects/mSigLIP/code/artifacts/deployment/qnn_inputs/vn3k_train_calib_2000/raw/01102_pid352_HoGuom_00_00353_00012155.raw,99,273
1103,1293,train,HoGuom_01/01294_00008835.jpg,/Users/phamtunglam/Documents/Projects/mSigLIP/code/VN3K/imgs/HoGuom_01/01294_00008835.jpg,/Users/phamtunglam/Documents/Projects/mSigLIP/code/artifacts/deployment/qnn_inputs/vn3k_train_calib_2000/raw/01103_pid1293_HoGuom_01_01294_00008835.raw,71,193
1104,1619,train,DHHN_HVBCVT_00/01620_00024825.jpg,/Users/phamtunglam/Documents/Projects/mSigLIP/code/VN3K/imgs/DHHN_HVBCVT_00/01620_00024825.jpg,/Users/phamtunglam/Documents/Projects/mSigLIP/code/artifacts/deployment/qnn_inputs/vn3k_train_calib_2000/raw/01104_pid1619_DHHN_HVBCVT_00_01620_00024825.raw,199,403
1105,905,train,HoGuom_01/00906_00002415.jpg,/Users/phamtunglam/Documents/Projects/mSigLIP/code/VN3K/imgs/HoGuom_01/00906_00002415.jpg,/Users/phamtunglam/Documents/Projects/mSigLIP/code/artifacts/deployment/qnn_inputs/vn3k_train_calib_2000/raw/01105_pid905_HoGuom_01_00906_00002415.raw,226,554
1106,54,train,TEST_DATA/Person55.2/output_6.jpg,/Users/phamtunglam/Documents/Projects/mSigLIP/code/VN3K/imgs/TEST_DATA/Person55.2/output_6.jpg,/Users/phamtunglam/Documents/Projects/mSigLIP/code/artifacts/deployment/qnn_inputs/vn3k_train_calib_2000/raw/01106_pid54_TEST_DATA_Person55.2_output_6.raw,116,247
1107,362,train,HoGuom_00/00363_00012320.jpg,/Users/phamtunglam/Documents/Projects/mSigLIP/code/VN3K/imgs/HoGuom_00/00363_00012320.jpg,/Users/phamtunglam/Documents/Projects/mSigLIP/code/artifacts/deployment/qnn_inputs/vn3k_train_calib_2000/raw/01107_pid362_HoGuom_00_00363_00012320.raw,105,183
1108,166,train,HoGuom_00/00167_00004185.jpg,/Users/phamtunglam/Documents/Projects/mSigLIP/code/VN3K/imgs/HoGuom_00/00167_00004185.jpg,/Users/phamtunglam/Documents/Projects/mSigLIP/code/artifacts/deployment/qnn_inputs/vn3k_train_calib_2000/raw/01108_pid166_HoGuom_00_00167_00004185.raw,176,477
1109,1767,train,DHHN_HVBCVT_00/01768_00000705.jpg,/Users/phamtunglam/Documents/Projects/mSigLIP/code/VN3K/imgs/DHHN_HVBCVT_00/01768_00000705.jpg,/Users/phamtunglam/Documents/Projects/mSigLIP/code/artifacts/deployment/qnn_inputs/vn3k_train_calib_2000/raw/01109_pid1767_DHHN_HVBCVT_00_01768_00000705.raw,192,518
1110,46,train,TRAINNING_DATA/Person47/output_2.jpg,/Users/phamtunglam/Documents/Projects/mSigLIP/code/VN3K/imgs/TRAINNING_DATA/Person47/output_2.jpg,/Users/phamtunglam/Documents/Projects/mSigLIP/code/artifacts/deployment/qnn_inputs/vn3k_train_calib_2000/raw/01110_pid46_TRAINNING_DATA_Person47_output_2.raw,68,267
1111,49,train,TEST_DATA/Person50.2/output_6.jpg,/Users/phamtunglam/Documents/Projects/mSigLIP/code/VN3K/imgs/TEST_DATA/Person50.2/output_6.jpg,/Users/phamtunglam/Documents/Projects/mSigLIP/code/artifacts/deployment/qnn_inputs/vn3k_train_calib_2000/raw/01111_pid49_TEST_DATA_Person50.2_output_6.raw,68,214
1112,694,train,HoGuom_00/00695_00010080.jpg,/Users/phamtunglam/Documents/Projects/mSigLIP/code/VN3K/imgs/HoGuom_00/00695_00010080.jpg,/Users/phamtunglam/Documents/Projects/mSigLIP/code/artifacts/deployment/qnn_inputs/vn3k_train_calib_2000/raw/01112_pid694_HoGuom_00_00695_00010080.raw,102,243
1113,1447,train,HoGuom_01/01448_1.jpg,/Users/phamtunglam/Documents/Projects/mSigLIP/code/VN3K/imgs/HoGuom_01/01448_1.jpg,/Users/phamtunglam/Documents/Projects/mSigLIP/code/artifacts/deployment/qnn_inputs/vn3k_train_calib_2000/raw/01113_pid1447_HoGuom_01_01448_1.raw,124,371
1114,11,train,TRAINNING_DATA/Person12/output_6.jpg,/Users/phamtunglam/Documents/Projects/mSigLIP/code/VN3K/imgs/TRAINNING_DATA/Person12/output_6.jpg,/Users/phamtunglam/Documents/Projects/mSigLIP/code/artifacts/deployment/qnn_inputs/vn3k_train_calib_2000/raw/01114_pid11_TRAINNING_DATA_Person12_output_6.raw,124,306
1115,1782,train,DHHN_HVBCVT_00/01783_00002880.jpg,/Users/phamtunglam/Documents/Projects/mSigLIP/code/VN3K/imgs/DHHN_HVBCVT_00/01783_00002880.jpg,/Users/phamtunglam/Documents/Projects/mSigLIP/code/artifacts/deployment/qnn_inputs/vn3k_train_calib_2000/raw/01115_pid1782_DHHN_HVBCVT_00_01783_00002880.raw,79,242
1116,1312,train,HoGuom_01/01313_00003270.jpg,/Users/phamtunglam/Documents/Projects/mSigLIP/code/VN3K/imgs/HoGuom_01/01313_00003270.jpg,/Users/phamtunglam/Documents/Projects/mSigLIP/code/artifacts/deployment/qnn_inputs/vn3k_train_calib_2000/raw/01116_pid1312_HoGuom_01_01313_00003270.raw,140,654
1117,856,train,HoGuom_01/00857_00009960.jpg,/Users/phamtunglam/Documents/Projects/mSigLIP/code/VN3K/imgs/HoGuom_01/00857_00009960.jpg,/Users/phamtunglam/Documents/Projects/mSigLIP/code/artifacts/deployment/qnn_inputs/vn3k_train_calib_2000/raw/01117_pid856_HoGuom_01_00857_00009960.raw,64,201
1118,78,train,HoGuom_00/00079_00000615.jpg,/Users/phamtunglam/Documents/Projects/mSigLIP/code/VN3K/imgs/HoGuom_00/00079_00000615.jpg,/Users/phamtunglam/Documents/Projects/mSigLIP/code/artifacts/deployment/qnn_inputs/vn3k_train_calib_2000/raw/01118_pid78_HoGuom_00_00079_00000615.raw,245,524
1119,1955,train,DHGTVT_00/01956_00014400.jpg,/Users/phamtunglam/Documents/Projects/mSigLIP/code/VN3K/imgs/DHGTVT_00/01956_00014400.jpg,/Users/phamtunglam/Documents/Projects/mSigLIP/code/artifacts/deployment/qnn_inputs/vn3k_train_calib_2000/raw/01119_pid1955_DHGTVT_00_01956_00014400.raw,120,294
1120,1046,train,HoGuom_01/01047_00001275.jpg,/Users/phamtunglam/Documents/Projects/mSigLIP/code/VN3K/imgs/HoGuom_01/01047_00001275.jpg,/Users/phamtunglam/Documents/Projects/mSigLIP/code/artifacts/deployment/qnn_inputs/vn3k_train_calib_2000/raw/01120_pid1046_HoGuom_01_01047_00001275.raw,142,341
1121,1263,train,HoGuom_01/01264_00008895.jpg,/Users/phamtunglam/Documents/Projects/mSigLIP/code/VN3K/imgs/HoGuom_01/01264_00008895.jpg,/Users/phamtunglam/Documents/Projects/mSigLIP/code/artifacts/deployment/qnn_inputs/vn3k_train_calib_2000/raw/01121_pid1263_HoGuom_01_01264_00008895.raw,189,457
1122,622,train,HoGuom_00/00623_00007185.jpg,/Users/phamtunglam/Documents/Projects/mSigLIP/code/VN3K/imgs/HoGuom_00/00623_00007185.jpg,/Users/phamtunglam/Documents/Projects/mSigLIP/code/artifacts/deployment/qnn_inputs/vn3k_train_calib_2000/raw/01122_pid622_HoGuom_00_00623_00007185.raw,91,221
1123,1170,train,HoGuom_01/01171_00001080.jpg,/Users/phamtunglam/Documents/Projects/mSigLIP/code/VN3K/imgs/HoGuom_01/01171_00001080.jpg,/Users/phamtunglam/Documents/Projects/mSigLIP/code/artifacts/deployment/qnn_inputs/vn3k_train_calib_2000/raw/01123_pid1170_HoGuom_01_01171_00001080.raw,266,758
1124,310,train,HoGuom_00/00311_00010065.jpg,/Users/phamtunglam/Documents/Projects/mSigLIP/code/VN3K/imgs/HoGuom_00/00311_00010065.jpg,/Users/phamtunglam/Documents/Projects/mSigLIP/code/artifacts/deployment/qnn_inputs/vn3k_train_calib_2000/raw/01124_pid310_HoGuom_00_00311_00010065.raw,80,256
1125,961,train,HoGuom_01/00962_00004095.jpg,/Users/phamtunglam/Documents/Projects/mSigLIP/code/VN3K/imgs/HoGuom_01/00962_00004095.jpg,/Users/phamtunglam/Documents/Projects/mSigLIP/code/artifacts/deployment/qnn_inputs/vn3k_train_calib_2000/raw/01125_pid961_HoGuom_01_00962_00004095.raw,168,435
1126,302,train,HoGuom_00/00303_00009900.jpg,/Users/phamtunglam/Documents/Projects/mSigLIP/code/VN3K/imgs/HoGuom_00/00303_00009900.jpg,/Users/phamtunglam/Documents/Projects/mSigLIP/code/artifacts/deployment/qnn_inputs/vn3k_train_calib_2000/raw/01126_pid302_HoGuom_00_00303_00009900.raw,129,311
1127,1160,train,HoGuom_01/01161_00000510.jpg,/Users/phamtunglam/Documents/Projects/mSigLIP/code/VN3K/imgs/HoGuom_01/01161_00000510.jpg,/Users/phamtunglam/Documents/Projects/mSigLIP/code/artifacts/deployment/qnn_inputs/vn3k_train_calib_2000/raw/01127_pid1160_HoGuom_01_01161_00000510.raw,90,122
1128,1044,train,HoGuom_01/01045_00001065.jpg,/Users/phamtunglam/Documents/Projects/mSigLIP/code/VN3K/imgs/HoGuom_01/01045_00001065.jpg,/Users/phamtunglam/Documents/Projects/mSigLIP/code/artifacts/deployment/qnn_inputs/vn3k_train_calib_2000/raw/01128_pid1044_HoGuom_01_01045_00001065.raw,131,329
1129,593,train,HoGuom_00/00594_00006130.jpg,/Users/phamtunglam/Documents/Projects/mSigLIP/code/VN3K/imgs/HoGuom_00/00594_00006130.jpg,/Users/phamtunglam/Documents/Projects/mSigLIP/code/artifacts/deployment/qnn_inputs/vn3k_train_calib_2000/raw/01129_pid593_HoGuom_00_00594_00006130.raw,64,188
1130,148,train,HoGuom_00/00149_00002880.jpg,/Users/phamtunglam/Documents/Projects/mSigLIP/code/VN3K/imgs/HoGuom_00/00149_00002880.jpg,/Users/phamtunglam/Documents/Projects/mSigLIP/code/artifacts/deployment/qnn_inputs/vn3k_train_calib_2000/raw/01130_pid148_HoGuom_00_00149_00002880.raw,97,354
1131,293,train,HoGuom_00/00294_00009370.jpg,/Users/phamtunglam/Documents/Projects/mSigLIP/code/VN3K/imgs/HoGuom_00/00294_00009370.jpg,/Users/phamtunglam/Documents/Projects/mSigLIP/code/artifacts/deployment/qnn_inputs/vn3k_train_calib_2000/raw/01131_pid293_HoGuom_00_00294_00009370.raw,88,248
1132,1556,train,DHHN_HVBCVT_00/01557_00000450.jpg,/Users/phamtunglam/Documents/Projects/mSigLIP/code/VN3K/imgs/DHHN_HVBCVT_00/01557_00000450.jpg,/Users/phamtunglam/Documents/Projects/mSigLIP/code/artifacts/deployment/qnn_inputs/vn3k_train_calib_2000/raw/01132_pid1556_DHHN_HVBCVT_00_01557_00000450.raw,318,657
1133,808,train,HoGuom_01/00809_00002535.jpg,/Users/phamtunglam/Documents/Projects/mSigLIP/code/VN3K/imgs/HoGuom_01/00809_00002535.jpg,/Users/phamtunglam/Documents/Projects/mSigLIP/code/artifacts/deployment/qnn_inputs/vn3k_train_calib_2000/raw/01133_pid808_HoGuom_01_00809_00002535.raw,139,362
1134,1336,train,HoGuom_01/01337_00008970.jpg,/Users/phamtunglam/Documents/Projects/mSigLIP/code/VN3K/imgs/HoGuom_01/01337_00008970.jpg,/Users/phamtunglam/Documents/Projects/mSigLIP/code/artifacts/deployment/qnn_inputs/vn3k_train_calib_2000/raw/01134_pid1336_HoGuom_01_01337_00008970.raw,118,308
1135,1878,train,DHGTVT_00/01879_00004040.jpg,/Users/phamtunglam/Documents/Projects/mSigLIP/code/VN3K/imgs/DHGTVT_00/01879_00004040.jpg,/Users/phamtunglam/Documents/Projects/mSigLIP/code/artifacts/deployment/qnn_inputs/vn3k_train_calib_2000/raw/01135_pid1878_DHGTVT_00_01879_00004040.raw,109,323
1136,803,train,HoGuom_01/00804_00002220.jpg,/Users/phamtunglam/Documents/Projects/mSigLIP/code/VN3K/imgs/HoGuom_01/00804_00002220.jpg,/Users/phamtunglam/Documents/Projects/mSigLIP/code/artifacts/deployment/qnn_inputs/vn3k_train_calib_2000/raw/01136_pid803_HoGuom_01_00804_00002220.raw,91,243
1137,1379,train,HoGuom_01/01380_00008040.jpg,/Users/phamtunglam/Documents/Projects/mSigLIP/code/VN3K/imgs/HoGuom_01/01380_00008040.jpg,/Users/phamtunglam/Documents/Projects/mSigLIP/code/artifacts/deployment/qnn_inputs/vn3k_train_calib_2000/raw/01137_pid1379_HoGuom_01_01380_00008040.raw,214,573
1138,267,train,HoGuom_00/00268_00008370.jpg,/Users/phamtunglam/Documents/Projects/mSigLIP/code/VN3K/imgs/HoGuom_00/00268_00008370.jpg,/Users/phamtunglam/Documents/Projects/mSigLIP/code/artifacts/deployment/qnn_inputs/vn3k_train_calib_2000/raw/01138_pid267_HoGuom_00_00268_00008370.raw,75,225
1139,220,train,HoGuom_00/00221_00005965.jpg,/Users/phamtunglam/Documents/Projects/mSigLIP/code/VN3K/imgs/HoGuom_00/00221_00005965.jpg,/Users/phamtunglam/Documents/Projects/mSigLIP/code/artifacts/deployment/qnn_inputs/vn3k_train_calib_2000/raw/01139_pid220_HoGuom_00_00221_00005965.raw,90,214
1140,1568,train,DHHN_HVBCVT_00/01569_00001950.jpg,/Users/phamtunglam/Documents/Projects/mSigLIP/code/VN3K/imgs/DHHN_HVBCVT_00/01569_00001950.jpg,/Users/phamtunglam/Documents/Projects/mSigLIP/code/artifacts/deployment/qnn_inputs/vn3k_train_calib_2000/raw/01140_pid1568_DHHN_HVBCVT_00_01569_00001950.raw,73,187
1141,250,train,HoGuom_00/00251_00007955.jpg,/Users/phamtunglam/Documents/Projects/mSigLIP/code/VN3K/imgs/HoGuom_00/00251_00007955.jpg,/Users/phamtunglam/Documents/Projects/mSigLIP/code/artifacts/deployment/qnn_inputs/vn3k_train_calib_2000/raw/01141_pid250_HoGuom_00_00251_00007955.raw,87,273
1142,1031,train,HoGuom_01/01032_00000075.jpg,/Users/phamtunglam/Documents/Projects/mSigLIP/code/VN3K/imgs/HoGuom_01/01032_00000075.jpg,/Users/phamtunglam/Documents/Projects/mSigLIP/code/artifacts/deployment/qnn_inputs/vn3k_train_calib_2000/raw/01142_pid1031_HoGuom_01_01032_00000075.raw,110,279
1143,1814,train,DHHN_HVBCVT_00/01815_00013875.jpg,/Users/phamtunglam/Documents/Projects/mSigLIP/code/VN3K/imgs/DHHN_HVBCVT_00/01815_00013875.jpg,/Users/phamtunglam/Documents/Projects/mSigLIP/code/artifacts/deployment/qnn_inputs/vn3k_train_calib_2000/raw/01143_pid1814_DHHN_HVBCVT_00_01815_00013875.raw,71,209
1144,1214,train,HoGuom_01/01215_00003225.jpg,/Users/phamtunglam/Documents/Projects/mSigLIP/code/VN3K/imgs/HoGuom_01/01215_00003225.jpg,/Users/phamtunglam/Documents/Projects/mSigLIP/code/artifacts/deployment/qnn_inputs/vn3k_train_calib_2000/raw/01144_pid1214_HoGuom_01_01215_00003225.raw,143,415
1145,1788,train,DHHN_HVBCVT_00/01789_00001785.jpg,/Users/phamtunglam/Documents/Projects/mSigLIP/code/VN3K/imgs/DHHN_HVBCVT_00/01789_00001785.jpg,/Users/phamtunglam/Documents/Projects/mSigLIP/code/artifacts/deployment/qnn_inputs/vn3k_train_calib_2000/raw/01145_pid1788_DHHN_HVBCVT_00_01789_00001785.raw,84,221
1146,463,train,HoGuom_00/00464_00016280.jpg,/Users/phamtunglam/Documents/Projects/mSigLIP/code/VN3K/imgs/HoGuom_00/00464_00016280.jpg,/Users/phamtunglam/Documents/Projects/mSigLIP/code/artifacts/deployment/qnn_inputs/vn3k_train_calib_2000/raw/01146_pid463_HoGuom_00_00464_00016280.raw,196,452
1147,993,train,HoGuom_01/00994_00003975.jpg,/Users/phamtunglam/Documents/Projects/mSigLIP/code/VN3K/imgs/HoGuom_01/00994_00003975.jpg,/Users/phamtunglam/Documents/Projects/mSigLIP/code/artifacts/deployment/qnn_inputs/vn3k_train_calib_2000/raw/01147_pid993_HoGuom_01_00994_00003975.raw,152,394
1148,1126,train,HoGuom_01/01127_00000180.jpg,/Users/phamtunglam/Documents/Projects/mSigLIP/code/VN3K/imgs/HoGuom_01/01127_00000180.jpg,/Users/phamtunglam/Documents/Projects/mSigLIP/code/artifacts/deployment/qnn_inputs/vn3k_train_calib_2000/raw/01148_pid1126_HoGuom_01_01127_00000180.raw,71,169
1149,513,train,HoGuom_00/00514_00001820.jpg,/Users/phamtunglam/Documents/Projects/mSigLIP/code/VN3K/imgs/HoGuom_00/00514_00001820.jpg,/Users/phamtunglam/Documents/Projects/mSigLIP/code/artifacts/deployment/qnn_inputs/vn3k_train_calib_2000/raw/01149_pid513_HoGuom_00_00514_00001820.raw,81,204
1150,23,train,TRAINNING_DATA/Person24/output_2.jpg,/Users/phamtunglam/Documents/Projects/mSigLIP/code/VN3K/imgs/TRAINNING_DATA/Person24/output_2.jpg,/Users/phamtunglam/Documents/Projects/mSigLIP/code/artifacts/deployment/qnn_inputs/vn3k_train_calib_2000/raw/01150_pid23_TRAINNING_DATA_Person24_output_2.raw,154,361
1151,1448,train,HoGuom_01/01449_1.jpg,/Users/phamtunglam/Documents/Projects/mSigLIP/code/VN3K/imgs/HoGuom_01/01449_1.jpg,/Users/phamtunglam/Documents/Projects/mSigLIP/code/artifacts/deployment/qnn_inputs/vn3k_train_calib_2000/raw/01151_pid1448_HoGuom_01_01449_1.raw,84,268
1152,175,train,HoGuom_00/00176_00004425.jpg,/Users/phamtunglam/Documents/Projects/mSigLIP/code/VN3K/imgs/HoGuom_00/00176_00004425.jpg,/Users/phamtunglam/Documents/Projects/mSigLIP/code/artifacts/deployment/qnn_inputs/vn3k_train_calib_2000/raw/01152_pid175_HoGuom_00_00176_00004425.raw,157,423
1153,1295,train,HoGuom_01/01296_00004755.jpg,/Users/phamtunglam/Documents/Projects/mSigLIP/code/VN3K/imgs/HoGuom_01/01296_00004755.jpg,/Users/phamtunglam/Documents/Projects/mSigLIP/code/artifacts/deployment/qnn_inputs/vn3k_train_calib_2000/raw/01153_pid1295_HoGuom_01_01296_00004755.raw,231,600
1154,635,train,HoGuom_00/00636_00007530.jpg,/Users/phamtunglam/Documents/Projects/mSigLIP/code/VN3K/imgs/HoGuom_00/00636_00007530.jpg,/Users/phamtunglam/Documents/Projects/mSigLIP/code/artifacts/deployment/qnn_inputs/vn3k_train_calib_2000/raw/01154_pid635_HoGuom_00_00636_00007530.raw,75,200
1155,378,train,HoGuom_00/00379_00013230.jpg,/Users/phamtunglam/Documents/Projects/mSigLIP/code/VN3K/imgs/HoGuom_00/00379_00013230.jpg,/Users/phamtunglam/Documents/Projects/mSigLIP/code/artifacts/deployment/qnn_inputs/vn3k_train_calib_2000/raw/01155_pid378_HoGuom_00_00379_00013230.raw,171,395
1156,1892,train,DHGTVT_00/01893_00004820.jpg,/Users/phamtunglam/Documents/Projects/mSigLIP/code/VN3K/imgs/DHGTVT_00/01893_00004820.jpg,/Users/phamtunglam/Documents/Projects/mSigLIP/code/artifacts/deployment/qnn_inputs/vn3k_train_calib_2000/raw/01156_pid1892_DHGTVT_00_01893_00004820.raw,103,244
1157,1982,train,DHGTVT_00/01983_00031070.jpg,/Users/phamtunglam/Documents/Projects/mSigLIP/code/VN3K/imgs/DHGTVT_00/01983_00031070.jpg,/Users/phamtunglam/Documents/Projects/mSigLIP/code/artifacts/deployment/qnn_inputs/vn3k_train_calib_2000/raw/01157_pid1982_DHGTVT_00_01983_00031070.raw,190,381
1158,1649,train,DHHN_HVBCVT_00/01650_00042840.jpg,/Users/phamtunglam/Documents/Projects/mSigLIP/code/VN3K/imgs/DHHN_HVBCVT_00/01650_00042840.jpg,/Users/phamtunglam/Documents/Projects/mSigLIP/code/artifacts/deployment/qnn_inputs/vn3k_train_calib_2000/raw/01158_pid1649_DHHN_HVBCVT_00_01650_00042840.raw,78,206
1159,1415,train,HoGuom_01/01416_2.jpg,/Users/phamtunglam/Documents/Projects/mSigLIP/code/VN3K/imgs/HoGuom_01/01416_2.jpg,/Users/phamtunglam/Documents/Projects/mSigLIP/code/artifacts/deployment/qnn_inputs/vn3k_train_calib_2000/raw/01159_pid1415_HoGuom_01_01416_2.raw,86,309
1160,863,train,HoGuom_01/00864_00086485.jpg,/Users/phamtunglam/Documents/Projects/mSigLIP/code/VN3K/imgs/HoGuom_01/00864_00086485.jpg,/Users/phamtunglam/Documents/Projects/mSigLIP/code/artifacts/deployment/qnn_inputs/vn3k_train_calib_2000/raw/01160_pid863_HoGuom_01_00864_00086485.raw,70,156
1161,1711,train,DHHN_HVBCVT_00/01712_00008940.jpg,/Users/phamtunglam/Documents/Projects/mSigLIP/code/VN3K/imgs/DHHN_HVBCVT_00/01712_00008940.jpg,/Users/phamtunglam/Documents/Projects/mSigLIP/code/artifacts/deployment/qnn_inputs/vn3k_train_calib_2000/raw/01161_pid1711_DHHN_HVBCVT_00_01712_00008940.raw,104,301
1162,672,train,HoGuom_00/00673_00008715.jpg,/Users/phamtunglam/Documents/Projects/mSigLIP/code/VN3K/imgs/HoGuom_00/00673_00008715.jpg,/Users/phamtunglam/Documents/Projects/mSigLIP/code/artifacts/deployment/qnn_inputs/vn3k_train_calib_2000/raw/01162_pid672_HoGuom_00_00673_00008715.raw,103,352
1163,185,train,HoGuom_00/00186_00004570.jpg,/Users/phamtunglam/Documents/Projects/mSigLIP/code/VN3K/imgs/HoGuom_00/00186_00004570.jpg,/Users/phamtunglam/Documents/Projects/mSigLIP/code/artifacts/deployment/qnn_inputs/vn3k_train_calib_2000/raw/01163_pid185_HoGuom_00_00186_00004570.raw,193,517
1164,324,train,HoGuom_00/00325_00010380.jpg,/Users/phamtunglam/Documents/Projects/mSigLIP/code/VN3K/imgs/HoGuom_00/00325_00010380.jpg,/Users/phamtunglam/Documents/Projects/mSigLIP/code/artifacts/deployment/qnn_inputs/vn3k_train_calib_2000/raw/01164_pid324_HoGuom_00_00325_00010380.raw,188,451
1165,1222,train,HoGuom_01/01223_00003960.jpg,/Users/phamtunglam/Documents/Projects/mSigLIP/code/VN3K/imgs/HoGuom_01/01223_00003960.jpg,/Users/phamtunglam/Documents/Projects/mSigLIP/code/artifacts/deployment/qnn_inputs/vn3k_train_calib_2000/raw/01165_pid1222_HoGuom_01_01223_00003960.raw,138,361
1166,187,train,HoGuom_00/00188_00004585.jpg,/Users/phamtunglam/Documents/Projects/mSigLIP/code/VN3K/imgs/HoGuom_00/00188_00004585.jpg,/Users/phamtunglam/Documents/Projects/mSigLIP/code/artifacts/deployment/qnn_inputs/vn3k_train_calib_2000/raw/01166_pid187_HoGuom_00_00188_00004585.raw,128,300
1167,224,train,HoGuom_00/00225_00006265.jpg,/Users/phamtunglam/Documents/Projects/mSigLIP/code/VN3K/imgs/HoGuom_00/00225_00006265.jpg,/Users/phamtunglam/Documents/Projects/mSigLIP/code/artifacts/deployment/qnn_inputs/vn3k_train_calib_2000/raw/01167_pid224_HoGuom_00_00225_00006265.raw,111,262
1168,297,train,HoGuom_00/00298_00009460.jpg,/Users/phamtunglam/Documents/Projects/mSigLIP/code/VN3K/imgs/HoGuom_00/00298_00009460.jpg,/Users/phamtunglam/Documents/Projects/mSigLIP/code/artifacts/deployment/qnn_inputs/vn3k_train_calib_2000/raw/01168_pid297_HoGuom_00_00298_00009460.raw,95,253
1169,831,train,HoGuom_01/00832_00006435.jpg,/Users/phamtunglam/Documents/Projects/mSigLIP/code/VN3K/imgs/HoGuom_01/00832_00006435.jpg,/Users/phamtunglam/Documents/Projects/mSigLIP/code/artifacts/deployment/qnn_inputs/vn3k_train_calib_2000/raw/01169_pid831_HoGuom_01_00832_00006435.raw,84,199
1170,770,train,HoGuom_01/00771_00000030.jpg,/Users/phamtunglam/Documents/Projects/mSigLIP/code/VN3K/imgs/HoGuom_01/00771_00000030.jpg,/Users/phamtunglam/Documents/Projects/mSigLIP/code/artifacts/deployment/qnn_inputs/vn3k_train_calib_2000/raw/01170_pid770_HoGuom_01_00771_00000030.raw,89,220
1171,405,train,HoGuom_00/00406_00013770.jpg,/Users/phamtunglam/Documents/Projects/mSigLIP/code/VN3K/imgs/HoGuom_00/00406_00013770.jpg,/Users/phamtunglam/Documents/Projects/mSigLIP/code/artifacts/deployment/qnn_inputs/vn3k_train_calib_2000/raw/01171_pid405_HoGuom_00_00406_00013770.raw,107,311
1172,1569,train,DHHN_HVBCVT_00/01570_00002340.jpg,/Users/phamtunglam/Documents/Projects/mSigLIP/code/VN3K/imgs/DHHN_HVBCVT_00/01570_00002340.jpg,/Users/phamtunglam/Documents/Projects/mSigLIP/code/artifacts/deployment/qnn_inputs/vn3k_train_calib_2000/raw/01172_pid1569_DHHN_HVBCVT_00_01570_00002340.raw,63,158
1173,845,train,HoGuom_01/00846_00009870.jpg,/Users/phamtunglam/Documents/Projects/mSigLIP/code/VN3K/imgs/HoGuom_01/00846_00009870.jpg,/Users/phamtunglam/Documents/Projects/mSigLIP/code/artifacts/deployment/qnn_inputs/vn3k_train_calib_2000/raw/01173_pid845_HoGuom_01_00846_00009870.raw,142,377
1174,427,train,HoGuom_00/00428_00014575.jpg,/Users/phamtunglam/Documents/Projects/mSigLIP/code/VN3K/imgs/HoGuom_00/00428_00014575.jpg,/Users/phamtunglam/Documents/Projects/mSigLIP/code/artifacts/deployment/qnn_inputs/vn3k_train_calib_2000/raw/01174_pid427_HoGuom_00_00428_00014575.raw,118,268
1175,518,train,HoGuom_00/00519_00002210.jpg,/Users/phamtunglam/Documents/Projects/mSigLIP/code/VN3K/imgs/HoGuom_00/00519_00002210.jpg,/Users/phamtunglam/Documents/Projects/mSigLIP/code/artifacts/deployment/qnn_inputs/vn3k_train_calib_2000/raw/01175_pid518_HoGuom_00_00519_00002210.raw,112,335
1176,1731,train,DHHN_HVBCVT_00/01732_00008925.jpg,/Users/phamtunglam/Documents/Projects/mSigLIP/code/VN3K/imgs/DHHN_HVBCVT_00/01732_00008925.jpg,/Users/phamtunglam/Documents/Projects/mSigLIP/code/artifacts/deployment/qnn_inputs/vn3k_train_calib_2000/raw/01176_pid1731_DHHN_HVBCVT_00_01732_00008925.raw,106,282
1177,1421,train,HoGuom_01/01422_2.jpg,/Users/phamtunglam/Documents/Projects/mSigLIP/code/VN3K/imgs/HoGuom_01/01422_2.jpg,/Users/phamtunglam/Documents/Projects/mSigLIP/code/artifacts/deployment/qnn_inputs/vn3k_train_calib_2000/raw/01177_pid1421_HoGuom_01_01422_2.raw,130,428
1178,184,train,HoGuom_00/00185_00004540.jpg,/Users/phamtunglam/Documents/Projects/mSigLIP/code/VN3K/imgs/HoGuom_00/00185_00004540.jpg,/Users/phamtunglam/Documents/Projects/mSigLIP/code/artifacts/deployment/qnn_inputs/vn3k_train_calib_2000/raw/01178_pid184_HoGuom_00_00185_00004540.raw,85,197
1179,829,train,HoGuom_01/00830_00006960.jpg,/Users/phamtunglam/Documents/Projects/mSigLIP/code/VN3K/imgs/HoGuom_01/00830_00006960.jpg,/Users/phamtunglam/Documents/Projects/mSigLIP/code/artifacts/deployment/qnn_inputs/vn3k_train_calib_2000/raw/01179_pid829_HoGuom_01_00830_00006960.raw,91,255
1180,788,train,HoGuom_01/00789_00001560.jpg,/Users/phamtunglam/Documents/Projects/mSigLIP/code/VN3K/imgs/HoGuom_01/00789_00001560.jpg,/Users/phamtunglam/Documents/Projects/mSigLIP/code/artifacts/deployment/qnn_inputs/vn3k_train_calib_2000/raw/01180_pid788_HoGuom_01_00789_00001560.raw,232,591
1181,1015,train,HoGuom_01/01016_00001006.jpg,/Users/phamtunglam/Documents/Projects/mSigLIP/code/VN3K/imgs/HoGuom_01/01016_00001006.jpg,/Users/phamtunglam/Documents/Projects/mSigLIP/code/artifacts/deployment/qnn_inputs/vn3k_train_calib_2000/raw/01181_pid1015_HoGuom_01_01016_00001006.raw,118,291
1182,294,train,HoGuom_00/00295_00009525.jpg,/Users/phamtunglam/Documents/Projects/mSigLIP/code/VN3K/imgs/HoGuom_00/00295_00009525.jpg,/Users/phamtunglam/Documents/Projects/mSigLIP/code/artifacts/deployment/qnn_inputs/vn3k_train_calib_2000/raw/01182_pid294_HoGuom_00_00295_00009525.raw,214,672
1183,1249,train,HoGuom_01/01250_00003555.jpg,/Users/phamtunglam/Documents/Projects/mSigLIP/code/VN3K/imgs/HoGuom_01/01250_00003555.jpg,/Users/phamtunglam/Documents/Projects/mSigLIP/code/artifacts/deployment/qnn_inputs/vn3k_train_calib_2000/raw/01183_pid1249_HoGuom_01_01250_00003555.raw,121,394
1184,1925,train,DHGTVT_00/01926_00010130.jpg,/Users/phamtunglam/Documents/Projects/mSigLIP/code/VN3K/imgs/DHGTVT_00/01926_00010130.jpg,/Users/phamtunglam/Documents/Projects/mSigLIP/code/artifacts/deployment/qnn_inputs/vn3k_train_calib_2000/raw/01184_pid1925_DHGTVT_00_01926_00010130.raw,70,177
1185,636,train,HoGuom_00/00637_00007565.jpg,/Users/phamtunglam/Documents/Projects/mSigLIP/code/VN3K/imgs/HoGuom_00/00637_00007565.jpg,/Users/phamtunglam/Documents/Projects/mSigLIP/code/artifacts/deployment/qnn_inputs/vn3k_train_calib_2000/raw/01185_pid636_HoGuom_00_00637_00007565.raw,116,287
1186,1857,train,DHGTVT_00/01858_00001920.jpg,/Users/phamtunglam/Documents/Projects/mSigLIP/code/VN3K/imgs/DHGTVT_00/01858_00001920.jpg,/Users/phamtunglam/Documents/Projects/mSigLIP/code/artifacts/deployment/qnn_inputs/vn3k_train_calib_2000/raw/01186_pid1857_DHGTVT_00_01858_00001920.raw,64,171
1187,1352,train,HoGuom_01/01353_00004410.jpg,/Users/phamtunglam/Documents/Projects/mSigLIP/code/VN3K/imgs/HoGuom_01/01353_00004410.jpg,/Users/phamtunglam/Documents/Projects/mSigLIP/code/artifacts/deployment/qnn_inputs/vn3k_train_calib_2000/raw/01187_pid1352_HoGuom_01_01353_00004410.raw,247,735
1188,1018,train,HoGuom_01/01019_00002130.jpg,/Users/phamtunglam/Documents/Projects/mSigLIP/code/VN3K/imgs/HoGuom_01/01019_00002130.jpg,/Users/phamtunglam/Documents/Projects/mSigLIP/code/artifacts/deployment/qnn_inputs/vn3k_train_calib_2000/raw/01188_pid1018_HoGuom_01_01019_00002130.raw,122,297
1189,1433,train,HoGuom_01/01434_2.jpg,/Users/phamtunglam/Documents/Projects/mSigLIP/code/VN3K/imgs/HoGuom_01/01434_2.jpg,/Users/phamtunglam/Documents/Projects/mSigLIP/code/artifacts/deployment/qnn_inputs/vn3k_train_calib_2000/raw/01189_pid1433_HoGuom_01_01434_2.raw,130,345
1190,492,train,HoGuom_00/00493_00018405.jpg,/Users/phamtunglam/Documents/Projects/mSigLIP/code/VN3K/imgs/HoGuom_00/00493_00018405.jpg,/Users/phamtunglam/Documents/Projects/mSigLIP/code/artifacts/deployment/qnn_inputs/vn3k_train_calib_2000/raw/01190_pid492_HoGuom_00_00493_00018405.raw,192,443
1191,908,train,HoGuom_01/00909_00002595.jpg,/Users/phamtunglam/Documents/Projects/mSigLIP/code/VN3K/imgs/HoGuom_01/00909_00002595.jpg,/Users/phamtunglam/Documents/Projects/mSigLIP/code/artifacts/deployment/qnn_inputs/vn3k_train_calib_2000/raw/01191_pid908_HoGuom_01_00909_00002595.raw,125,334
1192,45,train,TRAINNING_DATA/Person46/output_2.jpg,/Users/phamtunglam/Documents/Projects/mSigLIP/code/VN3K/imgs/TRAINNING_DATA/Person46/output_2.jpg,/Users/phamtunglam/Documents/Projects/mSigLIP/code/artifacts/deployment/qnn_inputs/vn3k_train_calib_2000/raw/01192_pid45_TRAINNING_DATA_Person46_output_2.raw,133,238
1193,774,train,HoGuom_01/00775_00077555.jpg,/Users/phamtunglam/Documents/Projects/mSigLIP/code/VN3K/imgs/HoGuom_01/00775_00077555.jpg,/Users/phamtunglam/Documents/Projects/mSigLIP/code/artifacts/deployment/qnn_inputs/vn3k_train_calib_2000/raw/01193_pid774_HoGuom_01_00775_00077555.raw,89,195
1194,48,train,TRAINNING_DATA/Person49/output_9.jpg,/Users/phamtunglam/Documents/Projects/mSigLIP/code/VN3K/imgs/TRAINNING_DATA/Person49/output_9.jpg,/Users/phamtunglam/Documents/Projects/mSigLIP/code/artifacts/deployment/qnn_inputs/vn3k_train_calib_2000/raw/01194_pid48_TRAINNING_DATA_Person49_output_9.raw,117,308
1195,1462,train,HoGuom_01/01463_2.jpg,/Users/phamtunglam/Documents/Projects/mSigLIP/code/VN3K/imgs/HoGuom_01/01463_2.jpg,/Users/phamtunglam/Documents/Projects/mSigLIP/code/artifacts/deployment/qnn_inputs/vn3k_train_calib_2000/raw/01195_pid1462_HoGuom_01_01463_2.raw,128,419
1196,1133,train,HoGuom_01/01134_00000690.jpg,/Users/phamtunglam/Documents/Projects/mSigLIP/code/VN3K/imgs/HoGuom_01/01134_00000690.jpg,/Users/phamtunglam/Documents/Projects/mSigLIP/code/artifacts/deployment/qnn_inputs/vn3k_train_calib_2000/raw/01196_pid1133_HoGuom_01_01134_00000690.raw,284,790
1197,959,train,HoGuom_01/00960_00003705.jpg,/Users/phamtunglam/Documents/Projects/mSigLIP/code/VN3K/imgs/HoGuom_01/00960_00003705.jpg,/Users/phamtunglam/Documents/Projects/mSigLIP/code/artifacts/deployment/qnn_inputs/vn3k_train_calib_2000/raw/01197_pid959_HoGuom_01_00960_00003705.raw,120,309
1198,1677,train,DHHN_HVBCVT_00/01678_00054240.jpg,/Users/phamtunglam/Documents/Projects/mSigLIP/code/VN3K/imgs/DHHN_HVBCVT_00/01678_00054240.jpg,/Users/phamtunglam/Documents/Projects/mSigLIP/code/artifacts/deployment/qnn_inputs/vn3k_train_calib_2000/raw/01198_pid1677_DHHN_HVBCVT_00_01678_00054240.raw,69,139
1199,43,train,TRAINNING_DATA/Person44/output_9.jpg,/Users/phamtunglam/Documents/Projects/mSigLIP/code/VN3K/imgs/TRAINNING_DATA/Person44/output_9.jpg,/Users/phamtunglam/Documents/Projects/mSigLIP/code/artifacts/deployment/qnn_inputs/vn3k_train_calib_2000/raw/01199_pid43_TRAINNING_DATA_Person44_output_9.raw,100,278
1200,1514,train,DHHN_HVBCVT_00/01515_00002715.jpg,/Users/phamtunglam/Documents/Projects/mSigLIP/code/VN3K/imgs/DHHN_HVBCVT_00/01515_00002715.jpg,/Users/phamtunglam/Documents/Projects/mSigLIP/code/artifacts/deployment/qnn_inputs/vn3k_train_calib_2000/raw/01200_pid1514_DHHN_HVBCVT_00_01515_00002715.raw,202,637
1201,1456,train,HoGuom_01/01457_2.jpg,/Users/phamtunglam/Documents/Projects/mSigLIP/code/VN3K/imgs/HoGuom_01/01457_2.jpg,/Users/phamtunglam/Documents/Projects/mSigLIP/code/artifacts/deployment/qnn_inputs/vn3k_train_calib_2000/raw/01201_pid1456_HoGuom_01_01457_2.raw,101,276
1202,318,train,HoGuom_00/00319_00010350.jpg,/Users/phamtunglam/Documents/Projects/mSigLIP/code/VN3K/imgs/HoGuom_00/00319_00010350.jpg,/Users/phamtunglam/Documents/Projects/mSigLIP/code/artifacts/deployment/qnn_inputs/vn3k_train_calib_2000/raw/01202_pid318_HoGuom_00_00319_00010350.raw,105,301
1203,573,train,HoGuom_00/00574_00005335.jpg,/Users/phamtunglam/Documents/Projects/mSigLIP/code/VN3K/imgs/HoGuom_00/00574_00005335.jpg,/Users/phamtunglam/Documents/Projects/mSigLIP/code/artifacts/deployment/qnn_inputs/vn3k_train_calib_2000/raw/01203_pid573_HoGuom_00_00574_00005335.raw,89,204
1204,817,train,HoGuom_01/00818_00003795.jpg,/Users/phamtunglam/Documents/Projects/mSigLIP/code/VN3K/imgs/HoGuom_01/00818_00003795.jpg,/Users/phamtunglam/Documents/Projects/mSigLIP/code/artifacts/deployment/qnn_inputs/vn3k_train_calib_2000/raw/01204_pid817_HoGuom_01_00818_00003795.raw,79,222
1205,1734,train,DHHN_HVBCVT_00/01735_00009495.jpg,/Users/phamtunglam/Documents/Projects/mSigLIP/code/VN3K/imgs/DHHN_HVBCVT_00/01735_00009495.jpg,/Users/phamtunglam/Documents/Projects/mSigLIP/code/artifacts/deployment/qnn_inputs/vn3k_train_calib_2000/raw/01205_pid1734_DHHN_HVBCVT_00_01735_00009495.raw,91,234
1206,1232,train,HoGuom_01/01233_00005100.jpg,/Users/phamtunglam/Documents/Projects/mSigLIP/code/VN3K/imgs/HoGuom_01/01233_00005100.jpg,/Users/phamtunglam/Documents/Projects/mSigLIP/code/artifacts/deployment/qnn_inputs/vn3k_train_calib_2000/raw/01206_pid1232_HoGuom_01_01233_00005100.raw,83,244
1207,1080,train,HoGuom_01/01081_00001200.jpg,/Users/phamtunglam/Documents/Projects/mSigLIP/code/VN3K/imgs/HoGuom_01/01081_00001200.jpg,/Users/phamtunglam/Documents/Projects/mSigLIP/code/artifacts/deployment/qnn_inputs/vn3k_train_calib_2000/raw/01207_pid1080_HoGuom_01_01081_00001200.raw,149,332
1208,102,train,HoGuom_00/00103_00001695.jpg,/Users/phamtunglam/Documents/Projects/mSigLIP/code/VN3K/imgs/HoGuom_00/00103_00001695.jpg,/Users/phamtunglam/Documents/Projects/mSigLIP/code/artifacts/deployment/qnn_inputs/vn3k_train_calib_2000/raw/01208_pid102_HoGuom_00_00103_00001695.raw,75,165
1209,1386,train,HoGuom_01/01387_2.jpg,/Users/phamtunglam/Documents/Projects/mSigLIP/code/VN3K/imgs/HoGuom_01/01387_2.jpg,/Users/phamtunglam/Documents/Projects/mSigLIP/code/artifacts/deployment/qnn_inputs/vn3k_train_calib_2000/raw/01209_pid1386_HoGuom_01_01387_2.raw,122,334
1210,1553,train,DHHN_HVBCVT_00/01554_00004905.jpg,/Users/phamtunglam/Documents/Projects/mSigLIP/code/VN3K/imgs/DHHN_HVBCVT_00/01554_00004905.jpg,/Users/phamtunglam/Documents/Projects/mSigLIP/code/artifacts/deployment/qnn_inputs/vn3k_train_calib_2000/raw/01210_pid1553_DHHN_HVBCVT_00_01554_00004905.raw,155,466
1211,1946,train,DHGTVT_00/01947_00011400.jpg,/Users/phamtunglam/Documents/Projects/mSigLIP/code/VN3K/imgs/DHGTVT_00/01947_00011400.jpg,/Users/phamtunglam/Documents/Projects/mSigLIP/code/artifacts/deployment/qnn_inputs/vn3k_train_calib_2000/raw/01211_pid1946_DHGTVT_00_01947_00011400.raw,95,227
1212,1991,train,TamChuc_01/01992_2.jpg,/Users/phamtunglam/Documents/Projects/mSigLIP/code/VN3K/imgs/TamChuc_01/01992_2.jpg,/Users/phamtunglam/Documents/Projects/mSigLIP/code/artifacts/deployment/qnn_inputs/vn3k_train_calib_2000/raw/01212_pid1991_TamChuc_01_01992_2.raw,132,386
1213,61,train,TRAINNING_DATA/Person62/output_9.jpg,/Users/phamtunglam/Documents/Projects/mSigLIP/code/VN3K/imgs/TRAINNING_DATA/Person62/output_9.jpg,/Users/phamtunglam/Documents/Projects/mSigLIP/code/artifacts/deployment/qnn_inputs/vn3k_train_calib_2000/raw/01213_pid61_TRAINNING_DATA_Person62_output_9.raw,84,303
1214,333,train,HoGuom_00/00334_00010655.jpg,/Users/phamtunglam/Documents/Projects/mSigLIP/code/VN3K/imgs/HoGuom_00/00334_00010655.jpg,/Users/phamtunglam/Documents/Projects/mSigLIP/code/artifacts/deployment/qnn_inputs/vn3k_train_calib_2000/raw/01214_pid333_HoGuom_00_00334_00010655.raw,205,540
1215,1043,train,HoGuom_01/01044_00000390.jpg,/Users/phamtunglam/Documents/Projects/mSigLIP/code/VN3K/imgs/HoGuom_01/01044_00000390.jpg,/Users/phamtunglam/Documents/Projects/mSigLIP/code/artifacts/deployment/qnn_inputs/vn3k_train_calib_2000/raw/01215_pid1043_HoGuom_01_01044_00000390.raw,103,268
1216,1407,train,HoGuom_01/01408_1.jpg,/Users/phamtunglam/Documents/Projects/mSigLIP/code/VN3K/imgs/HoGuom_01/01408_1.jpg,/Users/phamtunglam/Documents/Projects/mSigLIP/code/artifacts/deployment/qnn_inputs/vn3k_train_calib_2000/raw/01216_pid1407_HoGuom_01_01408_1.raw,101,261
1217,52,train,TEST_DATA/Person53.2/output_9.jpg,/Users/phamtunglam/Documents/Projects/mSigLIP/code/VN3K/imgs/TEST_DATA/Person53.2/output_9.jpg,/Users/phamtunglam/Documents/Projects/mSigLIP/code/artifacts/deployment/qnn_inputs/vn3k_train_calib_2000/raw/01217_pid52_TEST_DATA_Person53.2_output_9.raw,114,275
1218,1741,train,DHHN_HVBCVT_00/01742_00011055.jpg,/Users/phamtunglam/Documents/Projects/mSigLIP/code/VN3K/imgs/DHHN_HVBCVT_00/01742_00011055.jpg,/Users/phamtunglam/Documents/Projects/mSigLIP/code/artifacts/deployment/qnn_inputs/vn3k_train_calib_2000/raw/01218_pid1741_DHHN_HVBCVT_00_01742_00011055.raw,224,681
1219,107,train,HoGuom_00/00108_00001880.jpg,/Users/phamtunglam/Documents/Projects/mSigLIP/code/VN3K/imgs/HoGuom_00/00108_00001880.jpg,/Users/phamtunglam/Documents/Projects/mSigLIP/code/artifacts/deployment/qnn_inputs/vn3k_train_calib_2000/raw/01219_pid107_HoGuom_00_00108_00001880.raw,76,216
1220,1982,train,DHGTVT_00/01983_00031000.jpg,/Users/phamtunglam/Documents/Projects/mSigLIP/code/VN3K/imgs/DHGTVT_00/01983_00031000.jpg,/Users/phamtunglam/Documents/Projects/mSigLIP/code/artifacts/deployment/qnn_inputs/vn3k_train_calib_2000/raw/01220_pid1982_DHGTVT_00_01983_00031000.raw,176,406
1221,51,train,TEST_DATA/Person52.2/output_6.jpg,/Users/phamtunglam/Documents/Projects/mSigLIP/code/VN3K/imgs/TEST_DATA/Person52.2/output_6.jpg,/Users/phamtunglam/Documents/Projects/mSigLIP/code/artifacts/deployment/qnn_inputs/vn3k_train_calib_2000/raw/01221_pid51_TEST_DATA_Person52.2_output_6.raw,99,249
1222,1829,train,DHHN_HVBCVT_00/01830_00026685.jpg,/Users/phamtunglam/Documents/Projects/mSigLIP/code/VN3K/imgs/DHHN_HVBCVT_00/01830_00026685.jpg,/Users/phamtunglam/Documents/Projects/mSigLIP/code/artifacts/deployment/qnn_inputs/vn3k_train_calib_2000/raw/01222_pid1829_DHHN_HVBCVT_00_01830_00026685.raw,74,204
1223,26,train,TEST_DATA/Person27.2/output_6.jpg,/Users/phamtunglam/Documents/Projects/mSigLIP/code/VN3K/imgs/TEST_DATA/Person27.2/output_6.jpg,/Users/phamtunglam/Documents/Projects/mSigLIP/code/artifacts/deployment/qnn_inputs/vn3k_train_calib_2000/raw/01223_pid26_TEST_DATA_Person27.2_output_6.raw,119,240
1224,374,train,HoGuom_00/00375_00012725.jpg,/Users/phamtunglam/Documents/Projects/mSigLIP/code/VN3K/imgs/HoGuom_00/00375_00012725.jpg,/Users/phamtunglam/Documents/Projects/mSigLIP/code/artifacts/deployment/qnn_inputs/vn3k_train_calib_2000/raw/01224_pid374_HoGuom_00_00375_00012725.raw,172,471
1225,949,train,HoGuom_01/00950_00002130.jpg,/Users/phamtunglam/Documents/Projects/mSigLIP/code/VN3K/imgs/HoGuom_01/00950_00002130.jpg,/Users/phamtunglam/Documents/Projects/mSigLIP/code/artifacts/deployment/qnn_inputs/vn3k_train_calib_2000/raw/01225_pid949_HoGuom_01_00950_00002130.raw,66,184
1226,506,train,HoGuom_00/00507_00001005.jpg,/Users/phamtunglam/Documents/Projects/mSigLIP/code/VN3K/imgs/HoGuom_00/00507_00001005.jpg,/Users/phamtunglam/Documents/Projects/mSigLIP/code/artifacts/deployment/qnn_inputs/vn3k_train_calib_2000/raw/01226_pid506_HoGuom_00_00507_00001005.raw,77,172
1227,1026,train,HoGuom_01/01027_00010275.jpg,/Users/phamtunglam/Documents/Projects/mSigLIP/code/VN3K/imgs/HoGuom_01/01027_00010275.jpg,/Users/phamtunglam/Documents/Projects/mSigLIP/code/artifacts/deployment/qnn_inputs/vn3k_train_calib_2000/raw/01227_pid1026_HoGuom_01_01027_00010275.raw,85,225
1228,481,train,HoGuom_00/00482_00017220.jpg,/Users/phamtunglam/Documents/Projects/mSigLIP/code/VN3K/imgs/HoGuom_00/00482_00017220.jpg,/Users/phamtunglam/Documents/Projects/mSigLIP/code/artifacts/deployment/qnn_inputs/vn3k_train_calib_2000/raw/01228_pid481_HoGuom_00_00482_00017220.raw,95,294
1229,358,train,HoGuom_00/00359_00012245.jpg,/Users/phamtunglam/Documents/Projects/mSigLIP/code/VN3K/imgs/HoGuom_00/00359_00012245.jpg,/Users/phamtunglam/Documents/Projects/mSigLIP/code/artifacts/deployment/qnn_inputs/vn3k_train_calib_2000/raw/01229_pid358_HoGuom_00_00359_00012245.raw,260,517
1230,860,train,HoGuom_01/00861_00010125.jpg,/Users/phamtunglam/Documents/Projects/mSigLIP/code/VN3K/imgs/HoGuom_01/00861_00010125.jpg,/Users/phamtunglam/Documents/Projects/mSigLIP/code/artifacts/deployment/qnn_inputs/vn3k_train_calib_2000/raw/01230_pid860_HoGuom_01_00861_00010125.raw,184,438
1231,20,train,TEST_DATA/Person21.2/output_6.jpg,/Users/phamtunglam/Documents/Projects/mSigLIP/code/VN3K/imgs/TEST_DATA/Person21.2/output_6.jpg,/Users/phamtunglam/Documents/Projects/mSigLIP/code/artifacts/deployment/qnn_inputs/vn3k_train_calib_2000/raw/01231_pid20_TEST_DATA_Person21.2_output_6.raw,86,277
1232,703,train,HoGuom_00/00704_00010690.jpg,/Users/phamtunglam/Documents/Projects/mSigLIP/code/VN3K/imgs/HoGuom_00/00704_00010690.jpg,/Users/phamtunglam/Documents/Projects/mSigLIP/code/artifacts/deployment/qnn_inputs/vn3k_train_calib_2000/raw/01232_pid703_HoGuom_00_00704_00010690.raw,78,217
1233,1718,train,DHHN_HVBCVT_00/01719_00010230.jpg,/Users/phamtunglam/Documents/Projects/mSigLIP/code/VN3K/imgs/DHHN_HVBCVT_00/01719_00010230.jpg,/Users/phamtunglam/Documents/Projects/mSigLIP/code/artifacts/deployment/qnn_inputs/vn3k_train_calib_2000/raw/01233_pid1718_DHHN_HVBCVT_00_01719_00010230.raw,65,153
1234,1628,train,DHHN_HVBCVT_00/01629_00029325.jpg,/Users/phamtunglam/Documents/Projects/mSigLIP/code/VN3K/imgs/DHHN_HVBCVT_00/01629_00029325.jpg,/Users/phamtunglam/Documents/Projects/mSigLIP/code/artifacts/deployment/qnn_inputs/vn3k_train_calib_2000/raw/01234_pid1628_DHHN_HVBCVT_00_01629_00029325.raw,105,346
1235,539,train,HoGuom_00/00540_00003730.jpg,/Users/phamtunglam/Documents/Projects/mSigLIP/code/VN3K/imgs/HoGuom_00/00540_00003730.jpg,/Users/phamtunglam/Documents/Projects/mSigLIP/code/artifacts/deployment/qnn_inputs/vn3k_train_calib_2000/raw/01235_pid539_HoGuom_00_00540_00003730.raw,184,528
1236,1360,train,HoGuom_01/01361_00008340.jpg,/Users/phamtunglam/Documents/Projects/mSigLIP/code/VN3K/imgs/HoGuom_01/01361_00008340.jpg,/Users/phamtunglam/Documents/Projects/mSigLIP/code/artifacts/deployment/qnn_inputs/vn3k_train_calib_2000/raw/01236_pid1360_HoGuom_01_01361_00008340.raw,130,370
1237,57,train,TRAINNING_DATA/Person58/output_6.jpg,/Users/phamtunglam/Documents/Projects/mSigLIP/code/VN3K/imgs/TRAINNING_DATA/Person58/output_6.jpg,/Users/phamtunglam/Documents/Projects/mSigLIP/code/artifacts/deployment/qnn_inputs/vn3k_train_calib_2000/raw/01237_pid57_TRAINNING_DATA_Person58_output_6.raw,133,306
1238,522,train,HoGuom_00/00523_00002410.jpg,/Users/phamtunglam/Documents/Projects/mSigLIP/code/VN3K/imgs/HoGuom_00/00523_00002410.jpg,/Users/phamtunglam/Documents/Projects/mSigLIP/code/artifacts/deployment/qnn_inputs/vn3k_train_calib_2000/raw/01238_pid522_HoGuom_00_00523_00002410.raw,268,663
1239,1484,train,HoGuom_01/01485_1.jpg,/Users/phamtunglam/Documents/Projects/mSigLIP/code/VN3K/imgs/HoGuom_01/01485_1.jpg,/Users/phamtunglam/Documents/Projects/mSigLIP/code/artifacts/deployment/qnn_inputs/vn3k_train_calib_2000/raw/01239_pid1484_HoGuom_01_01485_1.raw,108,330
1240,344,train,HoGuom_00/00345_00011375.jpg,/Users/phamtunglam/Documents/Projects/mSigLIP/code/VN3K/imgs/HoGuom_00/00345_00011375.jpg,/Users/phamtunglam/Documents/Projects/mSigLIP/code/artifacts/deployment/qnn_inputs/vn3k_train_calib_2000/raw/01240_pid344_HoGuom_00_00345_00011375.raw,109,292
1241,351,train,HoGuom_00/00352_00011775.jpg,/Users/phamtunglam/Documents/Projects/mSigLIP/code/VN3K/imgs/HoGuom_00/00352_00011775.jpg,/Users/phamtunglam/Documents/Projects/mSigLIP/code/artifacts/deployment/qnn_inputs/vn3k_train_calib_2000/raw/01241_pid351_HoGuom_00_00352_00011775.raw,83,236
1242,1937,train,DHGTVT_00/01938_00010840.jpg,/Users/phamtunglam/Documents/Projects/mSigLIP/code/VN3K/imgs/DHGTVT_00/01938_00010840.jpg,/Users/phamtunglam/Documents/Projects/mSigLIP/code/artifacts/deployment/qnn_inputs/vn3k_train_calib_2000/raw/01242_pid1937_DHGTVT_00_01938_00010840.raw,111,309
1243,1114,train,DHHN_HVBCVT_00/01543_00015645.jpg,/Users/phamtunglam/Documents/Projects/mSigLIP/code/VN3K/imgs/DHHN_HVBCVT_00/01543_00015645.jpg,/Users/phamtunglam/Documents/Projects/mSigLIP/code/artifacts/deployment/qnn_inputs/vn3k_train_calib_2000/raw/01243_pid1114_DHHN_HVBCVT_00_01543_00015645.raw,65,164
1244,30,train,TRAINNING_DATA/Person31/output_9.jpg,/Users/phamtunglam/Documents/Projects/mSigLIP/code/VN3K/imgs/TRAINNING_DATA/Person31/output_9.jpg,/Users/phamtunglam/Documents/Projects/mSigLIP/code/artifacts/deployment/qnn_inputs/vn3k_train_calib_2000/raw/01244_pid30_TRAINNING_DATA_Person31_output_9.raw,154,293
1245,967,train,HoGuom_01/00968_00006705.jpg,/Users/phamtunglam/Documents/Projects/mSigLIP/code/VN3K/imgs/HoGuom_01/00968_00006705.jpg,/Users/phamtunglam/Documents/Projects/mSigLIP/code/artifacts/deployment/qnn_inputs/vn3k_train_calib_2000/raw/01245_pid967_HoGuom_01_00968_00006705.raw,166,424
1246,1002,train,HoGuom_01/01003_00001515.jpg,/Users/phamtunglam/Documents/Projects/mSigLIP/code/VN3K/imgs/HoGuom_01/01003_00001515.jpg,/Users/phamtunglam/Documents/Projects/mSigLIP/code/artifacts/deployment/qnn_inputs/vn3k_train_calib_2000/raw/01246_pid1002_HoGuom_01_01003_00001515.raw,64,172
1247,1875,train,DHGTVT_00/01876_00004730.jpg,/Users/phamtunglam/Documents/Projects/mSigLIP/code/VN3K/imgs/DHGTVT_00/01876_00004730.jpg,/Users/phamtunglam/Documents/Projects/mSigLIP/code/artifacts/deployment/qnn_inputs/vn3k_train_calib_2000/raw/01247_pid1875_DHGTVT_00_01876_00004730.raw,109,290
1248,1910,train,DHGTVT_00/01911_00008230.jpg,/Users/phamtunglam/Documents/Projects/mSigLIP/code/VN3K/imgs/DHGTVT_00/01911_00008230.jpg,/Users/phamtunglam/Documents/Projects/mSigLIP/code/artifacts/deployment/qnn_inputs/vn3k_train_calib_2000/raw/01248_pid1910_DHGTVT_00_01911_00008230.raw,95,257
1249,1693,train,DHHN_HVBCVT_00/01694_00004260.jpg,/Users/phamtunglam/Documents/Projects/mSigLIP/code/VN3K/imgs/DHHN_HVBCVT_00/01694_00004260.jpg,/Users/phamtunglam/Documents/Projects/mSigLIP/code/artifacts/deployment/qnn_inputs/vn3k_train_calib_2000/raw/01249_pid1693_DHHN_HVBCVT_00_01694_00004260.raw,78,236
1250,88,train,HoGuom_00/00089_00000665.jpg,/Users/phamtunglam/Documents/Projects/mSigLIP/code/VN3K/imgs/HoGuom_00/00089_00000665.jpg,/Users/phamtunglam/Documents/Projects/mSigLIP/code/artifacts/deployment/qnn_inputs/vn3k_train_calib_2000/raw/01250_pid88_HoGuom_00_00089_00000665.raw,301,509
1251,112,train,HoGuom_00/00113_00002060.jpg,/Users/phamtunglam/Documents/Projects/mSigLIP/code/VN3K/imgs/HoGuom_00/00113_00002060.jpg,/Users/phamtunglam/Documents/Projects/mSigLIP/code/artifacts/deployment/qnn_inputs/vn3k_train_calib_2000/raw/01251_pid112_HoGuom_00_00113_00002060.raw,89,298
1252,851,train,HoGuom_01/00852_00009915.jpg,/Users/phamtunglam/Documents/Projects/mSigLIP/code/VN3K/imgs/HoGuom_01/00852_00009915.jpg,/Users/phamtunglam/Documents/Projects/mSigLIP/code/artifacts/deployment/qnn_inputs/vn3k_train_calib_2000/raw/01252_pid851_HoGuom_01_00852_00009915.raw,86,259
1253,1470,train,HoGuom_01/01471_1.jpg,/Users/phamtunglam/Documents/Projects/mSigLIP/code/VN3K/imgs/HoGuom_01/01471_1.jpg,/Users/phamtunglam/Documents/Projects/mSigLIP/code/artifacts/deployment/qnn_inputs/vn3k_train_calib_2000/raw/01253_pid1470_HoGuom_01_01471_1.raw,112,274
1254,43,train,TRAINNING_DATA/Person44/output_6.jpg,/Users/phamtunglam/Documents/Projects/mSigLIP/code/VN3K/imgs/TRAINNING_DATA/Person44/output_6.jpg,/Users/phamtunglam/Documents/Projects/mSigLIP/code/artifacts/deployment/qnn_inputs/vn3k_train_calib_2000/raw/01254_pid43_TRAINNING_DATA_Person44_output_6.raw,129,255
1255,1725,train,DHHN_HVBCVT_00/01726_00012630.jpg,/Users/phamtunglam/Documents/Projects/mSigLIP/code/VN3K/imgs/DHHN_HVBCVT_00/01726_00012630.jpg,/Users/phamtunglam/Documents/Projects/mSigLIP/code/artifacts/deployment/qnn_inputs/vn3k_train_calib_2000/raw/01255_pid1725_DHHN_HVBCVT_00_01726_00012630.raw,126,291
1256,941,train,HoGuom_01/00942_00000180.jpg,/Users/phamtunglam/Documents/Projects/mSigLIP/code/VN3K/imgs/HoGuom_01/00942_00000180.jpg,/Users/phamtunglam/Documents/Projects/mSigLIP/code/artifacts/deployment/qnn_inputs/vn3k_train_calib_2000/raw/01256_pid941_HoGuom_01_00942_00000180.raw,68,182
1257,1163,train,HoGuom_01/01164_00000870.jpg,/Users/phamtunglam/Documents/Projects/mSigLIP/code/VN3K/imgs/HoGuom_01/01164_00000870.jpg,/Users/phamtunglam/Documents/Projects/mSigLIP/code/artifacts/deployment/qnn_inputs/vn3k_train_calib_2000/raw/01257_pid1163_HoGuom_01_01164_00000870.raw,66,101
1258,981,train,HoGuom_01/00982_00006660.jpg,/Users/phamtunglam/Documents/Projects/mSigLIP/code/VN3K/imgs/HoGuom_01/00982_00006660.jpg,/Users/phamtunglam/Documents/Projects/mSigLIP/code/artifacts/deployment/qnn_inputs/vn3k_train_calib_2000/raw/01258_pid981_HoGuom_01_00982_00006660.raw,198,376
1259,1344,train,HoGuom_01/01345_00005625.jpg,/Users/phamtunglam/Documents/Projects/mSigLIP/code/VN3K/imgs/HoGuom_01/01345_00005625.jpg,/Users/phamtunglam/Documents/Projects/mSigLIP/code/artifacts/deployment/qnn_inputs/vn3k_train_calib_2000/raw/01259_pid1344_HoGuom_01_01345_00005625.raw,131,393
1260,1103,train,HoGuom_01/01104_00001065.jpg,/Users/phamtunglam/Documents/Projects/mSigLIP/code/VN3K/imgs/HoGuom_01/01104_00001065.jpg,/Users/phamtunglam/Documents/Projects/mSigLIP/code/artifacts/deployment/qnn_inputs/vn3k_train_calib_2000/raw/01260_pid1103_HoGuom_01_01104_00001065.raw,195,489
1261,1727,train,DHHN_HVBCVT_00/01728_00012780.jpg,/Users/phamtunglam/Documents/Projects/mSigLIP/code/VN3K/imgs/DHHN_HVBCVT_00/01728_00012780.jpg,/Users/phamtunglam/Documents/Projects/mSigLIP/code/artifacts/deployment/qnn_inputs/vn3k_train_calib_2000/raw/01261_pid1727_DHHN_HVBCVT_00_01728_00012780.raw,89,293
1262,1184,train,HoGuom_01/01185_00002820.jpg,/Users/phamtunglam/Documents/Projects/mSigLIP/code/VN3K/imgs/HoGuom_01/01185_00002820.jpg,/Users/phamtunglam/Documents/Projects/mSigLIP/code/artifacts/deployment/qnn_inputs/vn3k_train_calib_2000/raw/01262_pid1184_HoGuom_01_01185_00002820.raw,178,558
1263,223,train,HoGuom_00/00224_00006205.jpg,/Users/phamtunglam/Documents/Projects/mSigLIP/code/VN3K/imgs/HoGuom_00/00224_00006205.jpg,/Users/phamtunglam/Documents/Projects/mSigLIP/code/artifacts/deployment/qnn_inputs/vn3k_train_calib_2000/raw/01263_pid223_HoGuom_00_00224_00006205.raw,268,681
1264,1143,train,HoGuom_01/01144_00004050.jpg,/Users/phamtunglam/Documents/Projects/mSigLIP/code/VN3K/imgs/HoGuom_01/01144_00004050.jpg,/Users/phamtunglam/Documents/Projects/mSigLIP/code/artifacts/deployment/qnn_inputs/vn3k_train_calib_2000/raw/01264_pid1143_HoGuom_01_01144_00004050.raw,96,222
1265,843,train,HoGuom_01/00844_00006645.jpg,/Users/phamtunglam/Documents/Projects/mSigLIP/code/VN3K/imgs/HoGuom_01/00844_00006645.jpg,/Users/phamtunglam/Documents/Projects/mSigLIP/code/artifacts/deployment/qnn_inputs/vn3k_train_calib_2000/raw/01265_pid843_HoGuom_01_00844_00006645.raw,103,243
1266,59,train,TRAINNING_DATA/Person60/output_2.jpg,/Users/phamtunglam/Documents/Projects/mSigLIP/code/VN3K/imgs/TRAINNING_DATA/Person60/output_2.jpg,/Users/phamtunglam/Documents/Projects/mSigLIP/code/artifacts/deployment/qnn_inputs/vn3k_train_calib_2000/raw/01266_pid59_TRAINNING_DATA_Person60_output_2.raw,167,315
1267,1838,train,DHHN_HVBCVT_00/01839_00030945.jpg,/Users/phamtunglam/Documents/Projects/mSigLIP/code/VN3K/imgs/DHHN_HVBCVT_00/01839_00030945.jpg,/Users/phamtunglam/Documents/Projects/mSigLIP/code/artifacts/deployment/qnn_inputs/vn3k_train_calib_2000/raw/01267_pid1838_DHHN_HVBCVT_00_01839_00030945.raw,72,204
1268,57,train,TEST_DATA/Person58.2/output_9.jpg,/Users/phamtunglam/Documents/Projects/mSigLIP/code/VN3K/imgs/TEST_DATA/Person58.2/output_9.jpg,/Users/phamtunglam/Documents/Projects/mSigLIP/code/artifacts/deployment/qnn_inputs/vn3k_train_calib_2000/raw/01268_pid57_TEST_DATA_Person58.2_output_9.raw,91,232
1269,1112,train,HoGuom_01/01113_00001455.jpg,/Users/phamtunglam/Documents/Projects/mSigLIP/code/VN3K/imgs/HoGuom_01/01113_00001455.jpg,/Users/phamtunglam/Documents/Projects/mSigLIP/code/artifacts/deployment/qnn_inputs/vn3k_train_calib_2000/raw/01269_pid1112_HoGuom_01_01113_00001455.raw,89,210
1270,862,train,HoGuom_01/00863_00010410.jpg,/Users/phamtunglam/Documents/Projects/mSigLIP/code/VN3K/imgs/HoGuom_01/00863_00010410.jpg,/Users/phamtunglam/Documents/Projects/mSigLIP/code/artifacts/deployment/qnn_inputs/vn3k_train_calib_2000/raw/01270_pid862_HoGuom_01_00863_00010410.raw,90,251
1271,1736,train,DHHN_HVBCVT_00/01737_00009180.jpg,/Users/phamtunglam/Documents/Projects/mSigLIP/code/VN3K/imgs/DHHN_HVBCVT_00/01737_00009180.jpg,/Users/phamtunglam/Documents/Projects/mSigLIP/code/artifacts/deployment/qnn_inputs/vn3k_train_calib_2000/raw/01271_pid1736_DHHN_HVBCVT_00_01737_00009180.raw,69,173
1272,904,train,HoGuom_01/00905_00001425.jpg,/Users/phamtunglam/Documents/Projects/mSigLIP/code/VN3K/imgs/HoGuom_01/00905_00001425.jpg,/Users/phamtunglam/Documents/Projects/mSigLIP/code/artifacts/deployment/qnn_inputs/vn3k_train_calib_2000/raw/01272_pid904_HoGuom_01_00905_00001425.raw,87,240
1273,1798,train,DHHN_HVBCVT_00/01799_00001965.jpg,/Users/phamtunglam/Documents/Projects/mSigLIP/code/VN3K/imgs/DHHN_HVBCVT_00/01799_00001965.jpg,/Users/phamtunglam/Documents/Projects/mSigLIP/code/artifacts/deployment/qnn_inputs/vn3k_train_calib_2000/raw/01273_pid1798_DHHN_HVBCVT_00_01799_00001965.raw,75,200
1274,410,train,HoGuom_00/00411_00013800.jpg,/Users/phamtunglam/Documents/Projects/mSigLIP/code/VN3K/imgs/HoGuom_00/00411_00013800.jpg,/Users/phamtunglam/Documents/Projects/mSigLIP/code/artifacts/deployment/qnn_inputs/vn3k_train_calib_2000/raw/01274_pid410_HoGuom_00_00411_00013800.raw,73,200
1275,91,train,HoGuom_00/00092_00000755.jpg,/Users/phamtunglam/Documents/Projects/mSigLIP/code/VN3K/imgs/HoGuom_00/00092_00000755.jpg,/Users/phamtunglam/Documents/Projects/mSigLIP/code/artifacts/deployment/qnn_inputs/vn3k_train_calib_2000/raw/01275_pid91_HoGuom_00_00092_00000755.raw,101,273
1276,783,train,HoGuom_01/00785_00001230.jpg,/Users/phamtunglam/Documents/Projects/mSigLIP/code/VN3K/imgs/HoGuom_01/00785_00001230.jpg,/Users/phamtunglam/Documents/Projects/mSigLIP/code/artifacts/deployment/qnn_inputs/vn3k_train_calib_2000/raw/01276_pid783_HoGuom_01_00785_00001230.raw,134,266
1277,629,train,HoGuom_00/00630_00007330.jpg,/Users/phamtunglam/Documents/Projects/mSigLIP/code/VN3K/imgs/HoGuom_00/00630_00007330.jpg,/Users/phamtunglam/Documents/Projects/mSigLIP/code/artifacts/deployment/qnn_inputs/vn3k_train_calib_2000/raw/01277_pid629_HoGuom_00_00630_00007330.raw,121,325
1278,1316,train,HoGuom_01/01317_00006165.jpg,/Users/phamtunglam/Documents/Projects/mSigLIP/code/VN3K/imgs/HoGuom_01/01317_00006165.jpg,/Users/phamtunglam/Documents/Projects/mSigLIP/code/artifacts/deployment/qnn_inputs/vn3k_train_calib_2000/raw/01278_pid1316_HoGuom_01_01317_00006165.raw,293,817
1279,1792,train,DHHN_HVBCVT_00/01793_00001170.jpg,/Users/phamtunglam/Documents/Projects/mSigLIP/code/VN3K/imgs/DHHN_HVBCVT_00/01793_00001170.jpg,/Users/phamtunglam/Documents/Projects/mSigLIP/code/artifacts/deployment/qnn_inputs/vn3k_train_calib_2000/raw/01279_pid1792_DHHN_HVBCVT_00_01793_00001170.raw,78,239
1280,152,train,HoGuom_00/00153_00003465.jpg,/Users/phamtunglam/Documents/Projects/mSigLIP/code/VN3K/imgs/HoGuom_00/00153_00003465.jpg,/Users/phamtunglam/Documents/Projects/mSigLIP/code/artifacts/deployment/qnn_inputs/vn3k_train_calib_2000/raw/01280_pid152_HoGuom_00_00153_00003465.raw,220,687
1281,621,train,HoGuom_00/00622_00007305.jpg,/Users/phamtunglam/Documents/Projects/mSigLIP/code/VN3K/imgs/HoGuom_00/00622_00007305.jpg,/Users/phamtunglam/Documents/Projects/mSigLIP/code/artifacts/deployment/qnn_inputs/vn3k_train_calib_2000/raw/01281_pid621_HoGuom_00_00622_00007305.raw,148,293
1282,837,train,HoGuom_01/00838_00008625.jpg,/Users/phamtunglam/Documents/Projects/mSigLIP/code/VN3K/imgs/HoGuom_01/00838_00008625.jpg,/Users/phamtunglam/Documents/Projects/mSigLIP/code/artifacts/deployment/qnn_inputs/vn3k_train_calib_2000/raw/01282_pid837_HoGuom_01_00838_00008625.raw,113,297
1283,527,train,HoGuom_00/00528_00002930.jpg,/Users/phamtunglam/Documents/Projects/mSigLIP/code/VN3K/imgs/HoGuom_00/00528_00002930.jpg,/Users/phamtunglam/Documents/Projects/mSigLIP/code/artifacts/deployment/qnn_inputs/vn3k_train_calib_2000/raw/01283_pid527_HoGuom_00_00528_00002930.raw,85,161
1284,1902,train,DHGTVT_00/01903_00007020.jpg,/Users/phamtunglam/Documents/Projects/mSigLIP/code/VN3K/imgs/DHGTVT_00/01903_00007020.jpg,/Users/phamtunglam/Documents/Projects/mSigLIP/code/artifacts/deployment/qnn_inputs/vn3k_train_calib_2000/raw/01284_pid1902_DHGTVT_00_01903_00007020.raw,101,287
1285,807,train,HoGuom_01/00808_00003120.jpg,/Users/phamtunglam/Documents/Projects/mSigLIP/code/VN3K/imgs/HoGuom_01/00808_00003120.jpg,/Users/phamtunglam/Documents/Projects/mSigLIP/code/artifacts/deployment/qnn_inputs/vn3k_train_calib_2000/raw/01285_pid807_HoGuom_01_00808_00003120.raw,99,281
1286,814,train,HoGuom_01/00815_00004185.jpg,/Users/phamtunglam/Documents/Projects/mSigLIP/code/VN3K/imgs/HoGuom_01/00815_00004185.jpg,/Users/phamtunglam/Documents/Projects/mSigLIP/code/artifacts/deployment/qnn_inputs/vn3k_train_calib_2000/raw/01286_pid814_HoGuom_01_00815_00004185.raw,79,146
1287,512,train,HoGuom_00/00513_00001700.jpg,/Users/phamtunglam/Documents/Projects/mSigLIP/code/VN3K/imgs/HoGuom_00/00513_00001700.jpg,/Users/phamtunglam/Documents/Projects/mSigLIP/code/artifacts/deployment/qnn_inputs/vn3k_train_calib_2000/raw/01287_pid512_HoGuom_00_00513_00001700.raw,66,174
1288,712,train,HoGuom_00/00713_00011470.jpg,/Users/phamtunglam/Documents/Projects/mSigLIP/code/VN3K/imgs/HoGuom_00/00713_00011470.jpg,/Users/phamtunglam/Documents/Projects/mSigLIP/code/artifacts/deployment/qnn_inputs/vn3k_train_calib_2000/raw/01288_pid712_HoGuom_00_00713_00011470.raw,162,465
1289,1852,train,DHGTVT_00/01853_00003560.jpg,/Users/phamtunglam/Documents/Projects/mSigLIP/code/VN3K/imgs/DHGTVT_00/01853_00003560.jpg,/Users/phamtunglam/Documents/Projects/mSigLIP/code/artifacts/deployment/qnn_inputs/vn3k_train_calib_2000/raw/01289_pid1852_DHGTVT_00_01853_00003560.raw,137,340
1290,827,train,HoGuom_01/00828_00006810.jpg,/Users/phamtunglam/Documents/Projects/mSigLIP/code/VN3K/imgs/HoGuom_01/00828_00006810.jpg,/Users/phamtunglam/Documents/Projects/mSigLIP/code/artifacts/deployment/qnn_inputs/vn3k_train_calib_2000/raw/01290_pid827_HoGuom_01_00828_00006810.raw,87,210
1291,873,train,HoGuom_01/00874_00014940.jpg,/Users/phamtunglam/Documents/Projects/mSigLIP/code/VN3K/imgs/HoGuom_01/00874_00014940.jpg,/Users/phamtunglam/Documents/Projects/mSigLIP/code/artifacts/deployment/qnn_inputs/vn3k_train_calib_2000/raw/01291_pid873_HoGuom_01_00874_00014940.raw,83,241
1292,569,train,HoGuom_00/00570_00005520.jpg,/Users/phamtunglam/Documents/Projects/mSigLIP/code/VN3K/imgs/HoGuom_00/00570_00005520.jpg,/Users/phamtunglam/Documents/Projects/mSigLIP/code/artifacts/deployment/qnn_inputs/vn3k_train_calib_2000/raw/01292_pid569_HoGuom_00_00570_00005520.raw,93,286
1293,1719,train,DHHN_HVBCVT_00/01720_00011280.jpg,/Users/phamtunglam/Documents/Projects/mSigLIP/code/VN3K/imgs/DHHN_HVBCVT_00/01720_00011280.jpg,/Users/phamtunglam/Documents/Projects/mSigLIP/code/artifacts/deployment/qnn_inputs/vn3k_train_calib_2000/raw/01293_pid1719_DHHN_HVBCVT_00_01720_00011280.raw,115,292
1294,243,train,HoGuom_00/00244_00007680.jpg,/Users/phamtunglam/Documents/Projects/mSigLIP/code/VN3K/imgs/HoGuom_00/00244_00007680.jpg,/Users/phamtunglam/Documents/Projects/mSigLIP/code/artifacts/deployment/qnn_inputs/vn3k_train_calib_2000/raw/01294_pid243_HoGuom_00_00244_00007680.raw,89,242
1295,15,train,TRAINNING_DATA/Person16/output_6.jpg,/Users/phamtunglam/Documents/Projects/mSigLIP/code/VN3K/imgs/TRAINNING_DATA/Person16/output_6.jpg,/Users/phamtunglam/Documents/Projects/mSigLIP/code/artifacts/deployment/qnn_inputs/vn3k_train_calib_2000/raw/01295_pid15_TRAINNING_DATA_Person16_output_6.raw,97,290
1296,1568,train,DHHN_HVBCVT_00/01569_00002115.jpg,/Users/phamtunglam/Documents/Projects/mSigLIP/code/VN3K/imgs/DHHN_HVBCVT_00/01569_00002115.jpg,/Users/phamtunglam/Documents/Projects/mSigLIP/code/artifacts/deployment/qnn_inputs/vn3k_train_calib_2000/raw/01296_pid1568_DHHN_HVBCVT_00_01569_00002115.raw,151,345
1297,1560,train,DHHN_HVBCVT_00/01561_00001005.jpg,/Users/phamtunglam/Documents/Projects/mSigLIP/code/VN3K/imgs/DHHN_HVBCVT_00/01561_00001005.jpg,/Users/phamtunglam/Documents/Projects/mSigLIP/code/artifacts/deployment/qnn_inputs/vn3k_train_calib_2000/raw/01297_pid1560_DHHN_HVBCVT_00_01561_00001005.raw,94,330
1298,927,train,HoGuom_01/00928_00008221.jpg,/Users/phamtunglam/Documents/Projects/mSigLIP/code/VN3K/imgs/HoGuom_01/00928_00008221.jpg,/Users/phamtunglam/Documents/Projects/mSigLIP/code/artifacts/deployment/qnn_inputs/vn3k_train_calib_2000/raw/01298_pid927_HoGuom_01_00928_00008221.raw,118,269
1299,1396,train,HoGuom_01/01397_2.jpg,/Users/phamtunglam/Documents/Projects/mSigLIP/code/VN3K/imgs/HoGuom_01/01397_2.jpg,/Users/phamtunglam/Documents/Projects/mSigLIP/code/artifacts/deployment/qnn_inputs/vn3k_train_calib_2000/raw/01299_pid1396_HoGuom_01_01397_2.raw,121,412
1300,886,train,HoGuom_01/00887_00013470.jpg,/Users/phamtunglam/Documents/Projects/mSigLIP/code/VN3K/imgs/HoGuom_01/00887_00013470.jpg,/Users/phamtunglam/Documents/Projects/mSigLIP/code/artifacts/deployment/qnn_inputs/vn3k_train_calib_2000/raw/01300_pid886_HoGuom_01_00887_00013470.raw,101,273
1301,747,train,HoGuom_00/00748_00012715.jpg,/Users/phamtunglam/Documents/Projects/mSigLIP/code/VN3K/imgs/HoGuom_00/00748_00012715.jpg,/Users/phamtunglam/Documents/Projects/mSigLIP/code/artifacts/deployment/qnn_inputs/vn3k_train_calib_2000/raw/01301_pid747_HoGuom_00_00748_00012715.raw,200,426
1302,48,train,TRAINNING_DATA/Person49/output_2.jpg,/Users/phamtunglam/Documents/Projects/mSigLIP/code/VN3K/imgs/TRAINNING_DATA/Person49/output_2.jpg,/Users/phamtunglam/Documents/Projects/mSigLIP/code/artifacts/deployment/qnn_inputs/vn3k_train_calib_2000/raw/01302_pid48_TRAINNING_DATA_Person49_output_2.raw,126,276
1303,354,train,HoGuom_00/00355_00011905.jpg,/Users/phamtunglam/Documents/Projects/mSigLIP/code/VN3K/imgs/HoGuom_00/00355_00011905.jpg,/Users/phamtunglam/Documents/Projects/mSigLIP/code/artifacts/deployment/qnn_inputs/vn3k_train_calib_2000/raw/01303_pid354_HoGuom_00_00355_00011905.raw,125,253
1304,953,train,HoGuom_01/00954_00003600.jpg,/Users/phamtunglam/Documents/Projects/mSigLIP/code/VN3K/imgs/HoGuom_01/00954_00003600.jpg,/Users/phamtunglam/Documents/Projects/mSigLIP/code/artifacts/deployment/qnn_inputs/vn3k_train_calib_2000/raw/01304_pid953_HoGuom_01_00954_00003600.raw,73,222
1305,814,train,HoGuom_01/00815_00004155.jpg,/Users/phamtunglam/Documents/Projects/mSigLIP/code/VN3K/imgs/HoGuom_01/00815_00004155.jpg,/Users/phamtunglam/Documents/Projects/mSigLIP/code/artifacts/deployment/qnn_inputs/vn3k_train_calib_2000/raw/01305_pid814_HoGuom_01_00815_00004155.raw,74,138
1306,667,train,HoGuom_00/00668_00008525.jpg,/Users/phamtunglam/Documents/Projects/mSigLIP/code/VN3K/imgs/HoGuom_00/00668_00008525.jpg,/Users/phamtunglam/Documents/Projects/mSigLIP/code/artifacts/deployment/qnn_inputs/vn3k_train_calib_2000/raw/01306_pid667_HoGuom_00_00668_00008525.raw,87,256
1307,1703,train,DHHN_HVBCVT_00/01704_00007185.jpg,/Users/phamtunglam/Documents/Projects/mSigLIP/code/VN3K/imgs/DHHN_HVBCVT_00/01704_00007185.jpg,/Users/phamtunglam/Documents/Projects/mSigLIP/code/artifacts/deployment/qnn_inputs/vn3k_train_calib_2000/raw/01307_pid1703_DHHN_HVBCVT_00_01704_00007185.raw,70,222
1308,1281,train,HoGuom_01/01282_00008130.jpg,/Users/phamtunglam/Documents/Projects/mSigLIP/code/VN3K/imgs/HoGuom_01/01282_00008130.jpg,/Users/phamtunglam/Documents/Projects/mSigLIP/code/artifacts/deployment/qnn_inputs/vn3k_train_calib_2000/raw/01308_pid1281_HoGuom_01_01282_00008130.raw,77,206
1309,709,train,HoGuom_00/00710_00010450.jpg,/Users/phamtunglam/Documents/Projects/mSigLIP/code/VN3K/imgs/HoGuom_00/00710_00010450.jpg,/Users/phamtunglam/Documents/Projects/mSigLIP/code/artifacts/deployment/qnn_inputs/vn3k_train_calib_2000/raw/01309_pid709_HoGuom_00_00710_00010450.raw,139,329
1310,1138,train,HoGuom_01/01139_00000255.jpg,/Users/phamtunglam/Documents/Projects/mSigLIP/code/VN3K/imgs/HoGuom_01/01139_00000255.jpg,/Users/phamtunglam/Documents/Projects/mSigLIP/code/artifacts/deployment/qnn_inputs/vn3k_train_calib_2000/raw/01310_pid1138_HoGuom_01_01139_00000255.raw,177,452
1311,1680,train,DHHN_HVBCVT_00/01681_00002265.jpg,/Users/phamtunglam/Documents/Projects/mSigLIP/code/VN3K/imgs/DHHN_HVBCVT_00/01681_00002265.jpg,/Users/phamtunglam/Documents/Projects/mSigLIP/code/artifacts/deployment/qnn_inputs/vn3k_train_calib_2000/raw/01311_pid1680_DHHN_HVBCVT_00_01681_00002265.raw,68,176
1312,1495,train,HoGuom_01/01496_1.jpg,/Users/phamtunglam/Documents/Projects/mSigLIP/code/VN3K/imgs/HoGuom_01/01496_1.jpg,/Users/phamtunglam/Documents/Projects/mSigLIP/code/artifacts/deployment/qnn_inputs/vn3k_train_calib_2000/raw/01312_pid1495_HoGuom_01_01496_1.raw,132,396
1313,1329,train,HoGuom_01/01330_00007875.jpg,/Users/phamtunglam/Documents/Projects/mSigLIP/code/VN3K/imgs/HoGuom_01/01330_00007875.jpg,/Users/phamtunglam/Documents/Projects/mSigLIP/code/artifacts/deployment/qnn_inputs/vn3k_train_calib_2000/raw/01313_pid1329_HoGuom_01_01330_00007875.raw,187,603
1314,1039,train,HoGuom_01/01040_00000450.jpg,/Users/phamtunglam/Documents/Projects/mSigLIP/code/VN3K/imgs/HoGuom_01/01040_00000450.jpg,/Users/phamtunglam/Documents/Projects/mSigLIP/code/artifacts/deployment/qnn_inputs/vn3k_train_calib_2000/raw/01314_pid1039_HoGuom_01_01040_00000450.raw,129,323
1315,1009,train,HoGuom_01/01010_00000870.jpg,/Users/phamtunglam/Documents/Projects/mSigLIP/code/VN3K/imgs/HoGuom_01/01010_00000870.jpg,/Users/phamtunglam/Documents/Projects/mSigLIP/code/artifacts/deployment/qnn_inputs/vn3k_train_calib_2000/raw/01315_pid1009_HoGuom_01_01010_00000870.raw,84,254
1316,73,train,HoGuom_00/00074_00000415.jpg,/Users/phamtunglam/Documents/Projects/mSigLIP/code/VN3K/imgs/HoGuom_00/00074_00000415.jpg,/Users/phamtunglam/Documents/Projects/mSigLIP/code/artifacts/deployment/qnn_inputs/vn3k_train_calib_2000/raw/01316_pid73_HoGuom_00_00074_00000415.raw,110,238
1317,1083,train,HoGuom_01/01084_00003000.jpg,/Users/phamtunglam/Documents/Projects/mSigLIP/code/VN3K/imgs/HoGuom_01/01084_00003000.jpg,/Users/phamtunglam/Documents/Projects/mSigLIP/code/artifacts/deployment/qnn_inputs/vn3k_train_calib_2000/raw/01317_pid1083_HoGuom_01_01084_00003000.raw,211,655
1318,897,train,HoGuom_01/00898_00014595.jpg,/Users/phamtunglam/Documents/Projects/mSigLIP/code/VN3K/imgs/HoGuom_01/00898_00014595.jpg,/Users/phamtunglam/Documents/Projects/mSigLIP/code/artifacts/deployment/qnn_inputs/vn3k_train_calib_2000/raw/01318_pid897_HoGuom_01_00898_00014595.raw,88,227
1319,1569,train,DHHN_HVBCVT_00/01570_00015700.jpg,/Users/phamtunglam/Documents/Projects/mSigLIP/code/VN3K/imgs/DHHN_HVBCVT_00/01570_00015700.jpg,/Users/phamtunglam/Documents/Projects/mSigLIP/code/artifacts/deployment/qnn_inputs/vn3k_train_calib_2000/raw/01319_pid1569_DHHN_HVBCVT_00_01570_00015700.raw,294,848
1320,1972,train,DHGTVT_00/01973_00028460.jpg,/Users/phamtunglam/Documents/Projects/mSigLIP/code/VN3K/imgs/DHGTVT_00/01973_00028460.jpg,/Users/phamtunglam/Documents/Projects/mSigLIP/code/artifacts/deployment/qnn_inputs/vn3k_train_calib_2000/raw/01320_pid1972_DHGTVT_00_01973_00028460.raw,130,298
1321,1822,train,DHHN_HVBCVT_00/01823_00019935.jpg,/Users/phamtunglam/Documents/Projects/mSigLIP/code/VN3K/imgs/DHHN_HVBCVT_00/01823_00019935.jpg,/Users/phamtunglam/Documents/Projects/mSigLIP/code/artifacts/deployment/qnn_inputs/vn3k_train_calib_2000/raw/01321_pid1822_DHHN_HVBCVT_00_01823_00019935.raw,94,297
1322,1150,train,HoGuom_01/01151_00000270.jpg,/Users/phamtunglam/Documents/Projects/mSigLIP/code/VN3K/imgs/HoGuom_01/01151_00000270.jpg,/Users/phamtunglam/Documents/Projects/mSigLIP/code/artifacts/deployment/qnn_inputs/vn3k_train_calib_2000/raw/01322_pid1150_HoGuom_01_01151_00000270.raw,182,534
1323,1515,train,DHHN_HVBCVT_00/01516_00005055.jpg,/Users/phamtunglam/Documents/Projects/mSigLIP/code/VN3K/imgs/DHHN_HVBCVT_00/01516_00005055.jpg,/Users/phamtunglam/Documents/Projects/mSigLIP/code/artifacts/deployment/qnn_inputs/vn3k_train_calib_2000/raw/01323_pid1515_DHHN_HVBCVT_00_01516_00005055.raw,278,922
1324,21,train,TEST_DATA/Person22.2/output_6.jpg,/Users/phamtunglam/Documents/Projects/mSigLIP/code/VN3K/imgs/TEST_DATA/Person22.2/output_6.jpg,/Users/phamtunglam/Documents/Projects/mSigLIP/code/artifacts/deployment/qnn_inputs/vn3k_train_calib_2000/raw/01324_pid21_TEST_DATA_Person22.2_output_6.raw,92,274
1325,1918,train,DHGTVT_00/01919_00009400.jpg,/Users/phamtunglam/Documents/Projects/mSigLIP/code/VN3K/imgs/DHGTVT_00/01919_00009400.jpg,/Users/phamtunglam/Documents/Projects/mSigLIP/code/artifacts/deployment/qnn_inputs/vn3k_train_calib_2000/raw/01325_pid1918_DHGTVT_00_01919_00009400.raw,76,212
1326,1939,train,DHGTVT_00/01940_00011070.jpg,/Users/phamtunglam/Documents/Projects/mSigLIP/code/VN3K/imgs/DHGTVT_00/01940_00011070.jpg,/Users/phamtunglam/Documents/Projects/mSigLIP/code/artifacts/deployment/qnn_inputs/vn3k_train_calib_2000/raw/01326_pid1939_DHGTVT_00_01940_00011070.raw,81,227
1327,540,train,HoGuom_00/00541_00003560.jpg,/Users/phamtunglam/Documents/Projects/mSigLIP/code/VN3K/imgs/HoGuom_00/00541_00003560.jpg,/Users/phamtunglam/Documents/Projects/mSigLIP/code/artifacts/deployment/qnn_inputs/vn3k_train_calib_2000/raw/01327_pid540_HoGuom_00_00541_00003560.raw,87,261
1328,1374,train,HoGuom_01/01375_00007650.jpg,/Users/phamtunglam/Documents/Projects/mSigLIP/code/VN3K/imgs/HoGuom_01/01375_00007650.jpg,/Users/phamtunglam/Documents/Projects/mSigLIP/code/artifacts/deployment/qnn_inputs/vn3k_train_calib_2000/raw/01328_pid1374_HoGuom_01_01375_00007650.raw,188,401
1329,778,train,HoGuom_01/00779_00000945.jpg,/Users/phamtunglam/Documents/Projects/mSigLIP/code/VN3K/imgs/HoGuom_01/00779_00000945.jpg,/Users/phamtunglam/Documents/Projects/mSigLIP/code/artifacts/deployment/qnn_inputs/vn3k_train_calib_2000/raw/01329_pid778_HoGuom_01_00779_00000945.raw,109,280
1330,1371,train,HoGuom_01/01372_00009180.jpg,/Users/phamtunglam/Documents/Projects/mSigLIP/code/VN3K/imgs/HoGuom_01/01372_00009180.jpg,/Users/phamtunglam/Documents/Projects/mSigLIP/code/artifacts/deployment/qnn_inputs/vn3k_train_calib_2000/raw/01330_pid1371_HoGuom_01_01372_00009180.raw,126,328
1331,111,train,HoGuom_00/00112_00002080.jpg,/Users/phamtunglam/Documents/Projects/mSigLIP/code/VN3K/imgs/HoGuom_00/00112_00002080.jpg,/Users/phamtunglam/Documents/Projects/mSigLIP/code/artifacts/deployment/qnn_inputs/vn3k_train_calib_2000/raw/01331_pid111_HoGuom_00_00112_00002080.raw,84,190
1332,815,train,HoGuom_01/00816_00003495.jpg,/Users/phamtunglam/Documents/Projects/mSigLIP/code/VN3K/imgs/HoGuom_01/00816_00003495.jpg,/Users/phamtunglam/Documents/Projects/mSigLIP/code/artifacts/deployment/qnn_inputs/vn3k_train_calib_2000/raw/01332_pid815_HoGuom_01_00816_00003495.raw,181,446
1333,822,train,HoGuom_01/00823_00004170.jpg,/Users/phamtunglam/Documents/Projects/mSigLIP/code/VN3K/imgs/HoGuom_01/00823_00004170.jpg,/Users/phamtunglam/Documents/Projects/mSigLIP/code/artifacts/deployment/qnn_inputs/vn3k_train_calib_2000/raw/01333_pid822_HoGuom_01_00823_00004170.raw,95,269
1334,1583,train,DHHN_HVBCVT_00/01584_00008340.jpg,/Users/phamtunglam/Documents/Projects/mSigLIP/code/VN3K/imgs/DHHN_HVBCVT_00/01584_00008340.jpg,/Users/phamtunglam/Documents/Projects/mSigLIP/code/artifacts/deployment/qnn_inputs/vn3k_train_calib_2000/raw/01334_pid1583_DHHN_HVBCVT_00_01584_00008340.raw,185,425
1335,557,train,HoGuom_00/00558_00004820.jpg,/Users/phamtunglam/Documents/Projects/mSigLIP/code/VN3K/imgs/HoGuom_00/00558_00004820.jpg,/Users/phamtunglam/Documents/Projects/mSigLIP/code/artifacts/deployment/qnn_inputs/vn3k_train_calib_2000/raw/01335_pid557_HoGuom_00_00558_00004820.raw,197,499
1336,1785,train,DHHN_HVBCVT_00/01786_00003495.jpg,/Users/phamtunglam/Documents/Projects/mSigLIP/code/VN3K/imgs/DHHN_HVBCVT_00/01786_00003495.jpg,/Users/phamtunglam/Documents/Projects/mSigLIP/code/artifacts/deployment/qnn_inputs/vn3k_train_calib_2000/raw/01336_pid1785_DHHN_HVBCVT_00_01786_00003495.raw,320,654
1337,56,train,TEST_DATA/Person57.2/output_6.jpg,/Users/phamtunglam/Documents/Projects/mSigLIP/code/VN3K/imgs/TEST_DATA/Person57.2/output_6.jpg,/Users/phamtunglam/Documents/Projects/mSigLIP/code/artifacts/deployment/qnn_inputs/vn3k_train_calib_2000/raw/01337_pid56_TEST_DATA_Person57.2_output_6.raw,73,236
1338,1971,train,DHGTVT_00/01972_00027040.jpg,/Users/phamtunglam/Documents/Projects/mSigLIP/code/VN3K/imgs/DHGTVT_00/01972_00027040.jpg,/Users/phamtunglam/Documents/Projects/mSigLIP/code/artifacts/deployment/qnn_inputs/vn3k_train_calib_2000/raw/01338_pid1971_DHGTVT_00_01972_00027040.raw,73,197
1339,1742,train,DHHN_HVBCVT_00/01743_00015780.jpg,/Users/phamtunglam/Documents/Projects/mSigLIP/code/VN3K/imgs/DHHN_HVBCVT_00/01743_00015780.jpg,/Users/phamtunglam/Documents/Projects/mSigLIP/code/artifacts/deployment/qnn_inputs/vn3k_train_calib_2000/raw/01339_pid1742_DHHN_HVBCVT_00_01743_00015780.raw,99,258
1340,1451,train,HoGuom_01/01452_1.jpg,/Users/phamtunglam/Documents/Projects/mSigLIP/code/VN3K/imgs/HoGuom_01/01452_1.jpg,/Users/phamtunglam/Documents/Projects/mSigLIP/code/artifacts/deployment/qnn_inputs/vn3k_train_calib_2000/raw/01340_pid1451_HoGuom_01_01452_1.raw,76,198
1341,1856,train,DHGTVT_00/01857_00003570.jpg,/Users/phamtunglam/Documents/Projects/mSigLIP/code/VN3K/imgs/DHGTVT_00/01857_00003570.jpg,/Users/phamtunglam/Documents/Projects/mSigLIP/code/artifacts/deployment/qnn_inputs/vn3k_train_calib_2000/raw/01341_pid1856_DHGTVT_00_01857_00003570.raw,92,278
1342,1338,train,HoGuom_01/01339_00008010.jpg,/Users/phamtunglam/Documents/Projects/mSigLIP/code/VN3K/imgs/HoGuom_01/01339_00008010.jpg,/Users/phamtunglam/Documents/Projects/mSigLIP/code/artifacts/deployment/qnn_inputs/vn3k_train_calib_2000/raw/01342_pid1338_HoGuom_01_01339_00008010.raw,241,614
1343,626,train,HoGuom_00/00627_00007535.jpg,/Users/phamtunglam/Documents/Projects/mSigLIP/code/VN3K/imgs/HoGuom_00/00627_00007535.jpg,/Users/phamtunglam/Documents/Projects/mSigLIP/code/artifacts/deployment/qnn_inputs/vn3k_train_calib_2000/raw/01343_pid626_HoGuom_00_00627_00007535.raw,189,506
1344,1629,train,DHHN_HVBCVT_00/01630_00030105.jpg,/Users/phamtunglam/Documents/Projects/mSigLIP/code/VN3K/imgs/DHHN_HVBCVT_00/01630_00030105.jpg,/Users/phamtunglam/Documents/Projects/mSigLIP/code/artifacts/deployment/qnn_inputs/vn3k_train_calib_2000/raw/01344_pid1629_DHHN_HVBCVT_00_01630_00030105.raw,218,480
1345,1590,train,DHHN_HVBCVT_00/01591_00009390.jpg,/Users/phamtunglam/Documents/Projects/mSigLIP/code/VN3K/imgs/DHHN_HVBCVT_00/01591_00009390.jpg,/Users/phamtunglam/Documents/Projects/mSigLIP/code/artifacts/deployment/qnn_inputs/vn3k_train_calib_2000/raw/01345_pid1590_DHHN_HVBCVT_00_01591_00009390.raw,97,218
1346,1473,train,HoGuom_01/01474_2.jpg,/Users/phamtunglam/Documents/Projects/mSigLIP/code/VN3K/imgs/HoGuom_01/01474_2.jpg,/Users/phamtunglam/Documents/Projects/mSigLIP/code/artifacts/deployment/qnn_inputs/vn3k_train_calib_2000/raw/01346_pid1473_HoGuom_01_01474_2.raw,161,420
1347,744,train,HoGuom_00/00745_00012420.jpg,/Users/phamtunglam/Documents/Projects/mSigLIP/code/VN3K/imgs/HoGuom_00/00745_00012420.jpg,/Users/phamtunglam/Documents/Projects/mSigLIP/code/artifacts/deployment/qnn_inputs/vn3k_train_calib_2000/raw/01347_pid744_HoGuom_00_00745_00012420.raw,151,397
1348,1069,train,HoGuom_01/01070_00002055.jpg,/Users/phamtunglam/Documents/Projects/mSigLIP/code/VN3K/imgs/HoGuom_01/01070_00002055.jpg,/Users/phamtunglam/Documents/Projects/mSigLIP/code/artifacts/deployment/qnn_inputs/vn3k_train_calib_2000/raw/01348_pid1069_HoGuom_01_01070_00002055.raw,243,580
1349,1567,train,DHHN_HVBCVT_00/01568_00001425.jpg,/Users/phamtunglam/Documents/Projects/mSigLIP/code/VN3K/imgs/DHHN_HVBCVT_00/01568_00001425.jpg,/Users/phamtunglam/Documents/Projects/mSigLIP/code/artifacts/deployment/qnn_inputs/vn3k_train_calib_2000/raw/01349_pid1567_DHHN_HVBCVT_00_01568_00001425.raw,100,302
1350,888,train,HoGuom_01/00889_00013590.jpg,/Users/phamtunglam/Documents/Projects/mSigLIP/code/VN3K/imgs/HoGuom_01/00889_00013590.jpg,/Users/phamtunglam/Documents/Projects/mSigLIP/code/artifacts/deployment/qnn_inputs/vn3k_train_calib_2000/raw/01350_pid888_HoGuom_01_00889_00013590.raw,82,225
1351,1530,train,DHHN_HVBCVT_00/01531_00010425.jpg,/Users/phamtunglam/Documents/Projects/mSigLIP/code/VN3K/imgs/DHHN_HVBCVT_00/01531_00010425.jpg,/Users/phamtunglam/Documents/Projects/mSigLIP/code/artifacts/deployment/qnn_inputs/vn3k_train_calib_2000/raw/01351_pid1530_DHHN_HVBCVT_00_01531_00010425.raw,72,125
1352,38,train,TEST_DATA/Person39.2/output_9.jpg,/Users/phamtunglam/Documents/Projects/mSigLIP/code/VN3K/imgs/TEST_DATA/Person39.2/output_9.jpg,/Users/phamtunglam/Documents/Projects/mSigLIP/code/artifacts/deployment/qnn_inputs/vn3k_train_calib_2000/raw/01352_pid38_TEST_DATA_Person39.2_output_9.raw,141,342
1353,729,train,HoGuom_00/00730_00012525.jpg,/Users/phamtunglam/Documents/Projects/mSigLIP/code/VN3K/imgs/HoGuom_00/00730_00012525.jpg,/Users/phamtunglam/Documents/Projects/mSigLIP/code/artifacts/deployment/qnn_inputs/vn3k_train_calib_2000/raw/01353_pid729_HoGuom_00_00730_00012525.raw,105,295
1354,1085,train,HoGuom_01/01086_00001590.jpg,/Users/phamtunglam/Documents/Projects/mSigLIP/code/VN3K/imgs/HoGuom_01/01086_00001590.jpg,/Users/phamtunglam/Documents/Projects/mSigLIP/code/artifacts/deployment/qnn_inputs/vn3k_train_calib_2000/raw/01354_pid1085_HoGuom_01_01086_00001590.raw,262,554
1355,1994,train,TamChuc_01/01995_2.jpg,/Users/phamtunglam/Documents/Projects/mSigLIP/code/VN3K/imgs/TamChuc_01/01995_2.jpg,/Users/phamtunglam/Documents/Projects/mSigLIP/code/artifacts/deployment/qnn_inputs/vn3k_train_calib_2000/raw/01355_pid1994_TamChuc_01_01995_2.raw,326,740
1356,1908,train,DHGTVT_00/01909_00008020.jpg,/Users/phamtunglam/Documents/Projects/mSigLIP/code/VN3K/imgs/DHGTVT_00/01909_00008020.jpg,/Users/phamtunglam/Documents/Projects/mSigLIP/code/artifacts/deployment/qnn_inputs/vn3k_train_calib_2000/raw/01356_pid1908_DHGTVT_00_01909_00008020.raw,99,291
1357,29,train,TEST_DATA/Person30.2/output_2.jpg,/Users/phamtunglam/Documents/Projects/mSigLIP/code/VN3K/imgs/TEST_DATA/Person30.2/output_2.jpg,/Users/phamtunglam/Documents/Projects/mSigLIP/code/artifacts/deployment/qnn_inputs/vn3k_train_calib_2000/raw/01357_pid29_TEST_DATA_Person30.2_output_2.raw,77,209
1358,549,train,HoGuom_00/00550_00004580.jpg,/Users/phamtunglam/Documents/Projects/mSigLIP/code/VN3K/imgs/HoGuom_00/00550_00004580.jpg,/Users/phamtunglam/Documents/Projects/mSigLIP/code/artifacts/deployment/qnn_inputs/vn3k_train_calib_2000/raw/01358_pid549_HoGuom_00_00550_00004580.raw,201,635
1359,628,train,HoGuom_00/00629_00007315.jpg,/Users/phamtunglam/Documents/Projects/mSigLIP/code/VN3K/imgs/HoGuom_00/00629_00007315.jpg,/Users/phamtunglam/Documents/Projects/mSigLIP/code/artifacts/deployment/qnn_inputs/vn3k_train_calib_2000/raw/01359_pid628_HoGuom_00_00629_00007315.raw,115,426
1360,562,train,HoGuom_00/00563_00005365.jpg,/Users/phamtunglam/Documents/Projects/mSigLIP/code/VN3K/imgs/HoGuom_00/00563_00005365.jpg,/Users/phamtunglam/Documents/Projects/mSigLIP/code/artifacts/deployment/qnn_inputs/vn3k_train_calib_2000/raw/01360_pid562_HoGuom_00_00563_00005365.raw,199,550
1361,1302,train,HoGuom_01/01303_00007005.jpg,/Users/phamtunglam/Documents/Projects/mSigLIP/code/VN3K/imgs/HoGuom_01/01303_00007005.jpg,/Users/phamtunglam/Documents/Projects/mSigLIP/code/artifacts/deployment/qnn_inputs/vn3k_train_calib_2000/raw/01361_pid1302_HoGuom_01_01303_00007005.raw,113,236
1362,1200,train,HoGuom_01/01201_00003600.jpg,/Users/phamtunglam/Documents/Projects/mSigLIP/code/VN3K/imgs/HoGuom_01/01201_00003600.jpg,/Users/phamtunglam/Documents/Projects/mSigLIP/code/artifacts/deployment/qnn_inputs/vn3k_train_calib_2000/raw/01362_pid1200_HoGuom_01_01201_00003600.raw,224,494
1363,1352,train,HoGuom_01/01353_00004425.jpg,/Users/phamtunglam/Documents/Projects/mSigLIP/code/VN3K/imgs/HoGuom_01/01353_00004425.jpg,/Users/phamtunglam/Documents/Projects/mSigLIP/code/artifacts/deployment/qnn_inputs/vn3k_train_calib_2000/raw/01363_pid1352_HoGuom_01_01353_00004425.raw,234,649
1364,1440,train,HoGuom_01/01441_2.jpg,/Users/phamtunglam/Documents/Projects/mSigLIP/code/VN3K/imgs/HoGuom_01/01441_2.jpg,/Users/phamtunglam/Documents/Projects/mSigLIP/code/artifacts/deployment/qnn_inputs/vn3k_train_calib_2000/raw/01364_pid1440_HoGuom_01_01441_2.raw,101,269
1365,1359,train,HoGuom_01/01360_00007920.jpg,/Users/phamtunglam/Documents/Projects/mSigLIP/code/VN3K/imgs/HoGuom_01/01360_00007920.jpg,/Users/phamtunglam/Documents/Projects/mSigLIP/code/artifacts/deployment/qnn_inputs/vn3k_train_calib_2000/raw/01365_pid1359_HoGuom_01_01360_00007920.raw,255,569
1366,18,train,TEST_DATA/Person19.2/output_9.jpg,/Users/phamtunglam/Documents/Projects/mSigLIP/code/VN3K/imgs/TEST_DATA/Person19.2/output_9.jpg,/Users/phamtunglam/Documents/Projects/mSigLIP/code/artifacts/deployment/qnn_inputs/vn3k_train_calib_2000/raw/01366_pid18_TEST_DATA_Person19.2_output_9.raw,195,377
1367,1907,train,DHGTVT_00/01908_00008060.jpg,/Users/phamtunglam/Documents/Projects/mSigLIP/code/VN3K/imgs/DHGTVT_00/01908_00008060.jpg,/Users/phamtunglam/Documents/Projects/mSigLIP/code/artifacts/deployment/qnn_inputs/vn3k_train_calib_2000/raw/01367_pid1907_DHGTVT_00_01908_00008060.raw,108,281
1368,1071,train,HoGuom_01/01072_00004695.jpg,/Users/phamtunglam/Documents/Projects/mSigLIP/code/VN3K/imgs/HoGuom_01/01072_00004695.jpg,/Users/phamtunglam/Documents/Projects/mSigLIP/code/artifacts/deployment/qnn_inputs/vn3k_train_calib_2000/raw/01368_pid1071_HoGuom_01_01072_00004695.raw,162,417
1369,346,train,HoGuom_00/00347_00011730.jpg,/Users/phamtunglam/Documents/Projects/mSigLIP/code/VN3K/imgs/HoGuom_00/00347_00011730.jpg,/Users/phamtunglam/Documents/Projects/mSigLIP/code/artifacts/deployment/qnn_inputs/vn3k_train_calib_2000/raw/01369_pid346_HoGuom_00_00347_00011730.raw,182,386
1370,44,train,TRAINNING_DATA/Person45/output_2.jpg,/Users/phamtunglam/Documents/Projects/mSigLIP/code/VN3K/imgs/TRAINNING_DATA/Person45/output_2.jpg,/Users/phamtunglam/Documents/Projects/mSigLIP/code/artifacts/deployment/qnn_inputs/vn3k_train_calib_2000/raw/01370_pid44_TRAINNING_DATA_Person45_output_2.raw,105,263
1371,1700,train,DHHN_HVBCVT_00/01701_00007140.jpg,/Users/phamtunglam/Documents/Projects/mSigLIP/code/VN3K/imgs/DHHN_HVBCVT_00/01701_00007140.jpg,/Users/phamtunglam/Documents/Projects/mSigLIP/code/artifacts/deployment/qnn_inputs/vn3k_train_calib_2000/raw/01371_pid1700_DHHN_HVBCVT_00_01701_00007140.raw,76,215
1372,1749,train,DHHN_HVBCVT_00/01750_00019365.jpg,/Users/phamtunglam/Documents/Projects/mSigLIP/code/VN3K/imgs/DHHN_HVBCVT_00/01750_00019365.jpg,/Users/phamtunglam/Documents/Projects/mSigLIP/code/artifacts/deployment/qnn_inputs/vn3k_train_calib_2000/raw/01372_pid1749_DHHN_HVBCVT_00_01750_00019365.raw,111,291
1373,1899,train,DHGTVT_00/01900_00006550.jpg,/Users/phamtunglam/Documents/Projects/mSigLIP/code/VN3K/imgs/DHGTVT_00/01900_00006550.jpg,/Users/phamtunglam/Documents/Projects/mSigLIP/code/artifacts/deployment/qnn_inputs/vn3k_train_calib_2000/raw/01373_pid1899_DHGTVT_00_01900_00006550.raw,90,210
1374,1191,train,HoGuom_01/01192_00001815.jpg,/Users/phamtunglam/Documents/Projects/mSigLIP/code/VN3K/imgs/HoGuom_01/01192_00001815.jpg,/Users/phamtunglam/Documents/Projects/mSigLIP/code/artifacts/deployment/qnn_inputs/vn3k_train_calib_2000/raw/01374_pid1191_HoGuom_01_01192_00001815.raw,77,144
1375,755,train,HoGuom_00/00756_00012590.jpg,/Users/phamtunglam/Documents/Projects/mSigLIP/code/VN3K/imgs/HoGuom_00/00756_00012590.jpg,/Users/phamtunglam/Documents/Projects/mSigLIP/code/artifacts/deployment/qnn_inputs/vn3k_train_calib_2000/raw/01375_pid755_HoGuom_00_00756_00012590.raw,75,212
1376,290,train,HoGuom_00/00291_00009300.jpg,/Users/phamtunglam/Documents/Projects/mSigLIP/code/VN3K/imgs/HoGuom_00/00291_00009300.jpg,/Users/phamtunglam/Documents/Projects/mSigLIP/code/artifacts/deployment/qnn_inputs/vn3k_train_calib_2000/raw/01376_pid290_HoGuom_00_00291_00009300.raw,133,357
1377,38,train,TRAINNING_DATA/Person39/output_2.jpg,/Users/phamtunglam/Documents/Projects/mSigLIP/code/VN3K/imgs/TRAINNING_DATA/Person39/output_2.jpg,/Users/phamtunglam/Documents/Projects/mSigLIP/code/artifacts/deployment/qnn_inputs/vn3k_train_calib_2000/raw/01377_pid38_TRAINNING_DATA_Person39_output_2.raw,95,270
1378,560,train,HoGuom_00/00561_00004790.jpg,/Users/phamtunglam/Documents/Projects/mSigLIP/code/VN3K/imgs/HoGuom_00/00561_00004790.jpg,/Users/phamtunglam/Documents/Projects/mSigLIP/code/artifacts/deployment/qnn_inputs/vn3k_train_calib_2000/raw/01378_pid560_HoGuom_00_00561_00004790.raw,129,421
1379,634,train,HoGuom_00/00635_00007575.jpg,/Users/phamtunglam/Documents/Projects/mSigLIP/code/VN3K/imgs/HoGuom_00/00635_00007575.jpg,/Users/phamtunglam/Documents/Projects/mSigLIP/code/artifacts/deployment/qnn_inputs/vn3k_train_calib_2000/raw/01379_pid634_HoGuom_00_00635_00007575.raw,107,270
1380,471,train,HoGuom_00/00472_00016555.jpg,/Users/phamtunglam/Documents/Projects/mSigLIP/code/VN3K/imgs/HoGuom_00/00472_00016555.jpg,/Users/phamtunglam/Documents/Projects/mSigLIP/code/artifacts/deployment/qnn_inputs/vn3k_train_calib_2000/raw/01380_pid471_HoGuom_00_00472_00016555.raw,98,326
1381,687,train,HoGuom_00/00688_00010005.jpg,/Users/phamtunglam/Documents/Projects/mSigLIP/code/VN3K/imgs/HoGuom_00/00688_00010005.jpg,/Users/phamtunglam/Documents/Projects/mSigLIP/code/artifacts/deployment/qnn_inputs/vn3k_train_calib_2000/raw/01381_pid687_HoGuom_00_00688_00010005.raw,260,660
1382,1328,train,HoGuom_01/01329_00004230.jpg,/Users/phamtunglam/Documents/Projects/mSigLIP/code/VN3K/imgs/HoGuom_01/01329_00004230.jpg,/Users/phamtunglam/Documents/Projects/mSigLIP/code/artifacts/deployment/qnn_inputs/vn3k_train_calib_2000/raw/01382_pid1328_HoGuom_01_01329_00004230.raw,186,460
1383,59,train,TEST_DATA/Person60.2/output_6.jpg,/Users/phamtunglam/Documents/Projects/mSigLIP/code/VN3K/imgs/TEST_DATA/Person60.2/output_6.jpg,/Users/phamtunglam/Documents/Projects/mSigLIP/code/artifacts/deployment/qnn_inputs/vn3k_train_calib_2000/raw/01383_pid59_TEST_DATA_Person60.2_output_6.raw,68,266
1384,804,train,HoGuom_01/00805_00002205.jpg,/Users/phamtunglam/Documents/Projects/mSigLIP/code/VN3K/imgs/HoGuom_01/00805_00002205.jpg,/Users/phamtunglam/Documents/Projects/mSigLIP/code/artifacts/deployment/qnn_inputs/vn3k_train_calib_2000/raw/01384_pid804_HoGuom_01_00805_00002205.raw,67,151
1385,1681,train,DHHN_HVBCVT_00/01682_00002715.jpg,/Users/phamtunglam/Documents/Projects/mSigLIP/code/VN3K/imgs/DHHN_HVBCVT_00/01682_00002715.jpg,/Users/phamtunglam/Documents/Projects/mSigLIP/code/artifacts/deployment/qnn_inputs/vn3k_train_calib_2000/raw/01385_pid1681_DHHN_HVBCVT_00_01682_00002715.raw,64,229
1386,1347,train,HoGuom_01/01348_00007740.jpg,/Users/phamtunglam/Documents/Projects/mSigLIP/code/VN3K/imgs/HoGuom_01/01348_00007740.jpg,/Users/phamtunglam/Documents/Projects/mSigLIP/code/artifacts/deployment/qnn_inputs/vn3k_train_calib_2000/raw/01386_pid1347_HoGuom_01_01348_00007740.raw,147,460
1387,864,train,HoGuom_01/00865_00010665.jpg,/Users/phamtunglam/Documents/Projects/mSigLIP/code/VN3K/imgs/HoGuom_01/00865_00010665.jpg,/Users/phamtunglam/Documents/Projects/mSigLIP/code/artifacts/deployment/qnn_inputs/vn3k_train_calib_2000/raw/01387_pid864_HoGuom_01_00865_00010665.raw,86,227
1388,1850,train,DHGTVT_00/01851_00002750.jpg,/Users/phamtunglam/Documents/Projects/mSigLIP/code/VN3K/imgs/DHGTVT_00/01851_00002750.jpg,/Users/phamtunglam/Documents/Projects/mSigLIP/code/artifacts/deployment/qnn_inputs/vn3k_train_calib_2000/raw/01388_pid1850_DHGTVT_00_01851_00002750.raw,79,183
1389,163,train,HoGuom_00/00164_00004100.jpg,/Users/phamtunglam/Documents/Projects/mSigLIP/code/VN3K/imgs/HoGuom_00/00164_00004100.jpg,/Users/phamtunglam/Documents/Projects/mSigLIP/code/artifacts/deployment/qnn_inputs/vn3k_train_calib_2000/raw/01389_pid163_HoGuom_00_00164_00004100.raw,175,687
1390,1635,train,DHHN_HVBCVT_00/01636_00034110.jpg,/Users/phamtunglam/Documents/Projects/mSigLIP/code/VN3K/imgs/DHHN_HVBCVT_00/01636_00034110.jpg,/Users/phamtunglam/Documents/Projects/mSigLIP/code/artifacts/deployment/qnn_inputs/vn3k_train_calib_2000/raw/01390_pid1635_DHHN_HVBCVT_00_01636_00034110.raw,66,194
1391,1744,train,DHHN_HVBCVT_00/01745_00016530.jpg,/Users/phamtunglam/Documents/Projects/mSigLIP/code/VN3K/imgs/DHHN_HVBCVT_00/01745_00016530.jpg,/Users/phamtunglam/Documents/Projects/mSigLIP/code/artifacts/deployment/qnn_inputs/vn3k_train_calib_2000/raw/01391_pid1744_DHHN_HVBCVT_00_01745_00016530.raw,92,290
1392,490,train,HoGuom_00/00491_00017555.jpg,/Users/phamtunglam/Documents/Projects/mSigLIP/code/VN3K/imgs/HoGuom_00/00491_00017555.jpg,/Users/phamtunglam/Documents/Projects/mSigLIP/code/artifacts/deployment/qnn_inputs/vn3k_train_calib_2000/raw/01392_pid490_HoGuom_00_00491_00017555.raw,74,191
1393,1516,train,DHHN_HVBCVT_00/01517_00017190.jpg,/Users/phamtunglam/Documents/Projects/mSigLIP/code/VN3K/imgs/DHHN_HVBCVT_00/01517_00017190.jpg,/Users/phamtunglam/Documents/Projects/mSigLIP/code/artifacts/deployment/qnn_inputs/vn3k_train_calib_2000/raw/01393_pid1516_DHHN_HVBCVT_00_01517_00017190.raw,78,184
1394,114,train,HoGuom_00/00115_00002070.jpg,/Users/phamtunglam/Documents/Projects/mSigLIP/code/VN3K/imgs/HoGuom_00/00115_00002070.jpg,/Users/phamtunglam/Documents/Projects/mSigLIP/code/artifacts/deployment/qnn_inputs/vn3k_train_calib_2000/raw/01394_pid114_HoGuom_00_00115_00002070.raw,72,161
1395,476,train,HoGuom_00/00477_00016945.jpg,/Users/phamtunglam/Documents/Projects/mSigLIP/code/VN3K/imgs/HoGuom_00/00477_00016945.jpg,/Users/phamtunglam/Documents/Projects/mSigLIP/code/artifacts/deployment/qnn_inputs/vn3k_train_calib_2000/raw/01395_pid476_HoGuom_00_00477_00016945.raw,187,274
1396,1509,train,DHHN_HVBCVT_00/01510_00002520.jpg,/Users/phamtunglam/Documents/Projects/mSigLIP/code/VN3K/imgs/DHHN_HVBCVT_00/01510_00002520.jpg,/Users/phamtunglam/Documents/Projects/mSigLIP/code/artifacts/deployment/qnn_inputs/vn3k_train_calib_2000/raw/01396_pid1509_DHHN_HVBCVT_00_01510_00002520.raw,64,106
1397,253,train,HoGuom_00/00254_00008150.jpg,/Users/phamtunglam/Documents/Projects/mSigLIP/code/VN3K/imgs/HoGuom_00/00254_00008150.jpg,/Users/phamtunglam/Documents/Projects/mSigLIP/code/artifacts/deployment/qnn_inputs/vn3k_train_calib_2000/raw/01397_pid253_HoGuom_00_00254_00008150.raw,195,428
1398,1872,train,DHGTVT_00/01873_00004700.jpg,/Users/phamtunglam/Documents/Projects/mSigLIP/code/VN3K/imgs/DHGTVT_00/01873_00004700.jpg,/Users/phamtunglam/Documents/Projects/mSigLIP/code/artifacts/deployment/qnn_inputs/vn3k_train_calib_2000/raw/01398_pid1872_DHGTVT_00_01873_00004700.raw,91,243
1399,1260,train,HoGuom_01/01261_00007545.jpg,/Users/phamtunglam/Documents/Projects/mSigLIP/code/VN3K/imgs/HoGuom_01/01261_00007545.jpg,/Users/phamtunglam/Documents/Projects/mSigLIP/code/artifacts/deployment/qnn_inputs/vn3k_train_calib_2000/raw/01399_pid1260_HoGuom_01_01261_00007545.raw,66,207
1400,1881,train,DHGTVT_00/01882_00003710.jpg,/Users/phamtunglam/Documents/Projects/mSigLIP/code/VN3K/imgs/DHGTVT_00/01882_00003710.jpg,/Users/phamtunglam/Documents/Projects/mSigLIP/code/artifacts/deployment/qnn_inputs/vn3k_train_calib_2000/raw/01400_pid1881_DHGTVT_00_01882_00003710.raw,108,281
1401,1949,train,DHGTVT_00/01950_00011820.jpg,/Users/phamtunglam/Documents/Projects/mSigLIP/code/VN3K/imgs/DHGTVT_00/01950_00011820.jpg,/Users/phamtunglam/Documents/Projects/mSigLIP/code/artifacts/deployment/qnn_inputs/vn3k_train_calib_2000/raw/01401_pid1949_DHGTVT_00_01950_00011820.raw,110,268
1402,100,train,HoGuom_00/00101_00001705.jpg,/Users/phamtunglam/Documents/Projects/mSigLIP/code/VN3K/imgs/HoGuom_00/00101_00001705.jpg,/Users/phamtunglam/Documents/Projects/mSigLIP/code/artifacts/deployment/qnn_inputs/vn3k_train_calib_2000/raw/01402_pid100_HoGuom_00_00101_00001705.raw,75,162
1403,60,train,TEST_DATA/Person61.2/output_9.jpg,/Users/phamtunglam/Documents/Projects/mSigLIP/code/VN3K/imgs/TEST_DATA/Person61.2/output_9.jpg,/Users/phamtunglam/Documents/Projects/mSigLIP/code/artifacts/deployment/qnn_inputs/vn3k_train_calib_2000/raw/01403_pid60_TEST_DATA_Person61.2_output_9.raw,88,258
1404,1048,train,HoGuom_01/01049_00000435.jpg,/Users/phamtunglam/Documents/Projects/mSigLIP/code/VN3K/imgs/HoGuom_01/01049_00000435.jpg,/Users/phamtunglam/Documents/Projects/mSigLIP/code/artifacts/deployment/qnn_inputs/vn3k_train_calib_2000/raw/01404_pid1048_HoGuom_01_01049_00000435.raw,73,175
1405,415,train,HoGuom_00/00416_00014300.jpg,/Users/phamtunglam/Documents/Projects/mSigLIP/code/VN3K/imgs/HoGuom_00/00416_00014300.jpg,/Users/phamtunglam/Documents/Projects/mSigLIP/code/artifacts/deployment/qnn_inputs/vn3k_train_calib_2000/raw/01405_pid415_HoGuom_00_00416_00014300.raw,78,238
1406,211,train,HoGuom_00/00212_00005740.jpg,/Users/phamtunglam/Documents/Projects/mSigLIP/code/VN3K/imgs/HoGuom_00/00212_00005740.jpg,/Users/phamtunglam/Documents/Projects/mSigLIP/code/artifacts/deployment/qnn_inputs/vn3k_train_calib_2000/raw/01406_pid211_HoGuom_00_00212_00005740.raw,73,181
1407,784,train,HoGuom_01/00785_00099770.jpg,/Users/phamtunglam/Documents/Projects/mSigLIP/code/VN3K/imgs/HoGuom_01/00785_00099770.jpg,/Users/phamtunglam/Documents/Projects/mSigLIP/code/artifacts/deployment/qnn_inputs/vn3k_train_calib_2000/raw/01407_pid784_HoGuom_01_00785_00099770.raw,127,301
1408,1018,train,HoGuom_01/01019_00001920.jpg,/Users/phamtunglam/Documents/Projects/mSigLIP/code/VN3K/imgs/HoGuom_01/01019_00001920.jpg,/Users/phamtunglam/Documents/Projects/mSigLIP/code/artifacts/deployment/qnn_inputs/vn3k_train_calib_2000/raw/01408_pid1018_HoGuom_01_01019_00001920.raw,165,340
1409,1834,train,DHHN_HVBCVT_00/01835_00029100.jpg,/Users/phamtunglam/Documents/Projects/mSigLIP/code/VN3K/imgs/DHHN_HVBCVT_00/01835_00029100.jpg,/Users/phamtunglam/Documents/Projects/mSigLIP/code/artifacts/deployment/qnn_inputs/vn3k_train_calib_2000/raw/01409_pid1834_DHHN_HVBCVT_00_01835_00029100.raw,73,185
1410,1356,train,HoGuom_01/01357_00007980.jpg,/Users/phamtunglam/Documents/Projects/mSigLIP/code/VN3K/imgs/HoGuom_01/01357_00007980.jpg,/Users/phamtunglam/Documents/Projects/mSigLIP/code/artifacts/deployment/qnn_inputs/vn3k_train_calib_2000/raw/01410_pid1356_HoGuom_01_01357_00007980.raw,191,593
1411,1232,train,HoGuom_01/01233_00004830.jpg,/Users/phamtunglam/Documents/Projects/mSigLIP/code/VN3K/imgs/HoGuom_01/01233_00004830.jpg,/Users/phamtunglam/Documents/Projects/mSigLIP/code/artifacts/deployment/qnn_inputs/vn3k_train_calib_2000/raw/01411_pid1232_HoGuom_01_01233_00004830.raw,277,675
1412,1834,train,DHHN_HVBCVT_00/01835_00029310.jpg,/Users/phamtunglam/Documents/Projects/mSigLIP/code/VN3K/imgs/DHHN_HVBCVT_00/01835_00029310.jpg,/Users/phamtunglam/Documents/Projects/mSigLIP/code/artifacts/deployment/qnn_inputs/vn3k_train_calib_2000/raw/01412_pid1834_DHHN_HVBCVT_00_01835_00029310.raw,103,346
1413,1627,train,DHHN_HVBCVT_00/01628_00029280.jpg,/Users/phamtunglam/Documents/Projects/mSigLIP/code/VN3K/imgs/DHHN_HVBCVT_00/01628_00029280.jpg,/Users/phamtunglam/Documents/Projects/mSigLIP/code/artifacts/deployment/qnn_inputs/vn3k_train_calib_2000/raw/01413_pid1627_DHHN_HVBCVT_00_01628_00029280.raw,91,304
1414,70,train,TRAINNING_DATA/Person71/output_2.jpg,/Users/phamtunglam/Documents/Projects/mSigLIP/code/VN3K/imgs/TRAINNING_DATA/Person71/output_2.jpg,/Users/phamtunglam/Documents/Projects/mSigLIP/code/artifacts/deployment/qnn_inputs/vn3k_train_calib_2000/raw/01414_pid70_TRAINNING_DATA_Person71_output_2.raw,94,295
1415,1696,train,DHHN_HVBCVT_00/01697_00005715.jpg,/Users/phamtunglam/Documents/Projects/mSigLIP/code/VN3K/imgs/DHHN_HVBCVT_00/01697_00005715.jpg,/Users/phamtunglam/Documents/Projects/mSigLIP/code/artifacts/deployment/qnn_inputs/vn3k_train_calib_2000/raw/01415_pid1696_DHHN_HVBCVT_00_01697_00005715.raw,95,280
1416,1207,train,HoGuom_01/01208_00003345.jpg,/Users/phamtunglam/Documents/Projects/mSigLIP/code/VN3K/imgs/HoGuom_01/01208_00003345.jpg,/Users/phamtunglam/Documents/Projects/mSigLIP/code/artifacts/deployment/qnn_inputs/vn3k_train_calib_2000/raw/01416_pid1207_HoGuom_01_01208_00003345.raw,285,838
1417,1828,train,DHHN_HVBCVT_00/01829_00025425.jpg,/Users/phamtunglam/Documents/Projects/mSigLIP/code/VN3K/imgs/DHHN_HVBCVT_00/01829_00025425.jpg,/Users/phamtunglam/Documents/Projects/mSigLIP/code/artifacts/deployment/qnn_inputs/vn3k_train_calib_2000/raw/01417_pid1828_DHHN_HVBCVT_00_01829_00025425.raw,66,144
1418,1387,train,HoGuom_01/01388_1.jpg,/Users/phamtunglam/Documents/Projects/mSigLIP/code/VN3K/imgs/HoGuom_01/01388_1.jpg,/Users/phamtunglam/Documents/Projects/mSigLIP/code/artifacts/deployment/qnn_inputs/vn3k_train_calib_2000/raw/01418_pid1387_HoGuom_01_01388_1.raw,112,333
1419,140,train,HoGuom_00/00141_00002855.jpg,/Users/phamtunglam/Documents/Projects/mSigLIP/code/VN3K/imgs/HoGuom_00/00141_00002855.jpg,/Users/phamtunglam/Documents/Projects/mSigLIP/code/artifacts/deployment/qnn_inputs/vn3k_train_calib_2000/raw/01419_pid140_HoGuom_00_00141_00002855.raw,173,520
1420,1115,train,HoGuom_01/01116_00001980.jpg,/Users/phamtunglam/Documents/Projects/mSigLIP/code/VN3K/imgs/HoGuom_01/01116_00001980.jpg,/Users/phamtunglam/Documents/Projects/mSigLIP/code/artifacts/deployment/qnn_inputs/vn3k_train_calib_2000/raw/01420_pid1115_HoGuom_01_01116_00001980.raw,304,833
1421,878,train,HoGuom_01/00879_00013050.jpg,/Users/phamtunglam/Documents/Projects/mSigLIP/code/VN3K/imgs/HoGuom_01/00879_00013050.jpg,/Users/phamtunglam/Documents/Projects/mSigLIP/code/artifacts/deployment/qnn_inputs/vn3k_train_calib_2000/raw/01421_pid878_HoGuom_01_00879_00013050.raw,85,246
1422,91,train,HoGuom_00/00092_00000835.jpg,/Users/phamtunglam/Documents/Projects/mSigLIP/code/VN3K/imgs/HoGuom_00/00092_00000835.jpg,/Users/phamtunglam/Documents/Projects/mSigLIP/code/artifacts/deployment/qnn_inputs/vn3k_train_calib_2000/raw/01422_pid91_HoGuom_00_00092_00000835.raw,129,372
1423,271,train,HoGuom_00/00272_00009155.jpg,/Users/phamtunglam/Documents/Projects/mSigLIP/code/VN3K/imgs/HoGuom_00/00272_00009155.jpg,/Users/phamtunglam/Documents/Projects/mSigLIP/code/artifacts/deployment/qnn_inputs/vn3k_train_calib_2000/raw/01423_pid271_HoGuom_00_00272_00009155.raw,98,264
1424,11,train,TEST_DATA/Person12.2/output_2.jpg,/Users/phamtunglam/Documents/Projects/mSigLIP/code/VN3K/imgs/TEST_DATA/Person12.2/output_2.jpg,/Users/phamtunglam/Documents/Projects/mSigLIP/code/artifacts/deployment/qnn_inputs/vn3k_train_calib_2000/raw/01424_pid11_TEST_DATA_Person12.2_output_2.raw,84,243
1425,551,train,HoGuom_00/00552_00004315.jpg,/Users/phamtunglam/Documents/Projects/mSigLIP/code/VN3K/imgs/HoGuom_00/00552_00004315.jpg,/Users/phamtunglam/Documents/Projects/mSigLIP/code/artifacts/deployment/qnn_inputs/vn3k_train_calib_2000/raw/01425_pid551_HoGuom_00_00552_00004315.raw,86,236
1426,902,train,HoGuom_01/00903_00016365.jpg,/Users/phamtunglam/Documents/Projects/mSigLIP/code/VN3K/imgs/HoGuom_01/00903_00016365.jpg,/Users/phamtunglam/Documents/Projects/mSigLIP/code/artifacts/deployment/qnn_inputs/vn3k_train_calib_2000/raw/01426_pid902_HoGuom_01_00903_00016365.raw,142,359
1427,954,train,HoGuom_01/00955_00003810.jpg,/Users/phamtunglam/Documents/Projects/mSigLIP/code/VN3K/imgs/HoGuom_01/00955_00003810.jpg,/Users/phamtunglam/Documents/Projects/mSigLIP/code/artifacts/deployment/qnn_inputs/vn3k_train_calib_2000/raw/01427_pid954_HoGuom_01_00955_00003810.raw,79,218
1428,16,train,TEST_DATA/Person17.2/output_2.jpg,/Users/phamtunglam/Documents/Projects/mSigLIP/code/VN3K/imgs/TEST_DATA/Person17.2/output_2.jpg,/Users/phamtunglam/Documents/Projects/mSigLIP/code/artifacts/deployment/qnn_inputs/vn3k_train_calib_2000/raw/01428_pid16_TEST_DATA_Person17.2_output_2.raw,75,196
1429,391,train,HoGuom_00/00392_00013275.jpg,/Users/phamtunglam/Documents/Projects/mSigLIP/code/VN3K/imgs/HoGuom_00/00392_00013275.jpg,/Users/phamtunglam/Documents/Projects/mSigLIP/code/artifacts/deployment/qnn_inputs/vn3k_train_calib_2000/raw/01429_pid391_HoGuom_00_00392_00013275.raw,90,301
1430,1461,train,HoGuom_01/01462_2.jpg,/Users/phamtunglam/Documents/Projects/mSigLIP/code/VN3K/imgs/HoGuom_01/01462_2.jpg,/Users/phamtunglam/Documents/Projects/mSigLIP/code/artifacts/deployment/qnn_inputs/vn3k_train_calib_2000/raw/01430_pid1461_HoGuom_01_01462_2.raw,237,642
1431,1877,train,DHGTVT_00/01878_00003550.jpg,/Users/phamtunglam/Documents/Projects/mSigLIP/code/VN3K/imgs/DHGTVT_00/01878_00003550.jpg,/Users/phamtunglam/Documents/Projects/mSigLIP/code/artifacts/deployment/qnn_inputs/vn3k_train_calib_2000/raw/01431_pid1877_DHGTVT_00_01878_00003550.raw,90,242
1432,993,train,HoGuom_01/00994_00003525.jpg,/Users/phamtunglam/Documents/Projects/mSigLIP/code/VN3K/imgs/HoGuom_01/00994_00003525.jpg,/Users/phamtunglam/Documents/Projects/mSigLIP/code/artifacts/deployment/qnn_inputs/vn3k_train_calib_2000/raw/01432_pid993_HoGuom_01_00994_00003525.raw,92,268
1433,1359,train,HoGuom_01/01360_00007830.jpg,/Users/phamtunglam/Documents/Projects/mSigLIP/code/VN3K/imgs/HoGuom_01/01360_00007830.jpg,/Users/phamtunglam/Documents/Projects/mSigLIP/code/artifacts/deployment/qnn_inputs/vn3k_train_calib_2000/raw/01433_pid1359_HoGuom_01_01360_00007830.raw,207,633
1434,1124,train,HoGuom_01/01125_00000060.jpg,/Users/phamtunglam/Documents/Projects/mSigLIP/code/VN3K/imgs/HoGuom_01/01125_00000060.jpg,/Users/phamtunglam/Documents/Projects/mSigLIP/code/artifacts/deployment/qnn_inputs/vn3k_train_calib_2000/raw/01434_pid1124_HoGuom_01_01125_00000060.raw,137,369
1435,1746,train,DHHN_HVBCVT_00/01747_00018705.jpg,/Users/phamtunglam/Documents/Projects/mSigLIP/code/VN3K/imgs/DHHN_HVBCVT_00/01747_00018705.jpg,/Users/phamtunglam/Documents/Projects/mSigLIP/code/artifacts/deployment/qnn_inputs/vn3k_train_calib_2000/raw/01435_pid1746_DHHN_HVBCVT_00_01747_00018705.raw,84,254
1436,741,train,HoGuom_00/00742_00012870.jpg,/Users/phamtunglam/Documents/Projects/mSigLIP/code/VN3K/imgs/HoGuom_00/00742_00012870.jpg,/Users/phamtunglam/Documents/Projects/mSigLIP/code/artifacts/deployment/qnn_inputs/vn3k_train_calib_2000/raw/01436_pid741_HoGuom_00_00742_00012870.raw,71,184
1437,1892,train,DHGTVT_00/01893_00004780.jpg,/Users/phamtunglam/Documents/Projects/mSigLIP/code/VN3K/imgs/DHGTVT_00/01893_00004780.jpg,/Users/phamtunglam/Documents/Projects/mSigLIP/code/artifacts/deployment/qnn_inputs/vn3k_train_calib_2000/raw/01437_pid1892_DHGTVT_00_01893_00004780.raw,89,213
1438,1076,train,HoGuom_01/01077_00002715.jpg,/Users/phamtunglam/Documents/Projects/mSigLIP/code/VN3K/imgs/HoGuom_01/01077_00002715.jpg,/Users/phamtunglam/Documents/Projects/mSigLIP/code/artifacts/deployment/qnn_inputs/vn3k_train_calib_2000/raw/01438_pid1076_HoGuom_01_01077_00002715.raw,159,469
1439,462,train,HoGuom_00/00463_00016435.jpg,/Users/phamtunglam/Documents/Projects/mSigLIP/code/VN3K/imgs/HoGuom_00/00463_00016435.jpg,/Users/phamtunglam/Documents/Projects/mSigLIP/code/artifacts/deployment/qnn_inputs/vn3k_train_calib_2000/raw/01439_pid462_HoGuom_00_00463_00016435.raw,174,198
1440,1694,train,DHHN_HVBCVT_00/01695_00005340.jpg,/Users/phamtunglam/Documents/Projects/mSigLIP/code/VN3K/imgs/DHHN_HVBCVT_00/01695_00005340.jpg,/Users/phamtunglam/Documents/Projects/mSigLIP/code/artifacts/deployment/qnn_inputs/vn3k_train_calib_2000/raw/01440_pid1694_DHHN_HVBCVT_00_01695_00005340.raw,114,281
1441,969,train,HoGuom_01/00970_00006390.jpg,/Users/phamtunglam/Documents/Projects/mSigLIP/code/VN3K/imgs/HoGuom_01/00970_00006390.jpg,/Users/phamtunglam/Documents/Projects/mSigLIP/code/artifacts/deployment/qnn_inputs/vn3k_train_calib_2000/raw/01441_pid969_HoGuom_01_00970_00006390.raw,179,453
1442,580,train,HoGuom_00/00581_00005670.jpg,/Users/phamtunglam/Documents/Projects/mSigLIP/code/VN3K/imgs/HoGuom_00/00581_00005670.jpg,/Users/phamtunglam/Documents/Projects/mSigLIP/code/artifacts/deployment/qnn_inputs/vn3k_train_calib_2000/raw/01442_pid580_HoGuom_00_00581_00005670.raw,135,303
1443,491,train,HoGuom_00/00492_00018360.jpg,/Users/phamtunglam/Documents/Projects/mSigLIP/code/VN3K/imgs/HoGuom_00/00492_00018360.jpg,/Users/phamtunglam/Documents/Projects/mSigLIP/code/artifacts/deployment/qnn_inputs/vn3k_train_calib_2000/raw/01443_pid491_HoGuom_00_00492_00018360.raw,250,677
1444,249,train,HoGuom_00/00250_00007845.jpg,/Users/phamtunglam/Documents/Projects/mSigLIP/code/VN3K/imgs/HoGuom_00/00250_00007845.jpg,/Users/phamtunglam/Documents/Projects/mSigLIP/code/artifacts/deployment/qnn_inputs/vn3k_train_calib_2000/raw/01444_pid249_HoGuom_00_00250_00007845.raw,85,247
1445,1583,train,DHHN_HVBCVT_00/01584_00011715.jpg,/Users/phamtunglam/Documents/Projects/mSigLIP/code/VN3K/imgs/DHHN_HVBCVT_00/01584_00011715.jpg,/Users/phamtunglam/Documents/Projects/mSigLIP/code/artifacts/deployment/qnn_inputs/vn3k_train_calib_2000/raw/01445_pid1583_DHHN_HVBCVT_00_01584_00011715.raw,321,613
1446,8,train,TEST_DATA/Person9.2/output_9.jpg,/Users/phamtunglam/Documents/Projects/mSigLIP/code/VN3K/imgs/TEST_DATA/Person9.2/output_9.jpg,/Users/phamtunglam/Documents/Projects/mSigLIP/code/artifacts/deployment/qnn_inputs/vn3k_train_calib_2000/raw/01446_pid8_TEST_DATA_Person9.2_output_9.raw,100,279
1447,39,train,TEST_DATA/Person40.2/output_2.jpg,/Users/phamtunglam/Documents/Projects/mSigLIP/code/VN3K/imgs/TEST_DATA/Person40.2/output_2.jpg,/Users/phamtunglam/Documents/Projects/mSigLIP/code/artifacts/deployment/qnn_inputs/vn3k_train_calib_2000/raw/01447_pid39_TEST_DATA_Person40.2_output_2.raw,94,227
1448,1358,train,HoGuom_01/01359_00008115.jpg,/Users/phamtunglam/Documents/Projects/mSigLIP/code/VN3K/imgs/HoGuom_01/01359_00008115.jpg,/Users/phamtunglam/Documents/Projects/mSigLIP/code/artifacts/deployment/qnn_inputs/vn3k_train_calib_2000/raw/01448_pid1358_HoGuom_01_01359_00008115.raw,79,249
1449,610,train,HoGuom_00/00611_00006650.jpg,/Users/phamtunglam/Documents/Projects/mSigLIP/code/VN3K/imgs/HoGuom_00/00611_00006650.jpg,/Users/phamtunglam/Documents/Projects/mSigLIP/code/artifacts/deployment/qnn_inputs/vn3k_train_calib_2000/raw/01449_pid610_HoGuom_00_00611_00006650.raw,171,479
1450,706,train,HoGuom_00/00707_00010410.jpg,/Users/phamtunglam/Documents/Projects/mSigLIP/code/VN3K/imgs/HoGuom_00/00707_00010410.jpg,/Users/phamtunglam/Documents/Projects/mSigLIP/code/artifacts/deployment/qnn_inputs/vn3k_train_calib_2000/raw/01450_pid706_HoGuom_00_00707_00010410.raw,90,285
1451,155,train,HoGuom_00/00156_00003580.jpg,/Users/phamtunglam/Documents/Projects/mSigLIP/code/VN3K/imgs/HoGuom_00/00156_00003580.jpg,/Users/phamtunglam/Documents/Projects/mSigLIP/code/artifacts/deployment/qnn_inputs/vn3k_train_calib_2000/raw/01451_pid155_HoGuom_00_00156_00003580.raw,330,682
1452,1997,train,TamChuc_01/01998_2.jpg,/Users/phamtunglam/Documents/Projects/mSigLIP/code/VN3K/imgs/TamChuc_01/01998_2.jpg,/Users/phamtunglam/Documents/Projects/mSigLIP/code/artifacts/deployment/qnn_inputs/vn3k_train_calib_2000/raw/01452_pid1997_TamChuc_01_01998_2.raw,159,351
1453,737,train,HoGuom_00/00738_00012450.jpg,/Users/phamtunglam/Documents/Projects/mSigLIP/code/VN3K/imgs/HoGuom_00/00738_00012450.jpg,/Users/phamtunglam/Documents/Projects/mSigLIP/code/artifacts/deployment/qnn_inputs/vn3k_train_calib_2000/raw/01453_pid737_HoGuom_00_00738_00012450.raw,156,442
1454,1885,train,DHGTVT_00/01886_00003920.jpg,/Users/phamtunglam/Documents/Projects/mSigLIP/code/VN3K/imgs/DHGTVT_00/01886_00003920.jpg,/Users/phamtunglam/Documents/Projects/mSigLIP/code/artifacts/deployment/qnn_inputs/vn3k_train_calib_2000/raw/01454_pid1885_DHGTVT_00_01886_00003920.raw,76,166
1455,1350,train,HoGuom_01/01351_00008775.jpg,/Users/phamtunglam/Documents/Projects/mSigLIP/code/VN3K/imgs/HoGuom_01/01351_00008775.jpg,/Users/phamtunglam/Documents/Projects/mSigLIP/code/artifacts/deployment/qnn_inputs/vn3k_train_calib_2000/raw/01455_pid1350_HoGuom_01_01351_00008775.raw,123,344
1456,1261,train,HoGuom_01/01262_00008850.jpg,/Users/phamtunglam/Documents/Projects/mSigLIP/code/VN3K/imgs/HoGuom_01/01262_00008850.jpg,/Users/phamtunglam/Documents/Projects/mSigLIP/code/artifacts/deployment/qnn_inputs/vn3k_train_calib_2000/raw/01456_pid1261_HoGuom_01_01262_00008850.raw,140,376
1457,1353,train,HoGuom_01/01354_00007725.jpg,/Users/phamtunglam/Documents/Projects/mSigLIP/code/VN3K/imgs/HoGuom_01/01354_00007725.jpg,/Users/phamtunglam/Documents/Projects/mSigLIP/code/artifacts/deployment/qnn_inputs/vn3k_train_calib_2000/raw/01457_pid1353_HoGuom_01_01354_00007725.raw,313,742
1458,1274,train,HoGuom_01/01275_00006945.jpg,/Users/phamtunglam/Documents/Projects/mSigLIP/code/VN3K/imgs/HoGuom_01/01275_00006945.jpg,/Users/phamtunglam/Documents/Projects/mSigLIP/code/artifacts/deployment/qnn_inputs/vn3k_train_calib_2000/raw/01458_pid1274_HoGuom_01_01275_00006945.raw,69,215
1459,1360,train,HoGuom_01/01361_00008190.jpg,/Users/phamtunglam/Documents/Projects/mSigLIP/code/VN3K/imgs/HoGuom_01/01361_00008190.jpg,/Users/phamtunglam/Documents/Projects/mSigLIP/code/artifacts/deployment/qnn_inputs/vn3k_train_calib_2000/raw/01459_pid1360_HoGuom_01_01361_00008190.raw,155,385
1460,1411,train,HoGuom_01/01412_1.jpg,/Users/phamtunglam/Documents/Projects/mSigLIP/code/VN3K/imgs/HoGuom_01/01412_1.jpg,/Users/phamtunglam/Documents/Projects/mSigLIP/code/artifacts/deployment/qnn_inputs/vn3k_train_calib_2000/raw/01460_pid1411_HoGuom_01_01412_1.raw,126,301
1461,253,train,HoGuom_00/00254_00007945.jpg,/Users/phamtunglam/Documents/Projects/mSigLIP/code/VN3K/imgs/HoGuom_00/00254_00007945.jpg,/Users/phamtunglam/Documents/Projects/mSigLIP/code/artifacts/deployment/qnn_inputs/vn3k_train_calib_2000/raw/01461_pid253_HoGuom_00_00254_00007945.raw,70,219
1462,1720,train,DHHN_HVBCVT_00/01721_00011235.jpg,/Users/phamtunglam/Documents/Projects/mSigLIP/code/VN3K/imgs/DHHN_HVBCVT_00/01721_00011235.jpg,/Users/phamtunglam/Documents/Projects/mSigLIP/code/artifacts/deployment/qnn_inputs/vn3k_train_calib_2000/raw/01462_pid1720_DHHN_HVBCVT_00_01721_00011235.raw,72,222
1463,679,train,HoGuom_00/00680_00009270.jpg,/Users/phamtunglam/Documents/Projects/mSigLIP/code/VN3K/imgs/HoGuom_00/00680_00009270.jpg,/Users/phamtunglam/Documents/Projects/mSigLIP/code/artifacts/deployment/qnn_inputs/vn3k_train_calib_2000/raw/01463_pid679_HoGuom_00_00680_00009270.raw,387,894
1464,1378,train,HoGuom_01/01379_00007680.jpg,/Users/phamtunglam/Documents/Projects/mSigLIP/code/VN3K/imgs/HoGuom_01/01379_00007680.jpg,/Users/phamtunglam/Documents/Projects/mSigLIP/code/artifacts/deployment/qnn_inputs/vn3k_train_calib_2000/raw/01464_pid1378_HoGuom_01_01379_00007680.raw,109,284
1465,1392,train,HoGuom_01/01393_2.jpg,/Users/phamtunglam/Documents/Projects/mSigLIP/code/VN3K/imgs/HoGuom_01/01393_2.jpg,/Users/phamtunglam/Documents/Projects/mSigLIP/code/artifacts/deployment/qnn_inputs/vn3k_train_calib_2000/raw/01465_pid1392_HoGuom_01_01393_2.raw,131,336
1466,1906,train,DHGTVT_00/01907_00007740.jpg,/Users/phamtunglam/Documents/Projects/mSigLIP/code/VN3K/imgs/DHGTVT_00/01907_00007740.jpg,/Users/phamtunglam/Documents/Projects/mSigLIP/code/artifacts/deployment/qnn_inputs/vn3k_train_calib_2000/raw/01466_pid1906_DHGTVT_00_01907_00007740.raw,115,252
1467,556,train,HoGuom_00/00557_00004595.jpg,/Users/phamtunglam/Documents/Projects/mSigLIP/code/VN3K/imgs/HoGuom_00/00557_00004595.jpg,/Users/phamtunglam/Documents/Projects/mSigLIP/code/artifacts/deployment/qnn_inputs/vn3k_train_calib_2000/raw/01467_pid556_HoGuom_00_00557_00004595.raw,105,221
1468,1920,train,DHGTVT_00/01921_00010020.jpg,/Users/phamtunglam/Documents/Projects/mSigLIP/code/VN3K/imgs/DHGTVT_00/01921_00010020.jpg,/Users/phamtunglam/Documents/Projects/mSigLIP/code/artifacts/deployment/qnn_inputs/vn3k_train_calib_2000/raw/01468_pid1920_DHGTVT_00_01921_00010020.raw,77,181
1469,1941,train,DHGTVT_00/01942_00011020.jpg,/Users/phamtunglam/Documents/Projects/mSigLIP/code/VN3K/imgs/DHGTVT_00/01942_00011020.jpg,/Users/phamtunglam/Documents/Projects/mSigLIP/code/artifacts/deployment/qnn_inputs/vn3k_train_calib_2000/raw/01469_pid1941_DHGTVT_00_01942_00011020.raw,74,199
1470,852,train,HoGuom_01/00853_00010215.jpg,/Users/phamtunglam/Documents/Projects/mSigLIP/code/VN3K/imgs/HoGuom_01/00853_00010215.jpg,/Users/phamtunglam/Documents/Projects/mSigLIP/code/artifacts/deployment/qnn_inputs/vn3k_train_calib_2000/raw/01470_pid852_HoGuom_01_00853_00010215.raw,85,192
1471,62,train,TRAINNING_DATA/Person63/output_9.jpg,/Users/phamtunglam/Documents/Projects/mSigLIP/code/VN3K/imgs/TRAINNING_DATA/Person63/output_9.jpg,/Users/phamtunglam/Documents/Projects/mSigLIP/code/artifacts/deployment/qnn_inputs/vn3k_train_calib_2000/raw/01471_pid62_TRAINNING_DATA_Person63_output_9.raw,155,305
1472,70,train,TRAINNING_DATA/Person71/output_6.jpg,/Users/phamtunglam/Documents/Projects/mSigLIP/code/VN3K/imgs/TRAINNING_DATA/Person71/output_6.jpg,/Users/phamtunglam/Documents/Projects/mSigLIP/code/artifacts/deployment/qnn_inputs/vn3k_train_calib_2000/raw/01472_pid70_TRAINNING_DATA_Person71_output_6.raw,107,296
1473,41,train,TEST_DATA/Person42.2/output_2.jpg,/Users/phamtunglam/Documents/Projects/mSigLIP/code/VN3K/imgs/TEST_DATA/Person42.2/output_2.jpg,/Users/phamtunglam/Documents/Projects/mSigLIP/code/artifacts/deployment/qnn_inputs/vn3k_train_calib_2000/raw/01473_pid41_TEST_DATA_Person42.2_output_2.raw,100,246
1474,1659,train,DHHN_HVBCVT_00/01660_00044745.jpg,/Users/phamtunglam/Documents/Projects/mSigLIP/code/VN3K/imgs/DHHN_HVBCVT_00/01660_00044745.jpg,/Users/phamtunglam/Documents/Projects/mSigLIP/code/artifacts/deployment/qnn_inputs/vn3k_train_calib_2000/raw/01474_pid1659_DHHN_HVBCVT_00_01660_00044745.raw,67,184
1475,432,train,HoGuom_00/00433_00014690.jpg,/Users/phamtunglam/Documents/Projects/mSigLIP/code/VN3K/imgs/HoGuom_00/00433_00014690.jpg,/Users/phamtunglam/Documents/Projects/mSigLIP/code/artifacts/deployment/qnn_inputs/vn3k_train_calib_2000/raw/01475_pid432_HoGuom_00_00433_00014690.raw,100,278
1476,899,train,HoGuom_01/00900_00016260.jpg,/Users/phamtunglam/Documents/Projects/mSigLIP/code/VN3K/imgs/HoGuom_01/00900_00016260.jpg,/Users/phamtunglam/Documents/Projects/mSigLIP/code/artifacts/deployment/qnn_inputs/vn3k_train_calib_2000/raw/01476_pid899_HoGuom_01_00900_00016260.raw,121,295
1477,1584,train,DHHN_HVBCVT_00/01585_00008280.jpg,/Users/phamtunglam/Documents/Projects/mSigLIP/code/VN3K/imgs/DHHN_HVBCVT_00/01585_00008280.jpg,/Users/phamtunglam/Documents/Projects/mSigLIP/code/artifacts/deployment/qnn_inputs/vn3k_train_calib_2000/raw/01477_pid1584_DHHN_HVBCVT_00_01585_00008280.raw,187,500
1478,1988,train,DHGTVT_00/01989_00031870.jpg,/Users/phamtunglam/Documents/Projects/mSigLIP/code/VN3K/imgs/DHGTVT_00/01989_00031870.jpg,/Users/phamtunglam/Documents/Projects/mSigLIP/code/artifacts/deployment/qnn_inputs/vn3k_train_calib_2000/raw/01478_pid1988_DHGTVT_00_01989_00031870.raw,148,396
1479,1065,train,HoGuom_01/01066_00000915.jpg,/Users/phamtunglam/Documents/Projects/mSigLIP/code/VN3K/imgs/HoGuom_01/01066_00000915.jpg,/Users/phamtunglam/Documents/Projects/mSigLIP/code/artifacts/deployment/qnn_inputs/vn3k_train_calib_2000/raw/01479_pid1065_HoGuom_01_01066_00000915.raw,136,384
1480,1635,train,DHHN_HVBCVT_00/01636_00034335.jpg,/Users/phamtunglam/Documents/Projects/mSigLIP/code/VN3K/imgs/DHHN_HVBCVT_00/01636_00034335.jpg,/Users/phamtunglam/Documents/Projects/mSigLIP/code/artifacts/deployment/qnn_inputs/vn3k_train_calib_2000/raw/01480_pid1635_DHHN_HVBCVT_00_01636_00034335.raw,164,466
1481,1993,train,TamChuc_01/01994_2.jpg,/Users/phamtunglam/Documents/Projects/mSigLIP/code/VN3K/imgs/TamChuc_01/01994_2.jpg,/Users/phamtunglam/Documents/Projects/mSigLIP/code/artifacts/deployment/qnn_inputs/vn3k_train_calib_2000/raw/01481_pid1993_TamChuc_01_01994_2.raw,102,292
1482,1693,train,DHHN_HVBCVT_00/01694_00004575.jpg,/Users/phamtunglam/Documents/Projects/mSigLIP/code/VN3K/imgs/DHHN_HVBCVT_00/01694_00004575.jpg,/Users/phamtunglam/Documents/Projects/mSigLIP/code/artifacts/deployment/qnn_inputs/vn3k_train_calib_2000/raw/01482_pid1693_DHHN_HVBCVT_00_01694_00004575.raw,87,249
1483,220,train,HoGuom_00/00221_00005940.jpg,/Users/phamtunglam/Documents/Projects/mSigLIP/code/VN3K/imgs/HoGuom_00/00221_00005940.jpg,/Users/phamtunglam/Documents/Projects/mSigLIP/code/artifacts/deployment/qnn_inputs/vn3k_train_calib_2000/raw/01483_pid220_HoGuom_00_00221_00005940.raw,65,197
1484,1496,train,DHHN_HVBCVT_00/01497_01497200.jpg,/Users/phamtunglam/Documents/Projects/mSigLIP/code/VN3K/imgs/DHHN_HVBCVT_00/01497_01497200.jpg,/Users/phamtunglam/Documents/Projects/mSigLIP/code/artifacts/deployment/qnn_inputs/vn3k_train_calib_2000/raw/01484_pid1496_DHHN_HVBCVT_00_01497_01497200.raw,64,102
1485,443,train,HoGuom_00/00444_00015055.jpg,/Users/phamtunglam/Documents/Projects/mSigLIP/code/VN3K/imgs/HoGuom_00/00444_00015055.jpg,/Users/phamtunglam/Documents/Projects/mSigLIP/code/artifacts/deployment/qnn_inputs/vn3k_train_calib_2000/raw/01485_pid443_HoGuom_00_00444_00015055.raw,79,217
1486,1182,train,HoGuom_01/01183_00003090.jpg,/Users/phamtunglam/Documents/Projects/mSigLIP/code/VN3K/imgs/HoGuom_01/01183_00003090.jpg,/Users/phamtunglam/Documents/Projects/mSigLIP/code/artifacts/deployment/qnn_inputs/vn3k_train_calib_2000/raw/01486_pid1182_HoGuom_01_01183_00003090.raw,226,610
1487,261,train,HoGuom_00/00262_00008295.jpg,/Users/phamtunglam/Documents/Projects/mSigLIP/code/VN3K/imgs/HoGuom_00/00262_00008295.jpg,/Users/phamtunglam/Documents/Projects/mSigLIP/code/artifacts/deployment/qnn_inputs/vn3k_train_calib_2000/raw/01487_pid261_HoGuom_00_00262_00008295.raw,147,389
1488,470,train,HoGuom_00/00471_00016430.jpg,/Users/phamtunglam/Documents/Projects/mSigLIP/code/VN3K/imgs/HoGuom_00/00471_00016430.jpg,/Users/phamtunglam/Documents/Projects/mSigLIP/code/artifacts/deployment/qnn_inputs/vn3k_train_calib_2000/raw/01488_pid470_HoGuom_00_00471_00016430.raw,71,167
1489,1962,train,DHGTVT_00/01963_00019260.jpg,/Users/phamtunglam/Documents/Projects/mSigLIP/code/VN3K/imgs/DHGTVT_00/01963_00019260.jpg,/Users/phamtunglam/Documents/Projects/mSigLIP/code/artifacts/deployment/qnn_inputs/vn3k_train_calib_2000/raw/01489_pid1962_DHGTVT_00_01963_00019260.raw,107,319
1490,108,train,HoGuom_00/00109_00001945.jpg,/Users/phamtunglam/Documents/Projects/mSigLIP/code/VN3K/imgs/HoGuom_00/00109_00001945.jpg,/Users/phamtunglam/Documents/Projects/mSigLIP/code/artifacts/deployment/qnn_inputs/vn3k_train_calib_2000/raw/01490_pid108_HoGuom_00_00109_00001945.raw,238,618
1491,1896,train,DHGTVT_00/01897_00006870.jpg,/Users/phamtunglam/Documents/Projects/mSigLIP/code/VN3K/imgs/DHGTVT_00/01897_00006870.jpg,/Users/phamtunglam/Documents/Projects/mSigLIP/code/artifacts/deployment/qnn_inputs/vn3k_train_calib_2000/raw/01491_pid1896_DHGTVT_00_01897_00006870.raw,88,193
1492,19,train,TRAINNING_DATA/Person20/output_2.jpg,/Users/phamtunglam/Documents/Projects/mSigLIP/code/VN3K/imgs/TRAINNING_DATA/Person20/output_2.jpg,/Users/phamtunglam/Documents/Projects/mSigLIP/code/artifacts/deployment/qnn_inputs/vn3k_train_calib_2000/raw/01492_pid19_TRAINNING_DATA_Person20_output_2.raw,121,371
1493,1243,train,HoGuom_01/01244_00004380.jpg,/Users/phamtunglam/Documents/Projects/mSigLIP/code/VN3K/imgs/HoGuom_01/01244_00004380.jpg,/Users/phamtunglam/Documents/Projects/mSigLIP/code/artifacts/deployment/qnn_inputs/vn3k_train_calib_2000/raw/01493_pid1243_HoGuom_01_01244_00004380.raw,190,500
1494,24,train,TEST_DATA/Person25.2/output_2.jpg,/Users/phamtunglam/Documents/Projects/mSigLIP/code/VN3K/imgs/TEST_DATA/Person25.2/output_2.jpg,/Users/phamtunglam/Documents/Projects/mSigLIP/code/artifacts/deployment/qnn_inputs/vn3k_train_calib_2000/raw/01494_pid24_TEST_DATA_Person25.2_output_2.raw,107,221
1495,1960,train,DHGTVT_00/01961_00018470.jpg,/Users/phamtunglam/Documents/Projects/mSigLIP/code/VN3K/imgs/DHGTVT_00/01961_00018470.jpg,/Users/phamtunglam/Documents/Projects/mSigLIP/code/artifacts/deployment/qnn_inputs/vn3k_train_calib_2000/raw/01495_pid1960_DHGTVT_00_01961_00018470.raw,110,307
1496,77,train,HoGuom_00/00078_00000235.jpg,/Users/phamtunglam/Documents/Projects/mSigLIP/code/VN3K/imgs/HoGuom_00/00078_00000235.jpg,/Users/phamtunglam/Documents/Projects/mSigLIP/code/artifacts/deployment/qnn_inputs/vn3k_train_calib_2000/raw/01496_pid77_HoGuom_00_00078_00000235.raw,70,228
1497,1113,train,HoGuom_01/01114_00001350.jpg,/Users/phamtunglam/Documents/Projects/mSigLIP/code/VN3K/imgs/HoGuom_01/01114_00001350.jpg,/Users/phamtunglam/Documents/Projects/mSigLIP/code/artifacts/deployment/qnn_inputs/vn3k_train_calib_2000/raw/01497_pid1113_HoGuom_01_01114_00001350.raw,207,499
1498,1302,train,HoGuom_01/01303_00006900.jpg,/Users/phamtunglam/Documents/Projects/mSigLIP/code/VN3K/imgs/HoGuom_01/01303_00006900.jpg,/Users/phamtunglam/Documents/Projects/mSigLIP/code/artifacts/deployment/qnn_inputs/vn3k_train_calib_2000/raw/01498_pid1302_HoGuom_01_01303_00006900.raw,114,231
1499,1187,train,HoGuom_01/01188_00001845.jpg,/Users/phamtunglam/Documents/Projects/mSigLIP/code/VN3K/imgs/HoGuom_01/01188_00001845.jpg,/Users/phamtunglam/Documents/Projects/mSigLIP/code/artifacts/deployment/qnn_inputs/vn3k_train_calib_2000/raw/01499_pid1187_HoGuom_01_01188_00001845.raw,110,368
1500,1393,train,HoGuom_01/01394_1.jpg,/Users/phamtunglam/Documents/Projects/mSigLIP/code/VN3K/imgs/HoGuom_01/01394_1.jpg,/Users/phamtunglam/Documents/Projects/mSigLIP/code/artifacts/deployment/qnn_inputs/vn3k_train_calib_2000/raw/01500_pid1393_HoGuom_01_01394_1.raw,204,707
1501,1096,train,HoGuom_01/01097_00005955.jpg,/Users/phamtunglam/Documents/Projects/mSigLIP/code/VN3K/imgs/HoGuom_01/01097_00005955.jpg,/Users/phamtunglam/Documents/Projects/mSigLIP/code/artifacts/deployment/qnn_inputs/vn3k_train_calib_2000/raw/01501_pid1096_HoGuom_01_01097_00005955.raw,73,221
1502,1377,train,HoGuom_01/01378_00007455.jpg,/Users/phamtunglam/Documents/Projects/mSigLIP/code/VN3K/imgs/HoGuom_01/01378_00007455.jpg,/Users/phamtunglam/Documents/Projects/mSigLIP/code/artifacts/deployment/qnn_inputs/vn3k_train_calib_2000/raw/01502_pid1377_HoGuom_01_01378_00007455.raw,101,298
1503,842,train,HoGuom_01/00843_00009195.jpg,/Users/phamtunglam/Documents/Projects/mSigLIP/code/VN3K/imgs/HoGuom_01/00843_00009195.jpg,/Users/phamtunglam/Documents/Projects/mSigLIP/code/artifacts/deployment/qnn_inputs/vn3k_train_calib_2000/raw/01503_pid842_HoGuom_01_00843_00009195.raw,133,275
1504,247,train,HoGuom_00/00248_00007965.jpg,/Users/phamtunglam/Documents/Projects/mSigLIP/code/VN3K/imgs/HoGuom_00/00248_00007965.jpg,/Users/phamtunglam/Documents/Projects/mSigLIP/code/artifacts/deployment/qnn_inputs/vn3k_train_calib_2000/raw/01504_pid247_HoGuom_00_00248_00007965.raw,134,328
1505,1585,train,DHHN_HVBCVT_00/01586_00012030.jpg,/Users/phamtunglam/Documents/Projects/mSigLIP/code/VN3K/imgs/DHHN_HVBCVT_00/01586_00012030.jpg,/Users/phamtunglam/Documents/Projects/mSigLIP/code/artifacts/deployment/qnn_inputs/vn3k_train_calib_2000/raw/01505_pid1585_DHHN_HVBCVT_00_01586_00012030.raw,85,201
1506,530,train,HoGuom_00/00531_00003020.jpg,/Users/phamtunglam/Documents/Projects/mSigLIP/code/VN3K/imgs/HoGuom_00/00531_00003020.jpg,/Users/phamtunglam/Documents/Projects/mSigLIP/code/artifacts/deployment/qnn_inputs/vn3k_train_calib_2000/raw/01506_pid530_HoGuom_00_00531_00003020.raw,137,135
1507,1590,train,DHHN_HVBCVT_00/01591_00009120.jpg,/Users/phamtunglam/Documents/Projects/mSigLIP/code/VN3K/imgs/DHHN_HVBCVT_00/01591_00009120.jpg,/Users/phamtunglam/Documents/Projects/mSigLIP/code/artifacts/deployment/qnn_inputs/vn3k_train_calib_2000/raw/01507_pid1590_DHHN_HVBCVT_00_01591_00009120.raw,65,123
1508,1434,train,HoGuom_01/01435_1.jpg,/Users/phamtunglam/Documents/Projects/mSigLIP/code/VN3K/imgs/HoGuom_01/01435_1.jpg,/Users/phamtunglam/Documents/Projects/mSigLIP/code/artifacts/deployment/qnn_inputs/vn3k_train_calib_2000/raw/01508_pid1434_HoGuom_01_01435_1.raw,210,710
1509,296,train,HoGuom_00/00297_00009760.jpg,/Users/phamtunglam/Documents/Projects/mSigLIP/code/VN3K/imgs/HoGuom_00/00297_00009760.jpg,/Users/phamtunglam/Documents/Projects/mSigLIP/code/artifacts/deployment/qnn_inputs/vn3k_train_calib_2000/raw/01509_pid296_HoGuom_00_00297_00009760.raw,128,262
1510,796,train,HoGuom_01/00797_00000960.jpg,/Users/phamtunglam/Documents/Projects/mSigLIP/code/VN3K/imgs/HoGuom_01/00797_00000960.jpg,/Users/phamtunglam/Documents/Projects/mSigLIP/code/artifacts/deployment/qnn_inputs/vn3k_train_calib_2000/raw/01510_pid796_HoGuom_01_00797_00000960.raw,65,170
1511,1505,train,DHHN_HVBCVT_00/01506_00002475.jpg,/Users/phamtunglam/Documents/Projects/mSigLIP/code/VN3K/imgs/DHHN_HVBCVT_00/01506_00002475.jpg,/Users/phamtunglam/Documents/Projects/mSigLIP/code/artifacts/deployment/qnn_inputs/vn3k_train_calib_2000/raw/01511_pid1505_DHHN_HVBCVT_00_01506_00002475.raw,83,205
1512,714,train,HoGuom_00/00715_00012225.jpg,/Users/phamtunglam/Documents/Projects/mSigLIP/code/VN3K/imgs/HoGuom_00/00715_00012225.jpg,/Users/phamtunglam/Documents/Projects/mSigLIP/code/artifacts/deployment/qnn_inputs/vn3k_train_calib_2000/raw/01512_pid714_HoGuom_00_00715_00012225.raw,168,429
1513,1830,train,DHHN_HVBCVT_00/01831_00028380.jpg,/Users/phamtunglam/Documents/Projects/mSigLIP/code/VN3K/imgs/DHHN_HVBCVT_00/01831_00028380.jpg,/Users/phamtunglam/Documents/Projects/mSigLIP/code/artifacts/deployment/qnn_inputs/vn3k_train_calib_2000/raw/01513_pid1830_DHHN_HVBCVT_00_01831_00028380.raw,160,377
1514,74,train,HoGuom_00/00075_00000140.jpg,/Users/phamtunglam/Documents/Projects/mSigLIP/code/VN3K/imgs/HoGuom_00/00075_00000140.jpg,/Users/phamtunglam/Documents/Projects/mSigLIP/code/artifacts/deployment/qnn_inputs/vn3k_train_calib_2000/raw/01514_pid74_HoGuom_00_00075_00000140.raw,195,474
1515,1366,train,HoGuom_01/01367_00008580.jpg,/Users/phamtunglam/Documents/Projects/mSigLIP/code/VN3K/imgs/HoGuom_01/01367_00008580.jpg,/Users/phamtunglam/Documents/Projects/mSigLIP/code/artifacts/deployment/qnn_inputs/vn3k_train_calib_2000/raw/01515_pid1366_HoGuom_01_01367_00008580.raw,107,308
1516,294,train,HoGuom_00/00295_00009340.jpg,/Users/phamtunglam/Documents/Projects/mSigLIP/code/VN3K/imgs/HoGuom_00/00295_00009340.jpg,/Users/phamtunglam/Documents/Projects/mSigLIP/code/artifacts/deployment/qnn_inputs/vn3k_train_calib_2000/raw/01516_pid294_HoGuom_00_00295_00009340.raw,80,167
1517,541,train,HoGuom_00/00542_00003630.jpg,/Users/phamtunglam/Documents/Projects/mSigLIP/code/VN3K/imgs/HoGuom_00/00542_00003630.jpg,/Users/phamtunglam/Documents/Projects/mSigLIP/code/artifacts/deployment/qnn_inputs/vn3k_train_calib_2000/raw/01517_pid541_HoGuom_00_00542_00003630.raw,268,732
1518,1020,train,HoGuom_01/01021_00002145.jpg,/Users/phamtunglam/Documents/Projects/mSigLIP/code/VN3K/imgs/HoGuom_01/01021_00002145.jpg,/Users/phamtunglam/Documents/Projects/mSigLIP/code/artifacts/deployment/qnn_inputs/vn3k_train_calib_2000/raw/01518_pid1020_HoGuom_01_01021_00002145.raw,272,614
1519,1768,train,DHHN_HVBCVT_00/01769_00001530.jpg,/Users/phamtunglam/Documents/Projects/mSigLIP/code/VN3K/imgs/DHHN_HVBCVT_00/01769_00001530.jpg,/Users/phamtunglam/Documents/Projects/mSigLIP/code/artifacts/deployment/qnn_inputs/vn3k_train_calib_2000/raw/01519_pid1768_DHHN_HVBCVT_00_01769_00001530.raw,140,417
1520,1282,train,HoGuom_01/01283_00005205.jpg,/Users/phamtunglam/Documents/Projects/mSigLIP/code/VN3K/imgs/HoGuom_01/01283_00005205.jpg,/Users/phamtunglam/Documents/Projects/mSigLIP/code/artifacts/deployment/qnn_inputs/vn3k_train_calib_2000/raw/01520_pid1282_HoGuom_01_01283_00005205.raw,215,333
1521,1621,train,DHHN_HVBCVT_00/01622_00025155.jpg,/Users/phamtunglam/Documents/Projects/mSigLIP/code/VN3K/imgs/DHHN_HVBCVT_00/01622_00025155.jpg,/Users/phamtunglam/Documents/Projects/mSigLIP/code/artifacts/deployment/qnn_inputs/vn3k_train_calib_2000/raw/01521_pid1621_DHHN_HVBCVT_00_01622_00025155.raw,65,196
1522,1159,train,HoGuom_01/01160_00000285.jpg,/Users/phamtunglam/Documents/Projects/mSigLIP/code/VN3K/imgs/HoGuom_01/01160_00000285.jpg,/Users/phamtunglam/Documents/Projects/mSigLIP/code/artifacts/deployment/qnn_inputs/vn3k_train_calib_2000/raw/01522_pid1159_HoGuom_01_01160_00000285.raw,73,237
1523,1505,train,DHHN_HVBCVT_00/01506_00002490.jpg,/Users/phamtunglam/Documents/Projects/mSigLIP/code/VN3K/imgs/DHHN_HVBCVT_00/01506_00002490.jpg,/Users/phamtunglam/Documents/Projects/mSigLIP/code/artifacts/deployment/qnn_inputs/vn3k_train_calib_2000/raw/01523_pid1505_DHHN_HVBCVT_00_01506_00002490.raw,274,679
1524,870,train,HoGuom_01/00871_00011340.jpg,/Users/phamtunglam/Documents/Projects/mSigLIP/code/VN3K/imgs/HoGuom_01/00871_00011340.jpg,/Users/phamtunglam/Documents/Projects/mSigLIP/code/artifacts/deployment/qnn_inputs/vn3k_train_calib_2000/raw/01524_pid870_HoGuom_01_00871_00011340.raw,119,339
1525,177,train,HoGuom_00/00178_00004430.jpg,/Users/phamtunglam/Documents/Projects/mSigLIP/code/VN3K/imgs/HoGuom_00/00178_00004430.jpg,/Users/phamtunglam/Documents/Projects/mSigLIP/code/artifacts/deployment/qnn_inputs/vn3k_train_calib_2000/raw/01525_pid177_HoGuom_00_00178_00004430.raw,165,449
1526,1983,train,DHGTVT_00/01984_00031150.jpg,/Users/phamtunglam/Documents/Projects/mSigLIP/code/VN3K/imgs/DHGTVT_00/01984_00031150.jpg,/Users/phamtunglam/Documents/Projects/mSigLIP/code/artifacts/deployment/qnn_inputs/vn3k_train_calib_2000/raw/01526_pid1983_DHGTVT_00_01984_00031150.raw,152,369
1527,406,train,HoGuom_00/00407_00013740.jpg,/Users/phamtunglam/Documents/Projects/mSigLIP/code/VN3K/imgs/HoGuom_00/00407_00013740.jpg,/Users/phamtunglam/Documents/Projects/mSigLIP/code/artifacts/deployment/qnn_inputs/vn3k_train_calib_2000/raw/01527_pid406_HoGuom_00_00407_00013740.raw,79,186
1528,1680,train,DHHN_HVBCVT_00/01681_00002610.jpg,/Users/phamtunglam/Documents/Projects/mSigLIP/code/VN3K/imgs/DHHN_HVBCVT_00/01681_00002610.jpg,/Users/phamtunglam/Documents/Projects/mSigLIP/code/artifacts/deployment/qnn_inputs/vn3k_train_calib_2000/raw/01528_pid1680_DHHN_HVBCVT_00_01681_00002610.raw,87,262
1529,1670,train,DHHN_HVBCVT_00/01671_00050910.jpg,/Users/phamtunglam/Documents/Projects/mSigLIP/code/VN3K/imgs/DHHN_HVBCVT_00/01671_00050910.jpg,/Users/phamtunglam/Documents/Projects/mSigLIP/code/artifacts/deployment/qnn_inputs/vn3k_train_calib_2000/raw/01529_pid1670_DHHN_HVBCVT_00_01671_00050910.raw,80,238
1530,1875,train,DHGTVT_00/01876_00004740.jpg,/Users/phamtunglam/Documents/Projects/mSigLIP/code/VN3K/imgs/DHGTVT_00/01876_00004740.jpg,/Users/phamtunglam/Documents/Projects/mSigLIP/code/artifacts/deployment/qnn_inputs/vn3k_train_calib_2000/raw/01530_pid1875_DHGTVT_00_01876_00004740.raw,117,312
1531,829,train,HoGuom_01/00830_00006615.jpg,/Users/phamtunglam/Documents/Projects/mSigLIP/code/VN3K/imgs/HoGuom_01/00830_00006615.jpg,/Users/phamtunglam/Documents/Projects/mSigLIP/code/artifacts/deployment/qnn_inputs/vn3k_train_calib_2000/raw/01531_pid829_HoGuom_01_00830_00006615.raw,79,193
1532,50,train,TRAINNING_DATA/Person51/output_6.jpg,/Users/phamtunglam/Documents/Projects/mSigLIP/code/VN3K/imgs/TRAINNING_DATA/Person51/output_6.jpg,/Users/phamtunglam/Documents/Projects/mSigLIP/code/artifacts/deployment/qnn_inputs/vn3k_train_calib_2000/raw/01532_pid50_TRAINNING_DATA_Person51_output_6.raw,118,362
1533,1227,train,HoGuom_01/01228_00003945.jpg,/Users/phamtunglam/Documents/Projects/mSigLIP/code/VN3K/imgs/HoGuom_01/01228_00003945.jpg,/Users/phamtunglam/Documents/Projects/mSigLIP/code/artifacts/deployment/qnn_inputs/vn3k_train_calib_2000/raw/01533_pid1227_HoGuom_01_01228_00003945.raw,75,216
1534,1565,train,DHHN_HVBCVT_00/01566_00002160.jpg,/Users/phamtunglam/Documents/Projects/mSigLIP/code/VN3K/imgs/DHHN_HVBCVT_00/01566_00002160.jpg,/Users/phamtunglam/Documents/Projects/mSigLIP/code/artifacts/deployment/qnn_inputs/vn3k_train_calib_2000/raw/01534_pid1565_DHHN_HVBCVT_00_01566_00002160.raw,148,405
1535,29,train,TRAINNING_DATA/Person30/output_2.jpg,/Users/phamtunglam/Documents/Projects/mSigLIP/code/VN3K/imgs/TRAINNING_DATA/Person30/output_2.jpg,/Users/phamtunglam/Documents/Projects/mSigLIP/code/artifacts/deployment/qnn_inputs/vn3k_train_calib_2000/raw/01535_pid29_TRAINNING_DATA_Person30_output_2.raw,121,252
1536,51,train,TRAINNING_DATA/Person52/output_2.jpg,/Users/phamtunglam/Documents/Projects/mSigLIP/code/VN3K/imgs/TRAINNING_DATA/Person52/output_2.jpg,/Users/phamtunglam/Documents/Projects/mSigLIP/code/artifacts/deployment/qnn_inputs/vn3k_train_calib_2000/raw/01536_pid51_TRAINNING_DATA_Person52_output_2.raw,146,319
1537,145,train,HoGuom_00/00146_00002800.jpg,/Users/phamtunglam/Documents/Projects/mSigLIP/code/VN3K/imgs/HoGuom_00/00146_00002800.jpg,/Users/phamtunglam/Documents/Projects/mSigLIP/code/artifacts/deployment/qnn_inputs/vn3k_train_calib_2000/raw/01537_pid145_HoGuom_00_00146_00002800.raw,141,342
1538,158,train,HoGuom_00/00159_00003790.jpg,/Users/phamtunglam/Documents/Projects/mSigLIP/code/VN3K/imgs/HoGuom_00/00159_00003790.jpg,/Users/phamtunglam/Documents/Projects/mSigLIP/code/artifacts/deployment/qnn_inputs/vn3k_train_calib_2000/raw/01538_pid158_HoGuom_00_00159_00003790.raw,197,570
1539,731,train,HoGuom_00/00732_00012170.jpg,/Users/phamtunglam/Documents/Projects/mSigLIP/code/VN3K/imgs/HoGuom_00/00732_00012170.jpg,/Users/phamtunglam/Documents/Projects/mSigLIP/code/artifacts/deployment/qnn_inputs/vn3k_train_calib_2000/raw/01539_pid731_HoGuom_00_00732_00012170.raw,170,481
1540,944,train,HoGuom_01/00945_00000765.jpg,/Users/phamtunglam/Documents/Projects/mSigLIP/code/VN3K/imgs/HoGuom_01/00945_00000765.jpg,/Users/phamtunglam/Documents/Projects/mSigLIP/code/artifacts/deployment/qnn_inputs/vn3k_train_calib_2000/raw/01540_pid944_HoGuom_01_00945_00000765.raw,91,221
1541,952,train,HoGuom_01/00953_00003300.jpg,/Users/phamtunglam/Documents/Projects/mSigLIP/code/VN3K/imgs/HoGuom_01/00953_00003300.jpg,/Users/phamtunglam/Documents/Projects/mSigLIP/code/artifacts/deployment/qnn_inputs/vn3k_train_calib_2000/raw/01541_pid952_HoGuom_01_00953_00003300.raw,134,390
1542,768,train,HoGuom_01/00769_00000150.jpg,/Users/phamtunglam/Documents/Projects/mSigLIP/code/VN3K/imgs/HoGuom_01/00769_00000150.jpg,/Users/phamtunglam/Documents/Projects/mSigLIP/code/artifacts/deployment/qnn_inputs/vn3k_train_calib_2000/raw/01542_pid768_HoGuom_01_00769_00000150.raw,69,160
1543,489,train,HoGuom_00/00490_00017555.jpg,/Users/phamtunglam/Documents/Projects/mSigLIP/code/VN3K/imgs/HoGuom_00/00490_00017555.jpg,/Users/phamtunglam/Documents/Projects/mSigLIP/code/artifacts/deployment/qnn_inputs/vn3k_train_calib_2000/raw/01543_pid489_HoGuom_00_00490_00017555.raw,91,208
1544,35,train,TEST_DATA/Person36.2/output_9.jpg,/Users/phamtunglam/Documents/Projects/mSigLIP/code/VN3K/imgs/TEST_DATA/Person36.2/output_9.jpg,/Users/phamtunglam/Documents/Projects/mSigLIP/code/artifacts/deployment/qnn_inputs/vn3k_train_calib_2000/raw/01544_pid35_TEST_DATA_Person36.2_output_9.raw,225,463
1545,500,train,HoGuom_00/00501_00019155.jpg,/Users/phamtunglam/Documents/Projects/mSigLIP/code/VN3K/imgs/HoGuom_00/00501_00019155.jpg,/Users/phamtunglam/Documents/Projects/mSigLIP/code/artifacts/deployment/qnn_inputs/vn3k_train_calib_2000/raw/01545_pid500_HoGuom_00_00501_00019155.raw,101,208
1546,21,train,TRAINNING_DATA/Person22/output_9.jpg,/Users/phamtunglam/Documents/Projects/mSigLIP/code/VN3K/imgs/TRAINNING_DATA/Person22/output_9.jpg,/Users/phamtunglam/Documents/Projects/mSigLIP/code/artifacts/deployment/qnn_inputs/vn3k_train_calib_2000/raw/01546_pid21_TRAINNING_DATA_Person22_output_9.raw,143,393
1547,975,train,HoGuom_01/00976_00006105.jpg,/Users/phamtunglam/Documents/Projects/mSigLIP/code/VN3K/imgs/HoGuom_01/00976_00006105.jpg,/Users/phamtunglam/Documents/Projects/mSigLIP/code/artifacts/deployment/qnn_inputs/vn3k_train_calib_2000/raw/01547_pid975_HoGuom_01_00976_00006105.raw,97,270
1548,243,train,HoGuom_00/00244_00007665.jpg,/Users/phamtunglam/Documents/Projects/mSigLIP/code/VN3K/imgs/HoGuom_00/00244_00007665.jpg,/Users/phamtunglam/Documents/Projects/mSigLIP/code/artifacts/deployment/qnn_inputs/vn3k_train_calib_2000/raw/01548_pid243_HoGuom_00_00244_00007665.raw,107,249
1549,230,train,HoGuom_00/00231_00006450.jpg,/Users/phamtunglam/Documents/Projects/mSigLIP/code/VN3K/imgs/HoGuom_00/00231_00006450.jpg,/Users/phamtunglam/Documents/Projects/mSigLIP/code/artifacts/deployment/qnn_inputs/vn3k_train_calib_2000/raw/01549_pid230_HoGuom_00_00231_00006450.raw,75,173
1550,655,train,HoGuom_00/00656_00008240.jpg,/Users/phamtunglam/Documents/Projects/mSigLIP/code/VN3K/imgs/HoGuom_00/00656_00008240.jpg,/Users/phamtunglam/Documents/Projects/mSigLIP/code/artifacts/deployment/qnn_inputs/vn3k_train_calib_2000/raw/01550_pid655_HoGuom_00_00656_00008240.raw,66,173
1551,1901,train,DHGTVT_00/01902_00006860.jpg,/Users/phamtunglam/Documents/Projects/mSigLIP/code/VN3K/imgs/DHGTVT_00/01902_00006860.jpg,/Users/phamtunglam/Documents/Projects/mSigLIP/code/artifacts/deployment/qnn_inputs/vn3k_train_calib_2000/raw/01551_pid1901_DHGTVT_00_01902_00006860.raw,73,188
1552,1743,train,DHHN_HVBCVT_00/01744_00011055.jpg,/Users/phamtunglam/Documents/Projects/mSigLIP/code/VN3K/imgs/DHHN_HVBCVT_00/01744_00011055.jpg,/Users/phamtunglam/Documents/Projects/mSigLIP/code/artifacts/deployment/qnn_inputs/vn3k_train_calib_2000/raw/01552_pid1743_DHHN_HVBCVT_00_01744_00011055.raw,227,718
1553,1285,train,HoGuom_01/01286_00006765.jpg,/Users/phamtunglam/Documents/Projects/mSigLIP/code/VN3K/imgs/HoGuom_01/01286_00006765.jpg,/Users/phamtunglam/Documents/Projects/mSigLIP/code/artifacts/deployment/qnn_inputs/vn3k_train_calib_2000/raw/01553_pid1285_HoGuom_01_01286_00006765.raw,84,185
1554,256,train,HoGuom_00/00257_00008210.jpg,/Users/phamtunglam/Documents/Projects/mSigLIP/code/VN3K/imgs/HoGuom_00/00257_00008210.jpg,/Users/phamtunglam/Documents/Projects/mSigLIP/code/artifacts/deployment/qnn_inputs/vn3k_train_calib_2000/raw/01554_pid256_HoGuom_00_00257_00008210.raw,87,213
1555,601,train,HoGuom_00/00602_00006415.jpg,/Users/phamtunglam/Documents/Projects/mSigLIP/code/VN3K/imgs/HoGuom_00/00602_00006415.jpg,/Users/phamtunglam/Documents/Projects/mSigLIP/code/artifacts/deployment/qnn_inputs/vn3k_train_calib_2000/raw/01555_pid601_HoGuom_00_00602_00006415.raw,74,224
1556,1582,train,DHHN_HVBCVT_00/01583_00008055.jpg,/Users/phamtunglam/Documents/Projects/mSigLIP/code/VN3K/imgs/DHHN_HVBCVT_00/01583_00008055.jpg,/Users/phamtunglam/Documents/Projects/mSigLIP/code/artifacts/deployment/qnn_inputs/vn3k_train_calib_2000/raw/01556_pid1582_DHHN_HVBCVT_00_01583_00008055.raw,97,173
1557,1193,train,HoGuom_01/01194_00002835.jpg,/Users/phamtunglam/Documents/Projects/mSigLIP/code/VN3K/imgs/HoGuom_01/01194_00002835.jpg,/Users/phamtunglam/Documents/Projects/mSigLIP/code/artifacts/deployment/qnn_inputs/vn3k_train_calib_2000/raw/01557_pid1193_HoGuom_01_01194_00002835.raw,223,615
1558,1267,train,HoGuom_01/01268_00004725.jpg,/Users/phamtunglam/Documents/Projects/mSigLIP/code/VN3K/imgs/HoGuom_01/01268_00004725.jpg,/Users/phamtunglam/Documents/Projects/mSigLIP/code/artifacts/deployment/qnn_inputs/vn3k_train_calib_2000/raw/01558_pid1267_HoGuom_01_01268_00004725.raw,66,221
1559,1480,train,HoGuom_01/01481_2.jpg,/Users/phamtunglam/Documents/Projects/mSigLIP/code/VN3K/imgs/HoGuom_01/01481_2.jpg,/Users/phamtunglam/Documents/Projects/mSigLIP/code/artifacts/deployment/qnn_inputs/vn3k_train_calib_2000/raw/01559_pid1480_HoGuom_01_01481_2.raw,276,586
1560,1863,train,DHGTVT_00/01864_00003790.jpg,/Users/phamtunglam/Documents/Projects/mSigLIP/code/VN3K/imgs/DHGTVT_00/01864_00003790.jpg,/Users/phamtunglam/Documents/Projects/mSigLIP/code/artifacts/deployment/qnn_inputs/vn3k_train_calib_2000/raw/01560_pid1863_DHGTVT_00_01864_00003790.raw,89,223
1561,379,train,HoGuom_00/00380_00013075.jpg,/Users/phamtunglam/Documents/Projects/mSigLIP/code/VN3K/imgs/HoGuom_00/00380_00013075.jpg,/Users/phamtunglam/Documents/Projects/mSigLIP/code/artifacts/deployment/qnn_inputs/vn3k_train_calib_2000/raw/01561_pid379_HoGuom_00_00380_00013075.raw,219,386
1562,1710,train,DHHN_HVBCVT_00/01711_00009045.jpg,/Users/phamtunglam/Documents/Projects/mSigLIP/code/VN3K/imgs/DHHN_HVBCVT_00/01711_00009045.jpg,/Users/phamtunglam/Documents/Projects/mSigLIP/code/artifacts/deployment/qnn_inputs/vn3k_train_calib_2000/raw/01562_pid1710_DHHN_HVBCVT_00_01711_00009045.raw,142,372
1563,216,train,HoGuom_00/00217_00005915.jpg,/Users/phamtunglam/Documents/Projects/mSigLIP/code/VN3K/imgs/HoGuom_00/00217_00005915.jpg,/Users/phamtunglam/Documents/Projects/mSigLIP/code/artifacts/deployment/qnn_inputs/vn3k_train_calib_2000/raw/01563_pid216_HoGuom_00_00217_00005915.raw,250,751
1564,479,train,HoGuom_00/00480_00017085.jpg,/Users/phamtunglam/Documents/Projects/mSigLIP/code/VN3K/imgs/HoGuom_00/00480_00017085.jpg,/Users/phamtunglam/Documents/Projects/mSigLIP/code/artifacts/deployment/qnn_inputs/vn3k_train_calib_2000/raw/01564_pid479_HoGuom_00_00480_00017085.raw,265,360
1565,1747,train,DHHN_HVBCVT_00/01748_00018720.jpg,/Users/phamtunglam/Documents/Projects/mSigLIP/code/VN3K/imgs/DHHN_HVBCVT_00/01748_00018720.jpg,/Users/phamtunglam/Documents/Projects/mSigLIP/code/artifacts/deployment/qnn_inputs/vn3k_train_calib_2000/raw/01565_pid1747_DHHN_HVBCVT_00_01748_00018720.raw,93,256
1566,987,train,HoGuom_01/00988_00007320.jpg,/Users/phamtunglam/Documents/Projects/mSigLIP/code/VN3K/imgs/HoGuom_01/00988_00007320.jpg,/Users/phamtunglam/Documents/Projects/mSigLIP/code/artifacts/deployment/qnn_inputs/vn3k_train_calib_2000/raw/01566_pid987_HoGuom_01_00988_00007320.raw,111,248
1567,46,train,TRAINNING_DATA/Person47/output_9.jpg,/Users/phamtunglam/Documents/Projects/mSigLIP/code/VN3K/imgs/TRAINNING_DATA/Person47/output_9.jpg,/Users/phamtunglam/Documents/Projects/mSigLIP/code/artifacts/deployment/qnn_inputs/vn3k_train_calib_2000/raw/01567_pid46_TRAINNING_DATA_Person47_output_9.raw,170,303
1568,1775,train,DHHN_HVBCVT_00/01776_00001365.jpg,/Users/phamtunglam/Documents/Projects/mSigLIP/code/VN3K/imgs/DHHN_HVBCVT_00/01776_00001365.jpg,/Users/phamtunglam/Documents/Projects/mSigLIP/code/artifacts/deployment/qnn_inputs/vn3k_train_calib_2000/raw/01568_pid1775_DHHN_HVBCVT_00_01776_00001365.raw,112,339
1569,578,train,HoGuom_00/00579_00005670.jpg,/Users/phamtunglam/Documents/Projects/mSigLIP/code/VN3K/imgs/HoGuom_00/00579_00005670.jpg,/Users/phamtunglam/Documents/Projects/mSigLIP/code/artifacts/deployment/qnn_inputs/vn3k_train_calib_2000/raw/01569_pid578_HoGuom_00_00579_00005670.raw,99,340
1570,260,train,HoGuom_00/00261_00008170.jpg,/Users/phamtunglam/Documents/Projects/mSigLIP/code/VN3K/imgs/HoGuom_00/00261_00008170.jpg,/Users/phamtunglam/Documents/Projects/mSigLIP/code/artifacts/deployment/qnn_inputs/vn3k_train_calib_2000/raw/01570_pid260_HoGuom_00_00261_00008170.raw,72,212
1571,328,train,HoGuom_00/00329_00010505.jpg,/Users/phamtunglam/Documents/Projects/mSigLIP/code/VN3K/imgs/HoGuom_00/00329_00010505.jpg,/Users/phamtunglam/Documents/Projects/mSigLIP/code/artifacts/deployment/qnn_inputs/vn3k_train_calib_2000/raw/01571_pid328_HoGuom_00_00329_00010505.raw,109,308
1572,390,train,HoGuom_00/00391_00013375.jpg,/Users/phamtunglam/Documents/Projects/mSigLIP/code/VN3K/imgs/HoGuom_00/00391_00013375.jpg,/Users/phamtunglam/Documents/Projects/mSigLIP/code/artifacts/deployment/qnn_inputs/vn3k_train_calib_2000/raw/01572_pid390_HoGuom_00_00391_00013375.raw,79,230
1573,501,train,HoGuom_00/00502_00019370.jpg,/Users/phamtunglam/Documents/Projects/mSigLIP/code/VN3K/imgs/HoGuom_00/00502_00019370.jpg,/Users/phamtunglam/Documents/Projects/mSigLIP/code/artifacts/deployment/qnn_inputs/vn3k_train_calib_2000/raw/01573_pid501_HoGuom_00_00502_00019370.raw,69,86
1574,1905,train,DHGTVT_00/01906_00007830.jpg,/Users/phamtunglam/Documents/Projects/mSigLIP/code/VN3K/imgs/DHGTVT_00/01906_00007830.jpg,/Users/phamtunglam/Documents/Projects/mSigLIP/code/artifacts/deployment/qnn_inputs/vn3k_train_calib_2000/raw/01574_pid1905_DHGTVT_00_01906_00007830.raw,85,235
1575,1086,train,HoGuom_01/01087_00002130.jpg,/Users/phamtunglam/Documents/Projects/mSigLIP/code/VN3K/imgs/HoGuom_01/01087_00002130.jpg,/Users/phamtunglam/Documents/Projects/mSigLIP/code/artifacts/deployment/qnn_inputs/vn3k_train_calib_2000/raw/01575_pid1086_HoGuom_01_01087_00002130.raw,241,566
1576,25,train,TRAINNING_DATA/Person26/output_9.jpg,/Users/phamtunglam/Documents/Projects/mSigLIP/code/VN3K/imgs/TRAINNING_DATA/Person26/output_9.jpg,/Users/phamtunglam/Documents/Projects/mSigLIP/code/artifacts/deployment/qnn_inputs/vn3k_train_calib_2000/raw/01576_pid25_TRAINNING_DATA_Person26_output_9.raw,98,328
1577,52,train,TRAINNING_DATA/Person53/output_6.jpg,/Users/phamtunglam/Documents/Projects/mSigLIP/code/VN3K/imgs/TRAINNING_DATA/Person53/output_6.jpg,/Users/phamtunglam/Documents/Projects/mSigLIP/code/artifacts/deployment/qnn_inputs/vn3k_train_calib_2000/raw/01577_pid52_TRAINNING_DATA_Person53_output_6.raw,117,297
1578,1143,train,HoGuom_01/01144_00004020.jpg,/Users/phamtunglam/Documents/Projects/mSigLIP/code/VN3K/imgs/HoGuom_01/01144_00004020.jpg,/Users/phamtunglam/Documents/Projects/mSigLIP/code/artifacts/deployment/qnn_inputs/vn3k_train_calib_2000/raw/01578_pid1143_HoGuom_01_01144_00004020.raw,85,237
1579,1100,train,HoGuom_01/01101_00000915.jpg,/Users/phamtunglam/Documents/Projects/mSigLIP/code/VN3K/imgs/HoGuom_01/01101_00000915.jpg,/Users/phamtunglam/Documents/Projects/mSigLIP/code/artifacts/deployment/qnn_inputs/vn3k_train_calib_2000/raw/01579_pid1100_HoGuom_01_01101_00000915.raw,157,355
1580,986,train,HoGuom_01/00987_00007410.jpg,/Users/phamtunglam/Documents/Projects/mSigLIP/code/VN3K/imgs/HoGuom_01/00987_00007410.jpg,/Users/phamtunglam/Documents/Projects/mSigLIP/code/artifacts/deployment/qnn_inputs/vn3k_train_calib_2000/raw/01580_pid986_HoGuom_01_00987_00007410.raw,124,356
1581,670,train,HoGuom_00/00671_00008695.jpg,/Users/phamtunglam/Documents/Projects/mSigLIP/code/VN3K/imgs/HoGuom_00/00671_00008695.jpg,/Users/phamtunglam/Documents/Projects/mSigLIP/code/artifacts/deployment/qnn_inputs/vn3k_train_calib_2000/raw/01581_pid670_HoGuom_00_00671_00008695.raw,110,307
1582,1985,train,DHGTVT_00/01986_00031040.jpg,/Users/phamtunglam/Documents/Projects/mSigLIP/code/VN3K/imgs/DHGTVT_00/01986_00031040.jpg,/Users/phamtunglam/Documents/Projects/mSigLIP/code/artifacts/deployment/qnn_inputs/vn3k_train_calib_2000/raw/01582_pid1985_DHGTVT_00_01986_00031040.raw,127,281
1583,1228,train,HoGuom_01/01229_00004065.jpg,/Users/phamtunglam/Documents/Projects/mSigLIP/code/VN3K/imgs/HoGuom_01/01229_00004065.jpg,/Users/phamtunglam/Documents/Projects/mSigLIP/code/artifacts/deployment/qnn_inputs/vn3k_train_calib_2000/raw/01583_pid1228_HoGuom_01_01229_00004065.raw,79,200
1584,1533,train,DHHN_HVBCVT_00/01534_00006030.jpg,/Users/phamtunglam/Documents/Projects/mSigLIP/code/VN3K/imgs/DHHN_HVBCVT_00/01534_00006030.jpg,/Users/phamtunglam/Documents/Projects/mSigLIP/code/artifacts/deployment/qnn_inputs/vn3k_train_calib_2000/raw/01584_pid1533_DHHN_HVBCVT_00_01534_00006030.raw,325,929
1585,916,train,HoGuom_01/00917_00008101.jpg,/Users/phamtunglam/Documents/Projects/mSigLIP/code/VN3K/imgs/HoGuom_01/00917_00008101.jpg,/Users/phamtunglam/Documents/Projects/mSigLIP/code/artifacts/deployment/qnn_inputs/vn3k_train_calib_2000/raw/01585_pid916_HoGuom_01_00917_00008101.raw,100,221
1586,126,train,HoGuom_00/00127_00002275.jpg,/Users/phamtunglam/Documents/Projects/mSigLIP/code/VN3K/imgs/HoGuom_00/00127_00002275.jpg,/Users/phamtunglam/Documents/Projects/mSigLIP/code/artifacts/deployment/qnn_inputs/vn3k_train_calib_2000/raw/01586_pid126_HoGuom_00_00127_00002275.raw,262,490
1587,170,train,HoGuom_00/00171_00004235.jpg,/Users/phamtunglam/Documents/Projects/mSigLIP/code/VN3K/imgs/HoGuom_00/00171_00004235.jpg,/Users/phamtunglam/Documents/Projects/mSigLIP/code/artifacts/deployment/qnn_inputs/vn3k_train_calib_2000/raw/01587_pid170_HoGuom_00_00171_00004235.raw,109,319
1588,1057,train,HoGuom_01/01058_00001755.jpg,/Users/phamtunglam/Documents/Projects/mSigLIP/code/VN3K/imgs/HoGuom_01/01058_00001755.jpg,/Users/phamtunglam/Documents/Projects/mSigLIP/code/artifacts/deployment/qnn_inputs/vn3k_train_calib_2000/raw/01588_pid1057_HoGuom_01_01058_00001755.raw,267,632
1589,1607,train,DHHN_HVBCVT_00/01608_00019125.jpg,/Users/phamtunglam/Documents/Projects/mSigLIP/code/VN3K/imgs/DHHN_HVBCVT_00/01608_00019125.jpg,/Users/phamtunglam/Documents/Projects/mSigLIP/code/artifacts/deployment/qnn_inputs/vn3k_train_calib_2000/raw/01589_pid1607_DHHN_HVBCVT_00_01608_00019125.raw,64,137
1590,1197,train,HoGuom_01/01198_00002475.jpg,/Users/phamtunglam/Documents/Projects/mSigLIP/code/VN3K/imgs/HoGuom_01/01198_00002475.jpg,/Users/phamtunglam/Documents/Projects/mSigLIP/code/artifacts/deployment/qnn_inputs/vn3k_train_calib_2000/raw/01590_pid1197_HoGuom_01_01198_00002475.raw,67,174
1591,158,train,HoGuom_00/00159_00003865.jpg,/Users/phamtunglam/Documents/Projects/mSigLIP/code/VN3K/imgs/HoGuom_00/00159_00003865.jpg,/Users/phamtunglam/Documents/Projects/mSigLIP/code/artifacts/deployment/qnn_inputs/vn3k_train_calib_2000/raw/01591_pid158_HoGuom_00_00159_00003865.raw,193,550
1592,23,train,TEST_DATA/Person24.2/output_9.jpg,/Users/phamtunglam/Documents/Projects/mSigLIP/code/VN3K/imgs/TEST_DATA/Person24.2/output_9.jpg,/Users/phamtunglam/Documents/Projects/mSigLIP/code/artifacts/deployment/qnn_inputs/vn3k_train_calib_2000/raw/01592_pid23_TEST_DATA_Person24.2_output_9.raw,116,304
1593,288,train,HoGuom_00/00289_00009205.jpg,/Users/phamtunglam/Documents/Projects/mSigLIP/code/VN3K/imgs/HoGuom_00/00289_00009205.jpg,/Users/phamtunglam/Documents/Projects/mSigLIP/code/artifacts/deployment/qnn_inputs/vn3k_train_calib_2000/raw/01593_pid288_HoGuom_00_00289_00009205.raw,83,280
1594,1748,train,DHHN_HVBCVT_00/01749_00018870.jpg,/Users/phamtunglam/Documents/Projects/mSigLIP/code/VN3K/imgs/DHHN_HVBCVT_00/01749_00018870.jpg,/Users/phamtunglam/Documents/Projects/mSigLIP/code/artifacts/deployment/qnn_inputs/vn3k_train_calib_2000/raw/01594_pid1748_DHHN_HVBCVT_00_01749_00018870.raw,69,160
1595,199,train,HoGuom_00/00200_00004995.jpg,/Users/phamtunglam/Documents/Projects/mSigLIP/code/VN3K/imgs/HoGuom_00/00200_00004995.jpg,/Users/phamtunglam/Documents/Projects/mSigLIP/code/artifacts/deployment/qnn_inputs/vn3k_train_calib_2000/raw/01595_pid199_HoGuom_00_00200_00004995.raw,69,266
1596,65,train,TRAINNING_DATA/Person66/output_9.jpg,/Users/phamtunglam/Documents/Projects/mSigLIP/code/VN3K/imgs/TRAINNING_DATA/Person66/output_9.jpg,/Users/phamtunglam/Documents/Projects/mSigLIP/code/artifacts/deployment/qnn_inputs/vn3k_train_calib_2000/raw/01596_pid65_TRAINNING_DATA_Person66_output_9.raw,153,345
1597,644,train,HoGuom_00/00645_00007860.jpg,/Users/phamtunglam/Documents/Projects/mSigLIP/code/VN3K/imgs/HoGuom_00/00645_00007860.jpg,/Users/phamtunglam/Documents/Projects/mSigLIP/code/artifacts/deployment/qnn_inputs/vn3k_train_calib_2000/raw/01597_pid644_HoGuom_00_00645_00007860.raw,88,221
1598,628,train,HoGuom_00/00629_00007295.jpg,/Users/phamtunglam/Documents/Projects/mSigLIP/code/VN3K/imgs/HoGuom_00/00629_00007295.jpg,/Users/phamtunglam/Documents/Projects/mSigLIP/code/artifacts/deployment/qnn_inputs/vn3k_train_calib_2000/raw/01598_pid628_HoGuom_00_00629_00007295.raw,98,371
1599,20,train,TEST_DATA/Person21.2/output_9.jpg,/Users/phamtunglam/Documents/Projects/mSigLIP/code/VN3K/imgs/TEST_DATA/Person21.2/output_9.jpg,/Users/phamtunglam/Documents/Projects/mSigLIP/code/artifacts/deployment/qnn_inputs/vn3k_train_calib_2000/raw/01599_pid20_TEST_DATA_Person21.2_output_9.raw,101,318
1600,90,train,HoGuom_00/00091_00000815.jpg,/Users/phamtunglam/Documents/Projects/mSigLIP/code/VN3K/imgs/HoGuom_00/00091_00000815.jpg,/Users/phamtunglam/Documents/Projects/mSigLIP/code/artifacts/deployment/qnn_inputs/vn3k_train_calib_2000/raw/01600_pid90_HoGuom_00_00091_00000815.raw,112,342
1601,869,train,HoGuom_01/00870_00011250.jpg,/Users/phamtunglam/Documents/Projects/mSigLIP/code/VN3K/imgs/HoGuom_01/00870_00011250.jpg,/Users/phamtunglam/Documents/Projects/mSigLIP/code/artifacts/deployment/qnn_inputs/vn3k_train_calib_2000/raw/01601_pid869_HoGuom_01_00870_00011250.raw,76,189
1602,215,train,HoGuom_00/00216_00005730.jpg,/Users/phamtunglam/Documents/Projects/mSigLIP/code/VN3K/imgs/HoGuom_00/00216_00005730.jpg,/Users/phamtunglam/Documents/Projects/mSigLIP/code/artifacts/deployment/qnn_inputs/vn3k_train_calib_2000/raw/01602_pid215_HoGuom_00_00216_00005730.raw,71,189
1603,1201,train,HoGuom_01/01202_00003870.jpg,/Users/phamtunglam/Documents/Projects/mSigLIP/code/VN3K/imgs/HoGuom_01/01202_00003870.jpg,/Users/phamtunglam/Documents/Projects/mSigLIP/code/artifacts/deployment/qnn_inputs/vn3k_train_calib_2000/raw/01603_pid1201_HoGuom_01_01202_00003870.raw,175,557
1604,426,train,HoGuom_00/00427_00014575.jpg,/Users/phamtunglam/Documents/Projects/mSigLIP/code/VN3K/imgs/HoGuom_00/00427_00014575.jpg,/Users/phamtunglam/Documents/Projects/mSigLIP/code/artifacts/deployment/qnn_inputs/vn3k_train_calib_2000/raw/01604_pid426_HoGuom_00_00427_00014575.raw,166,363
1605,1625,train,DHHN_HVBCVT_00/01626_00028770.jpg,/Users/phamtunglam/Documents/Projects/mSigLIP/code/VN3K/imgs/DHHN_HVBCVT_00/01626_00028770.jpg,/Users/phamtunglam/Documents/Projects/mSigLIP/code/artifacts/deployment/qnn_inputs/vn3k_train_calib_2000/raw/01605_pid1625_DHHN_HVBCVT_00_01626_00028770.raw,78,209
1606,991,train,HoGuom_01/00992_00008130.jpg,/Users/phamtunglam/Documents/Projects/mSigLIP/code/VN3K/imgs/HoGuom_01/00992_00008130.jpg,/Users/phamtunglam/Documents/Projects/mSigLIP/code/artifacts/deployment/qnn_inputs/vn3k_train_calib_2000/raw/01606_pid991_HoGuom_01_00992_00008130.raw,221,614
1607,1381,train,HoGuom_01/01382_00008130.jpg,/Users/phamtunglam/Documents/Projects/mSigLIP/code/VN3K/imgs/HoGuom_01/01382_00008130.jpg,/Users/phamtunglam/Documents/Projects/mSigLIP/code/artifacts/deployment/qnn_inputs/vn3k_train_calib_2000/raw/01607_pid1381_HoGuom_01_01382_00008130.raw,91,272
1608,142,train,HoGuom_00/00143_00002965.jpg,/Users/phamtunglam/Documents/Projects/mSigLIP/code/VN3K/imgs/HoGuom_00/00143_00002965.jpg,/Users/phamtunglam/Documents/Projects/mSigLIP/code/artifacts/deployment/qnn_inputs/vn3k_train_calib_2000/raw/01608_pid142_HoGuom_00_00143_00002965.raw,155,491
1609,1286,train,HoGuom_01/01287_00008685.jpg,/Users/phamtunglam/Documents/Projects/mSigLIP/code/VN3K/imgs/HoGuom_01/01287_00008685.jpg,/Users/phamtunglam/Documents/Projects/mSigLIP/code/artifacts/deployment/qnn_inputs/vn3k_train_calib_2000/raw/01609_pid1286_HoGuom_01_01287_00008685.raw,83,260
1610,866,train,HoGuom_01/00867_00010665.jpg,/Users/phamtunglam/Documents/Projects/mSigLIP/code/VN3K/imgs/HoGuom_01/00867_00010665.jpg,/Users/phamtunglam/Documents/Projects/mSigLIP/code/artifacts/deployment/qnn_inputs/vn3k_train_calib_2000/raw/01610_pid866_HoGuom_01_00867_00010665.raw,182,431
1611,842,train,HoGuom_01/00843_00006420.jpg,/Users/phamtunglam/Documents/Projects/mSigLIP/code/VN3K/imgs/HoGuom_01/00843_00006420.jpg,/Users/phamtunglam/Documents/Projects/mSigLIP/code/artifacts/deployment/qnn_inputs/vn3k_train_calib_2000/raw/01611_pid842_HoGuom_01_00843_00006420.raw,91,180
1612,931,train,HoGuom_01/00932_00013680.jpg,/Users/phamtunglam/Documents/Projects/mSigLIP/code/VN3K/imgs/HoGuom_01/00932_00013680.jpg,/Users/phamtunglam/Documents/Projects/mSigLIP/code/artifacts/deployment/qnn_inputs/vn3k_train_calib_2000/raw/01612_pid931_HoGuom_01_00932_00013680.raw,70,201
1613,675,train,HoGuom_00/00676_00008910.jpg,/Users/phamtunglam/Documents/Projects/mSigLIP/code/VN3K/imgs/HoGuom_00/00676_00008910.jpg,/Users/phamtunglam/Documents/Projects/mSigLIP/code/artifacts/deployment/qnn_inputs/vn3k_train_calib_2000/raw/01613_pid675_HoGuom_00_00676_00008910.raw,166,597
1614,244,train,HoGuom_00/00245_00007905.jpg,/Users/phamtunglam/Documents/Projects/mSigLIP/code/VN3K/imgs/HoGuom_00/00245_00007905.jpg,/Users/phamtunglam/Documents/Projects/mSigLIP/code/artifacts/deployment/qnn_inputs/vn3k_train_calib_2000/raw/01614_pid244_HoGuom_00_00245_00007905.raw,204,675
1615,1289,train,HoGuom_01/01290_00008910.jpg,/Users/phamtunglam/Documents/Projects/mSigLIP/code/VN3K/imgs/HoGuom_01/01290_00008910.jpg,/Users/phamtunglam/Documents/Projects/mSigLIP/code/artifacts/deployment/qnn_inputs/vn3k_train_calib_2000/raw/01615_pid1289_HoGuom_01_01290_00008910.raw,123,413
1616,1631,train,DHHN_HVBCVT_00/01632_00032955.jpg,/Users/phamtunglam/Documents/Projects/mSigLIP/code/VN3K/imgs/DHHN_HVBCVT_00/01632_00032955.jpg,/Users/phamtunglam/Documents/Projects/mSigLIP/code/artifacts/deployment/qnn_inputs/vn3k_train_calib_2000/raw/01616_pid1631_DHHN_HVBCVT_00_01632_00032955.raw,64,171
1617,304,train,HoGuom_00/00305_00009850.jpg,/Users/phamtunglam/Documents/Projects/mSigLIP/code/VN3K/imgs/HoGuom_00/00305_00009850.jpg,/Users/phamtunglam/Documents/Projects/mSigLIP/code/artifacts/deployment/qnn_inputs/vn3k_train_calib_2000/raw/01617_pid304_HoGuom_00_00305_00009850.raw,67,113
1618,1177,train,HoGuom_01/01178_00001470.jpg,/Users/phamtunglam/Documents/Projects/mSigLIP/code/VN3K/imgs/HoGuom_01/01178_00001470.jpg,/Users/phamtunglam/Documents/Projects/mSigLIP/code/artifacts/deployment/qnn_inputs/vn3k_train_calib_2000/raw/01618_pid1177_HoGuom_01_01178_00001470.raw,272,1000
1619,1757,train,DHHN_HVBCVT_00/01758_00001635.jpg,/Users/phamtunglam/Documents/Projects/mSigLIP/code/VN3K/imgs/DHHN_HVBCVT_00/01758_00001635.jpg,/Users/phamtunglam/Documents/Projects/mSigLIP/code/artifacts/deployment/qnn_inputs/vn3k_train_calib_2000/raw/01619_pid1757_DHHN_HVBCVT_00_01758_00001635.raw,113,303
1620,1930,train,DHGTVT_00/01931_00010510.jpg,/Users/phamtunglam/Documents/Projects/mSigLIP/code/VN3K/imgs/DHGTVT_00/01931_00010510.jpg,/Users/phamtunglam/Documents/Projects/mSigLIP/code/artifacts/deployment/qnn_inputs/vn3k_train_calib_2000/raw/01620_pid1930_DHGTVT_00_01931_00010510.raw,96,233
1621,57,train,TEST_DATA/Person58.2/output_6.jpg,/Users/phamtunglam/Documents/Projects/mSigLIP/code/VN3K/imgs/TEST_DATA/Person58.2/output_6.jpg,/Users/phamtunglam/Documents/Projects/mSigLIP/code/artifacts/deployment/qnn_inputs/vn3k_train_calib_2000/raw/01621_pid57_TEST_DATA_Person58.2_output_6.raw,101,209
1622,304,train,HoGuom_00/00305_00009865.jpg,/Users/phamtunglam/Documents/Projects/mSigLIP/code/VN3K/imgs/HoGuom_00/00305_00009865.jpg,/Users/phamtunglam/Documents/Projects/mSigLIP/code/artifacts/deployment/qnn_inputs/vn3k_train_calib_2000/raw/01622_pid304_HoGuom_00_00305_00009865.raw,67,113
1623,1963,train,DHGTVT_00/01964_00021580.jpg,/Users/phamtunglam/Documents/Projects/mSigLIP/code/VN3K/imgs/DHGTVT_00/01964_00021580.jpg,/Users/phamtunglam/Documents/Projects/mSigLIP/code/artifacts/deployment/qnn_inputs/vn3k_train_calib_2000/raw/01623_pid1963_DHGTVT_00_01964_00021580.raw,104,282
1624,2,train,TEST_DATA/Person3.2/output_2.jpg,/Users/phamtunglam/Documents/Projects/mSigLIP/code/VN3K/imgs/TEST_DATA/Person3.2/output_2.jpg,/Users/phamtunglam/Documents/Projects/mSigLIP/code/artifacts/deployment/qnn_inputs/vn3k_train_calib_2000/raw/01624_pid2_TEST_DATA_Person3.2_output_2.raw,113,271
1625,1981,train,DHGTVT_00/01982_00030910.jpg,/Users/phamtunglam/Documents/Projects/mSigLIP/code/VN3K/imgs/DHGTVT_00/01982_00030910.jpg,/Users/phamtunglam/Documents/Projects/mSigLIP/code/artifacts/deployment/qnn_inputs/vn3k_train_calib_2000/raw/01625_pid1981_DHGTVT_00_01982_00030910.raw,107,268
1626,1323,train,HoGuom_01/01324_00004170.jpg,/Users/phamtunglam/Documents/Projects/mSigLIP/code/VN3K/imgs/HoGuom_01/01324_00004170.jpg,/Users/phamtunglam/Documents/Projects/mSigLIP/code/artifacts/deployment/qnn_inputs/vn3k_train_calib_2000/raw/01626_pid1323_HoGuom_01_01324_00004170.raw,280,631
1627,1752,train,DHHN_HVBCVT_00/01753_00013740.jpg,/Users/phamtunglam/Documents/Projects/mSigLIP/code/VN3K/imgs/DHHN_HVBCVT_00/01753_00013740.jpg,/Users/phamtunglam/Documents/Projects/mSigLIP/code/artifacts/deployment/qnn_inputs/vn3k_train_calib_2000/raw/01627_pid1752_DHHN_HVBCVT_00_01753_00013740.raw,89,289
1628,1713,train,DHHN_HVBCVT_00/01714_00009405.jpg,/Users/phamtunglam/Documents/Projects/mSigLIP/code/VN3K/imgs/DHHN_HVBCVT_00/01714_00009405.jpg,/Users/phamtunglam/Documents/Projects/mSigLIP/code/artifacts/deployment/qnn_inputs/vn3k_train_calib_2000/raw/01628_pid1713_DHHN_HVBCVT_00_01714_00009405.raw,200,469
1629,1314,train,HoGuom_01/01315_00003720.jpg,/Users/phamtunglam/Documents/Projects/mSigLIP/code/VN3K/imgs/HoGuom_01/01315_00003720.jpg,/Users/phamtunglam/Documents/Projects/mSigLIP/code/artifacts/deployment/qnn_inputs/vn3k_train_calib_2000/raw/01629_pid1314_HoGuom_01_01315_00003720.raw,222,619
1630,1286,train,HoGuom_01/01287_00008700.jpg,/Users/phamtunglam/Documents/Projects/mSigLIP/code/VN3K/imgs/HoGuom_01/01287_00008700.jpg,/Users/phamtunglam/Documents/Projects/mSigLIP/code/artifacts/deployment/qnn_inputs/vn3k_train_calib_2000/raw/01630_pid1286_HoGuom_01_01287_00008700.raw,81,271
1631,1424,train,HoGuom_01/01425_2.jpg,/Users/phamtunglam/Documents/Projects/mSigLIP/code/VN3K/imgs/HoGuom_01/01425_2.jpg,/Users/phamtunglam/Documents/Projects/mSigLIP/code/artifacts/deployment/qnn_inputs/vn3k_train_calib_2000/raw/01631_pid1424_HoGuom_01_01425_2.raw,70,171
1632,325,train,HoGuom_00/00326_00010485.jpg,/Users/phamtunglam/Documents/Projects/mSigLIP/code/VN3K/imgs/HoGuom_00/00326_00010485.jpg,/Users/phamtunglam/Documents/Projects/mSigLIP/code/artifacts/deployment/qnn_inputs/vn3k_train_calib_2000/raw/01632_pid325_HoGuom_00_00326_00010485.raw,148,327
1633,1664,train,DHHN_HVBCVT_00/01665_00046650.jpg,/Users/phamtunglam/Documents/Projects/mSigLIP/code/VN3K/imgs/DHHN_HVBCVT_00/01665_00046650.jpg,/Users/phamtunglam/Documents/Projects/mSigLIP/code/artifacts/deployment/qnn_inputs/vn3k_train_calib_2000/raw/01633_pid1664_DHHN_HVBCVT_00_01665_00046650.raw,87,233
1634,950,train,HoGuom_01/00951_00003420.jpg,/Users/phamtunglam/Documents/Projects/mSigLIP/code/VN3K/imgs/HoGuom_01/00951_00003420.jpg,/Users/phamtunglam/Documents/Projects/mSigLIP/code/artifacts/deployment/qnn_inputs/vn3k_train_calib_2000/raw/01634_pid950_HoGuom_01_00951_00003420.raw,89,286
1635,1784,train,DHHN_HVBCVT_00/01785_00001020.jpg,/Users/phamtunglam/Documents/Projects/mSigLIP/code/VN3K/imgs/DHHN_HVBCVT_00/01785_00001020.jpg,/Users/phamtunglam/Documents/Projects/mSigLIP/code/artifacts/deployment/qnn_inputs/vn3k_train_calib_2000/raw/01635_pid1784_DHHN_HVBCVT_00_01785_00001020.raw,134,383
1636,1051,train,HoGuom_01/01052_00002595.jpg,/Users/phamtunglam/Documents/Projects/mSigLIP/code/VN3K/imgs/HoGuom_01/01052_00002595.jpg,/Users/phamtunglam/Documents/Projects/mSigLIP/code/artifacts/deployment/qnn_inputs/vn3k_train_calib_2000/raw/01636_pid1051_HoGuom_01_01052_00002595.raw,102,286
1637,279,train,HoGuom_00/00280_00008815.jpg,/Users/phamtunglam/Documents/Projects/mSigLIP/code/VN3K/imgs/HoGuom_00/00280_00008815.jpg,/Users/phamtunglam/Documents/Projects/mSigLIP/code/artifacts/deployment/qnn_inputs/vn3k_train_calib_2000/raw/01637_pid279_HoGuom_00_00280_00008815.raw,227,598
1638,1409,train,HoGuom_01/01410_2.jpg,/Users/phamtunglam/Documents/Projects/mSigLIP/code/VN3K/imgs/HoGuom_01/01410_2.jpg,/Users/phamtunglam/Documents/Projects/mSigLIP/code/artifacts/deployment/qnn_inputs/vn3k_train_calib_2000/raw/01638_pid1409_HoGuom_01_01410_2.raw,303,722
1639,309,train,HoGuom_00/00310_00010130.jpg,/Users/phamtunglam/Documents/Projects/mSigLIP/code/VN3K/imgs/HoGuom_00/00310_00010130.jpg,/Users/phamtunglam/Documents/Projects/mSigLIP/code/artifacts/deployment/qnn_inputs/vn3k_train_calib_2000/raw/01639_pid309_HoGuom_00_00310_00010130.raw,93,215
1640,907,train,HoGuom_01/00908_00002460.jpg,/Users/phamtunglam/Documents/Projects/mSigLIP/code/VN3K/imgs/HoGuom_01/00908_00002460.jpg,/Users/phamtunglam/Documents/Projects/mSigLIP/code/artifacts/deployment/qnn_inputs/vn3k_train_calib_2000/raw/01640_pid907_HoGuom_01_00908_00002460.raw,78,206
1641,1811,train,DHHN_HVBCVT_00/01812_00010185.jpg,/Users/phamtunglam/Documents/Projects/mSigLIP/code/VN3K/imgs/DHHN_HVBCVT_00/01812_00010185.jpg,/Users/phamtunglam/Documents/Projects/mSigLIP/code/artifacts/deployment/qnn_inputs/vn3k_train_calib_2000/raw/01641_pid1811_DHHN_HVBCVT_00_01812_00010185.raw,99,267
1642,1141,train,HoGuom_01/01142_00000255.jpg,/Users/phamtunglam/Documents/Projects/mSigLIP/code/VN3K/imgs/HoGuom_01/01142_00000255.jpg,/Users/phamtunglam/Documents/Projects/mSigLIP/code/artifacts/deployment/qnn_inputs/vn3k_train_calib_2000/raw/01642_pid1141_HoGuom_01_01142_00000255.raw,175,521
1643,1532,train,DHHN_HVBCVT_00/01533_00004875.jpg,/Users/phamtunglam/Documents/Projects/mSigLIP/code/VN3K/imgs/DHHN_HVBCVT_00/01533_00004875.jpg,/Users/phamtunglam/Documents/Projects/mSigLIP/code/artifacts/deployment/qnn_inputs/vn3k_train_calib_2000/raw/01643_pid1532_DHHN_HVBCVT_00_01533_00004875.raw,69,118
1644,1422,train,HoGuom_01/01423_2.jpg,/Users/phamtunglam/Documents/Projects/mSigLIP/code/VN3K/imgs/HoGuom_01/01423_2.jpg,/Users/phamtunglam/Documents/Projects/mSigLIP/code/artifacts/deployment/qnn_inputs/vn3k_train_calib_2000/raw/01644_pid1422_HoGuom_01_01423_2.raw,213,525
1645,643,train,HoGuom_00/00644_00007840.jpg,/Users/phamtunglam/Documents/Projects/mSigLIP/code/VN3K/imgs/HoGuom_00/00644_00007840.jpg,/Users/phamtunglam/Documents/Projects/mSigLIP/code/artifacts/deployment/qnn_inputs/vn3k_train_calib_2000/raw/01645_pid643_HoGuom_00_00644_00007840.raw,81,207
1646,82,train,HoGuom_00/00083_00000570.jpg,/Users/phamtunglam/Documents/Projects/mSigLIP/code/VN3K/imgs/HoGuom_00/00083_00000570.jpg,/Users/phamtunglam/Documents/Projects/mSigLIP/code/artifacts/deployment/qnn_inputs/vn3k_train_calib_2000/raw/01646_pid82_HoGuom_00_00083_00000570.raw,69,204
1647,413,train,HoGuom_00/00414_00014295.jpg,/Users/phamtunglam/Documents/Projects/mSigLIP/code/VN3K/imgs/HoGuom_00/00414_00014295.jpg,/Users/phamtunglam/Documents/Projects/mSigLIP/code/artifacts/deployment/qnn_inputs/vn3k_train_calib_2000/raw/01647_pid413_HoGuom_00_00414_00014295.raw,145,328
1648,1249,train,HoGuom_01/01250_00003540.jpg,/Users/phamtunglam/Documents/Projects/mSigLIP/code/VN3K/imgs/HoGuom_01/01250_00003540.jpg,/Users/phamtunglam/Documents/Projects/mSigLIP/code/artifacts/deployment/qnn_inputs/vn3k_train_calib_2000/raw/01648_pid1249_HoGuom_01_01250_00003540.raw,112,375
1649,1767,train,DHHN_HVBCVT_00/01768_00000585.jpg,/Users/phamtunglam/Documents/Projects/mSigLIP/code/VN3K/imgs/DHHN_HVBCVT_00/01768_00000585.jpg,/Users/phamtunglam/Documents/Projects/mSigLIP/code/artifacts/deployment/qnn_inputs/vn3k_train_calib_2000/raw/01649_pid1767_DHHN_HVBCVT_00_01768_00000585.raw,125,315
1650,209,train,HoGuom_00/00210_00005610.jpg,/Users/phamtunglam/Documents/Projects/mSigLIP/code/VN3K/imgs/HoGuom_00/00210_00005610.jpg,/Users/phamtunglam/Documents/Projects/mSigLIP/code/artifacts/deployment/qnn_inputs/vn3k_train_calib_2000/raw/01650_pid209_HoGuom_00_00210_00005610.raw,166,406
1651,1874,train,DHGTVT_00/01875_00004290.jpg,/Users/phamtunglam/Documents/Projects/mSigLIP/code/VN3K/imgs/DHGTVT_00/01875_00004290.jpg,/Users/phamtunglam/Documents/Projects/mSigLIP/code/artifacts/deployment/qnn_inputs/vn3k_train_calib_2000/raw/01651_pid1874_DHGTVT_00_01875_00004290.raw,126,280
1652,1784,train,DHHN_HVBCVT_00/01785_00000885.jpg,/Users/phamtunglam/Documents/Projects/mSigLIP/code/VN3K/imgs/DHHN_HVBCVT_00/01785_00000885.jpg,/Users/phamtunglam/Documents/Projects/mSigLIP/code/artifacts/deployment/qnn_inputs/vn3k_train_calib_2000/raw/01652_pid1784_DHHN_HVBCVT_00_01785_00000885.raw,64,191
1653,1720,train,DHHN_HVBCVT_00/01721_00011490.jpg,/Users/phamtunglam/Documents/Projects/mSigLIP/code/VN3K/imgs/DHHN_HVBCVT_00/01721_00011490.jpg,/Users/phamtunglam/Documents/Projects/mSigLIP/code/artifacts/deployment/qnn_inputs/vn3k_train_calib_2000/raw/01653_pid1720_DHHN_HVBCVT_00_01721_00011490.raw,96,369
1654,964,train,HoGuom_01/00965_00004785.jpg,/Users/phamtunglam/Documents/Projects/mSigLIP/code/VN3K/imgs/HoGuom_01/00965_00004785.jpg,/Users/phamtunglam/Documents/Projects/mSigLIP/code/artifacts/deployment/qnn_inputs/vn3k_train_calib_2000/raw/01654_pid964_HoGuom_01_00965_00004785.raw,78,158
1655,1758,train,DHHN_HVBCVT_00/01759_00000075.jpg,/Users/phamtunglam/Documents/Projects/mSigLIP/code/VN3K/imgs/DHHN_HVBCVT_00/01759_00000075.jpg,/Users/phamtunglam/Documents/Projects/mSigLIP/code/artifacts/deployment/qnn_inputs/vn3k_train_calib_2000/raw/01655_pid1758_DHHN_HVBCVT_00_01759_00000075.raw,169,484
1656,1999,train,TamChuc_01/02000_2.jpg,/Users/phamtunglam/Documents/Projects/mSigLIP/code/VN3K/imgs/TamChuc_01/02000_2.jpg,/Users/phamtunglam/Documents/Projects/mSigLIP/code/artifacts/deployment/qnn_inputs/vn3k_train_calib_2000/raw/01656_pid1999_TamChuc_01_02000_2.raw,102,304
1657,1370,train,HoGuom_01/01371_00006450.jpg,/Users/phamtunglam/Documents/Projects/mSigLIP/code/VN3K/imgs/HoGuom_01/01371_00006450.jpg,/Users/phamtunglam/Documents/Projects/mSigLIP/code/artifacts/deployment/qnn_inputs/vn3k_train_calib_2000/raw/01657_pid1370_HoGuom_01_01371_00006450.raw,95,289
1658,1633,train,DHHN_HVBCVT_00/01634_00033225.jpg,/Users/phamtunglam/Documents/Projects/mSigLIP/code/VN3K/imgs/DHHN_HVBCVT_00/01634_00033225.jpg,/Users/phamtunglam/Documents/Projects/mSigLIP/code/artifacts/deployment/qnn_inputs/vn3k_train_calib_2000/raw/01658_pid1633_DHHN_HVBCVT_00_01634_00033225.raw,124,347
1659,594,train,HoGuom_00/00595_00006185.jpg,/Users/phamtunglam/Documents/Projects/mSigLIP/code/VN3K/imgs/HoGuom_00/00595_00006185.jpg,/Users/phamtunglam/Documents/Projects/mSigLIP/code/artifacts/deployment/qnn_inputs/vn3k_train_calib_2000/raw/01659_pid594_HoGuom_00_00595_00006185.raw,83,202
1660,1552,train,DHHN_HVBCVT_00/01553_00003780.jpg,/Users/phamtunglam/Documents/Projects/mSigLIP/code/VN3K/imgs/DHHN_HVBCVT_00/01553_00003780.jpg,/Users/phamtunglam/Documents/Projects/mSigLIP/code/artifacts/deployment/qnn_inputs/vn3k_train_calib_2000/raw/01660_pid1552_DHHN_HVBCVT_00_01553_00003780.raw,137,343
1661,1928,train,DHGTVT_00/01929_00010300.jpg,/Users/phamtunglam/Documents/Projects/mSigLIP/code/VN3K/imgs/DHGTVT_00/01929_00010300.jpg,/Users/phamtunglam/Documents/Projects/mSigLIP/code/artifacts/deployment/qnn_inputs/vn3k_train_calib_2000/raw/01661_pid1928_DHGTVT_00_01929_00010300.raw,92,252
1662,128,train,HoGuom_00/00129_00002420.jpg,/Users/phamtunglam/Documents/Projects/mSigLIP/code/VN3K/imgs/HoGuom_00/00129_00002420.jpg,/Users/phamtunglam/Documents/Projects/mSigLIP/code/artifacts/deployment/qnn_inputs/vn3k_train_calib_2000/raw/01662_pid128_HoGuom_00_00129_00002420.raw,109,271
1663,71,train,TEST_DATA/Person72.2/output_9.jpg,/Users/phamtunglam/Documents/Projects/mSigLIP/code/VN3K/imgs/TEST_DATA/Person72.2/output_9.jpg,/Users/phamtunglam/Documents/Projects/mSigLIP/code/artifacts/deployment/qnn_inputs/vn3k_train_calib_2000/raw/01663_pid71_TEST_DATA_Person72.2_output_9.raw,82,269
1664,858,train,HoGuom_01/00859_00010245.jpg,/Users/phamtunglam/Documents/Projects/mSigLIP/code/VN3K/imgs/HoGuom_01/00859_00010245.jpg,/Users/phamtunglam/Documents/Projects/mSigLIP/code/artifacts/deployment/qnn_inputs/vn3k_train_calib_2000/raw/01664_pid858_HoGuom_01_00859_00010245.raw,87,254
1665,47,train,TRAINNING_DATA/Person48/output_2.jpg,/Users/phamtunglam/Documents/Projects/mSigLIP/code/VN3K/imgs/TRAINNING_DATA/Person48/output_2.jpg,/Users/phamtunglam/Documents/Projects/mSigLIP/code/artifacts/deployment/qnn_inputs/vn3k_train_calib_2000/raw/01665_pid47_TRAINNING_DATA_Person48_output_2.raw,101,241
1666,1889,train,DHGTVT_00/01890_00004000.jpg,/Users/phamtunglam/Documents/Projects/mSigLIP/code/VN3K/imgs/DHGTVT_00/01890_00004000.jpg,/Users/phamtunglam/Documents/Projects/mSigLIP/code/artifacts/deployment/qnn_inputs/vn3k_train_calib_2000/raw/01666_pid1889_DHGTVT_00_01890_00004000.raw,66,158
1667,1248,train,HoGuom_01/01249_00005730.jpg,/Users/phamtunglam/Documents/Projects/mSigLIP/code/VN3K/imgs/HoGuom_01/01249_00005730.jpg,/Users/phamtunglam/Documents/Projects/mSigLIP/code/artifacts/deployment/qnn_inputs/vn3k_train_calib_2000/raw/01667_pid1248_HoGuom_01_01249_00005730.raw,130,285
1668,1367,train,HoGuom_01/01368_00007125.jpg,/Users/phamtunglam/Documents/Projects/mSigLIP/code/VN3K/imgs/HoGuom_01/01368_00007125.jpg,/Users/phamtunglam/Documents/Projects/mSigLIP/code/artifacts/deployment/qnn_inputs/vn3k_train_calib_2000/raw/01668_pid1367_HoGuom_01_01368_00007125.raw,298,757
1669,1364,train,HoGuom_01/01365_00006090.jpg,/Users/phamtunglam/Documents/Projects/mSigLIP/code/VN3K/imgs/HoGuom_01/01365_00006090.jpg,/Users/phamtunglam/Documents/Projects/mSigLIP/code/artifacts/deployment/qnn_inputs/vn3k_train_calib_2000/raw/01669_pid1364_HoGuom_01_01365_00006090.raw,325,884
1670,1168,train,HoGuom_01/01169_00000930.jpg,/Users/phamtunglam/Documents/Projects/mSigLIP/code/VN3K/imgs/HoGuom_01/01169_00000930.jpg,/Users/phamtunglam/Documents/Projects/mSigLIP/code/artifacts/deployment/qnn_inputs/vn3k_train_calib_2000/raw/01670_pid1168_HoGuom_01_01169_00000930.raw,168,474
1671,14,train,TRAINNING_DATA/Person15/output_6.jpg,/Users/phamtunglam/Documents/Projects/mSigLIP/code/VN3K/imgs/TRAINNING_DATA/Person15/output_6.jpg,/Users/phamtunglam/Documents/Projects/mSigLIP/code/artifacts/deployment/qnn_inputs/vn3k_train_calib_2000/raw/01671_pid14_TRAINNING_DATA_Person15_output_6.raw,138,374
1672,12,train,TRAINNING_DATA/Person13/output_2.jpg,/Users/phamtunglam/Documents/Projects/mSigLIP/code/VN3K/imgs/TRAINNING_DATA/Person13/output_2.jpg,/Users/phamtunglam/Documents/Projects/mSigLIP/code/artifacts/deployment/qnn_inputs/vn3k_train_calib_2000/raw/01672_pid12_TRAINNING_DATA_Person13_output_2.raw,129,211
1673,12,train,TEST_DATA/Person13.2/output_2.jpg,/Users/phamtunglam/Documents/Projects/mSigLIP/code/VN3K/imgs/TEST_DATA/Person13.2/output_2.jpg,/Users/phamtunglam/Documents/Projects/mSigLIP/code/artifacts/deployment/qnn_inputs/vn3k_train_calib_2000/raw/01673_pid12_TEST_DATA_Person13.2_output_2.raw,75,195
1674,702,train,HoGuom_00/00703_00010360.jpg,/Users/phamtunglam/Documents/Projects/mSigLIP/code/VN3K/imgs/HoGuom_00/00703_00010360.jpg,/Users/phamtunglam/Documents/Projects/mSigLIP/code/artifacts/deployment/qnn_inputs/vn3k_train_calib_2000/raw/01674_pid702_HoGuom_00_00703_00010360.raw,206,576
1675,1752,train,DHHN_HVBCVT_00/01753_00013590.jpg,/Users/phamtunglam/Documents/Projects/mSigLIP/code/VN3K/imgs/DHHN_HVBCVT_00/01753_00013590.jpg,/Users/phamtunglam/Documents/Projects/mSigLIP/code/artifacts/deployment/qnn_inputs/vn3k_train_calib_2000/raw/01675_pid1752_DHHN_HVBCVT_00_01753_00013590.raw,66,195
1676,1375,train,HoGuom_01/01376_00008355.jpg,/Users/phamtunglam/Documents/Projects/mSigLIP/code/VN3K/imgs/HoGuom_01/01376_00008355.jpg,/Users/phamtunglam/Documents/Projects/mSigLIP/code/artifacts/deployment/qnn_inputs/vn3k_train_calib_2000/raw/01676_pid1375_HoGuom_01_01376_00008355.raw,70,201
1677,434,train,HoGuom_00/00435_00014795.jpg,/Users/phamtunglam/Documents/Projects/mSigLIP/code/VN3K/imgs/HoGuom_00/00435_00014795.jpg,/Users/phamtunglam/Documents/Projects/mSigLIP/code/artifacts/deployment/qnn_inputs/vn3k_train_calib_2000/raw/01677_pid434_HoGuom_00_00435_00014795.raw,231,584
1678,1431,train,HoGuom_01/01432_1.jpg,/Users/phamtunglam/Documents/Projects/mSigLIP/code/VN3K/imgs/HoGuom_01/01432_1.jpg,/Users/phamtunglam/Documents/Projects/mSigLIP/code/artifacts/deployment/qnn_inputs/vn3k_train_calib_2000/raw/01678_pid1431_HoGuom_01_01432_1.raw,91,245
1679,1998,train,TamChuc_01/01999_1.jpg,/Users/phamtunglam/Documents/Projects/mSigLIP/code/VN3K/imgs/TamChuc_01/01999_1.jpg,/Users/phamtunglam/Documents/Projects/mSigLIP/code/artifacts/deployment/qnn_inputs/vn3k_train_calib_2000/raw/01679_pid1998_TamChuc_01_01999_1.raw,120,289
1680,122,train,HoGuom_00/00123_00002330.jpg,/Users/phamtunglam/Documents/Projects/mSigLIP/code/VN3K/imgs/HoGuom_00/00123_00002330.jpg,/Users/phamtunglam/Documents/Projects/mSigLIP/code/artifacts/deployment/qnn_inputs/vn3k_train_calib_2000/raw/01680_pid122_HoGuom_00_00123_00002330.raw,92,192
1681,565,train,HoGuom_00/00566_00004915.jpg,/Users/phamtunglam/Documents/Projects/mSigLIP/code/VN3K/imgs/HoGuom_00/00566_00004915.jpg,/Users/phamtunglam/Documents/Projects/mSigLIP/code/artifacts/deployment/qnn_inputs/vn3k_train_calib_2000/raw/01681_pid565_HoGuom_00_00566_00004915.raw,141,359
1682,218,train,HoGuom_00/00219_00005925.jpg,/Users/phamtunglam/Documents/Projects/mSigLIP/code/VN3K/imgs/HoGuom_00/00219_00005925.jpg,/Users/phamtunglam/Documents/Projects/mSigLIP/code/artifacts/deployment/qnn_inputs/vn3k_train_calib_2000/raw/01682_pid218_HoGuom_00_00219_00005925.raw,73,173
1683,124,train,HoGuom_00/00125_00002310.jpg,/Users/phamtunglam/Documents/Projects/mSigLIP/code/VN3K/imgs/HoGuom_00/00125_00002310.jpg,/Users/phamtunglam/Documents/Projects/mSigLIP/code/artifacts/deployment/qnn_inputs/vn3k_train_calib_2000/raw/01683_pid124_HoGuom_00_00125_00002310.raw,173,445
1684,44,train,TEST_DATA/Person45.2/output_6.jpg,/Users/phamtunglam/Documents/Projects/mSigLIP/code/VN3K/imgs/TEST_DATA/Person45.2/output_6.jpg,/Users/phamtunglam/Documents/Projects/mSigLIP/code/artifacts/deployment/qnn_inputs/vn3k_train_calib_2000/raw/01684_pid44_TEST_DATA_Person45.2_output_6.raw,211,421
1685,58,train,TEST_DATA/Person59.2/output_9.jpg,/Users/phamtunglam/Documents/Projects/mSigLIP/code/VN3K/imgs/TEST_DATA/Person59.2/output_9.jpg,/Users/phamtunglam/Documents/Projects/mSigLIP/code/artifacts/deployment/qnn_inputs/vn3k_train_calib_2000/raw/01685_pid58_TEST_DATA_Person59.2_output_9.raw,91,235
1686,1371,train,HoGuom_01/01372_00009105.jpg,/Users/phamtunglam/Documents/Projects/mSigLIP/code/VN3K/imgs/HoGuom_01/01372_00009105.jpg,/Users/phamtunglam/Documents/Projects/mSigLIP/code/artifacts/deployment/qnn_inputs/vn3k_train_calib_2000/raw/01686_pid1371_HoGuom_01_01372_00009105.raw,136,377
1687,971,train,HoGuom_01/00972_00005655.jpg,/Users/phamtunglam/Documents/Projects/mSigLIP/code/VN3K/imgs/HoGuom_01/00972_00005655.jpg,/Users/phamtunglam/Documents/Projects/mSigLIP/code/artifacts/deployment/qnn_inputs/vn3k_train_calib_2000/raw/01687_pid971_HoGuom_01_00972_00005655.raw,76,191
1688,739,train,HoGuom_00/00740_00012745.jpg,/Users/phamtunglam/Documents/Projects/mSigLIP/code/VN3K/imgs/HoGuom_00/00740_00012745.jpg,/Users/phamtunglam/Documents/Projects/mSigLIP/code/artifacts/deployment/qnn_inputs/vn3k_train_calib_2000/raw/01688_pid739_HoGuom_00_00740_00012745.raw,132,358
1689,55,train,TEST_DATA/Person56.2/output_9.jpg,/Users/phamtunglam/Documents/Projects/mSigLIP/code/VN3K/imgs/TEST_DATA/Person56.2/output_9.jpg,/Users/phamtunglam/Documents/Projects/mSigLIP/code/artifacts/deployment/qnn_inputs/vn3k_train_calib_2000/raw/01689_pid55_TEST_DATA_Person56.2_output_9.raw,81,211
1690,559,train,HoGuom_00/00560_00004850.jpg,/Users/phamtunglam/Documents/Projects/mSigLIP/code/VN3K/imgs/HoGuom_00/00560_00004850.jpg,/Users/phamtunglam/Documents/Projects/mSigLIP/code/artifacts/deployment/qnn_inputs/vn3k_train_calib_2000/raw/01690_pid559_HoGuom_00_00560_00004850.raw,123,330
1691,590,train,HoGuom_00/00591_00005985.jpg,/Users/phamtunglam/Documents/Projects/mSigLIP/code/VN3K/imgs/HoGuom_00/00591_00005985.jpg,/Users/phamtunglam/Documents/Projects/mSigLIP/code/artifacts/deployment/qnn_inputs/vn3k_train_calib_2000/raw/01691_pid590_HoGuom_00_00591_00005985.raw,68,122
1692,1253,train,HoGuom_01/01254_00005325.jpg,/Users/phamtunglam/Documents/Projects/mSigLIP/code/VN3K/imgs/HoGuom_01/01254_00005325.jpg,/Users/phamtunglam/Documents/Projects/mSigLIP/code/artifacts/deployment/qnn_inputs/vn3k_train_calib_2000/raw/01692_pid1253_HoGuom_01_01254_00005325.raw,160,556
1693,1881,train,DHGTVT_00/01882_00003680.jpg,/Users/phamtunglam/Documents/Projects/mSigLIP/code/VN3K/imgs/DHGTVT_00/01882_00003680.jpg,/Users/phamtunglam/Documents/Projects/mSigLIP/code/artifacts/deployment/qnn_inputs/vn3k_train_calib_2000/raw/01693_pid1881_DHGTVT_00_01882_00003680.raw,90,219
1694,1132,train,HoGuom_01/01133_00000405.jpg,/Users/phamtunglam/Documents/Projects/mSigLIP/code/VN3K/imgs/HoGuom_01/01133_00000405.jpg,/Users/phamtunglam/Documents/Projects/mSigLIP/code/artifacts/deployment/qnn_inputs/vn3k_train_calib_2000/raw/01694_pid1132_HoGuom_01_01133_00000405.raw,120,261
1695,847,train,HoGuom_01/00848_00009690.jpg,/Users/phamtunglam/Documents/Projects/mSigLIP/code/VN3K/imgs/HoGuom_01/00848_00009690.jpg,/Users/phamtunglam/Documents/Projects/mSigLIP/code/artifacts/deployment/qnn_inputs/vn3k_train_calib_2000/raw/01695_pid847_HoGuom_01_00848_00009690.raw,69,183
1696,295,train,HoGuom_00/00296_00009725.jpg,/Users/phamtunglam/Documents/Projects/mSigLIP/code/VN3K/imgs/HoGuom_00/00296_00009725.jpg,/Users/phamtunglam/Documents/Projects/mSigLIP/code/artifacts/deployment/qnn_inputs/vn3k_train_calib_2000/raw/01696_pid295_HoGuom_00_00296_00009725.raw,121,311
1697,1990,train,TamChuc_01/01991_2.jpg,/Users/phamtunglam/Documents/Projects/mSigLIP/code/VN3K/imgs/TamChuc_01/01991_2.jpg,/Users/phamtunglam/Documents/Projects/mSigLIP/code/artifacts/deployment/qnn_inputs/vn3k_train_calib_2000/raw/01697_pid1990_TamChuc_01_01991_2.raw,72,217
1698,867,train,HoGuom_01/00868_00011205.jpg,/Users/phamtunglam/Documents/Projects/mSigLIP/code/VN3K/imgs/HoGuom_01/00868_00011205.jpg,/Users/phamtunglam/Documents/Projects/mSigLIP/code/artifacts/deployment/qnn_inputs/vn3k_train_calib_2000/raw/01698_pid867_HoGuom_01_00868_00011205.raw,92,224
1699,1957,train,DHGTVT_00/01958_00014530.jpg,/Users/phamtunglam/Documents/Projects/mSigLIP/code/VN3K/imgs/DHGTVT_00/01958_00014530.jpg,/Users/phamtunglam/Documents/Projects/mSigLIP/code/artifacts/deployment/qnn_inputs/vn3k_train_calib_2000/raw/01699_pid1957_DHGTVT_00_01958_00014530.raw,66,225
1700,962,train,HoGuom_01/00963_00004155.jpg,/Users/phamtunglam/Documents/Projects/mSigLIP/code/VN3K/imgs/HoGuom_01/00963_00004155.jpg,/Users/phamtunglam/Documents/Projects/mSigLIP/code/artifacts/deployment/qnn_inputs/vn3k_train_calib_2000/raw/01700_pid962_HoGuom_01_00963_00004155.raw,316,484
1701,680,train,HoGuom_00/00681_00009040.jpg,/Users/phamtunglam/Documents/Projects/mSigLIP/code/VN3K/imgs/HoGuom_00/00681_00009040.jpg,/Users/phamtunglam/Documents/Projects/mSigLIP/code/artifacts/deployment/qnn_inputs/vn3k_train_calib_2000/raw/01701_pid680_HoGuom_00_00681_00009040.raw,255,362
1702,543,train,HoGuom_00/00544_00003905.jpg,/Users/phamtunglam/Documents/Projects/mSigLIP/code/VN3K/imgs/HoGuom_00/00544_00003905.jpg,/Users/phamtunglam/Documents/Projects/mSigLIP/code/artifacts/deployment/qnn_inputs/vn3k_train_calib_2000/raw/01702_pid543_HoGuom_00_00544_00003905.raw,106,208
1703,1066,train,HoGuom_01/01067_00000750.jpg,/Users/phamtunglam/Documents/Projects/mSigLIP/code/VN3K/imgs/HoGuom_01/01067_00000750.jpg,/Users/phamtunglam/Documents/Projects/mSigLIP/code/artifacts/deployment/qnn_inputs/vn3k_train_calib_2000/raw/01703_pid1066_HoGuom_01_01067_00000750.raw,71,187
1704,1126,train,HoGuom_01/01127_00000015.jpg,/Users/phamtunglam/Documents/Projects/mSigLIP/code/VN3K/imgs/HoGuom_01/01127_00000015.jpg,/Users/phamtunglam/Documents/Projects/mSigLIP/code/artifacts/deployment/qnn_inputs/vn3k_train_calib_2000/raw/01704_pid1126_HoGuom_01_01127_00000015.raw,72,163
1705,982,train,HoGuom_01/00983_00007125.jpg,/Users/phamtunglam/Documents/Projects/mSigLIP/code/VN3K/imgs/HoGuom_01/00983_00007125.jpg,/Users/phamtunglam/Documents/Projects/mSigLIP/code/artifacts/deployment/qnn_inputs/vn3k_train_calib_2000/raw/01705_pid982_HoGuom_01_00983_00007125.raw,133,390
1706,649,train,HoGuom_00/00650_00008130.jpg,/Users/phamtunglam/Documents/Projects/mSigLIP/code/VN3K/imgs/HoGuom_00/00650_00008130.jpg,/Users/phamtunglam/Documents/Projects/mSigLIP/code/artifacts/deployment/qnn_inputs/vn3k_train_calib_2000/raw/01706_pid649_HoGuom_00_00650_00008130.raw,206,415
1707,461,train,HoGuom_00/00462_00016180.jpg,/Users/phamtunglam/Documents/Projects/mSigLIP/code/VN3K/imgs/HoGuom_00/00462_00016180.jpg,/Users/phamtunglam/Documents/Projects/mSigLIP/code/artifacts/deployment/qnn_inputs/vn3k_train_calib_2000/raw/01707_pid461_HoGuom_00_00462_00016180.raw,98,340
1708,1184,train,HoGuom_01/01185_00003030.jpg,/Users/phamtunglam/Documents/Projects/mSigLIP/code/VN3K/imgs/HoGuom_01/01185_00003030.jpg,/Users/phamtunglam/Documents/Projects/mSigLIP/code/artifacts/deployment/qnn_inputs/vn3k_train_calib_2000/raw/01708_pid1184_HoGuom_01_01185_00003030.raw,255,710
1709,996,train,HoGuom_01/00997_00000571.jpg,/Users/phamtunglam/Documents/Projects/mSigLIP/code/VN3K/imgs/HoGuom_01/00997_00000571.jpg,/Users/phamtunglam/Documents/Projects/mSigLIP/code/artifacts/deployment/qnn_inputs/vn3k_train_calib_2000/raw/01709_pid996_HoGuom_01_00997_00000571.raw,71,188
1710,1628,train,DHHN_HVBCVT_00/01629_00029145.jpg,/Users/phamtunglam/Documents/Projects/mSigLIP/code/VN3K/imgs/DHHN_HVBCVT_00/01629_00029145.jpg,/Users/phamtunglam/Documents/Projects/mSigLIP/code/artifacts/deployment/qnn_inputs/vn3k_train_calib_2000/raw/01710_pid1628_DHHN_HVBCVT_00_01629_00029145.raw,65,207
1711,594,train,HoGuom_00/00595_00006190.jpg,/Users/phamtunglam/Documents/Projects/mSigLIP/code/VN3K/imgs/HoGuom_00/00595_00006190.jpg,/Users/phamtunglam/Documents/Projects/mSigLIP/code/artifacts/deployment/qnn_inputs/vn3k_train_calib_2000/raw/01711_pid594_HoGuom_00_00595_00006190.raw,87,214
1712,532,train,HoGuom_00/00533_00003060.jpg,/Users/phamtunglam/Documents/Projects/mSigLIP/code/VN3K/imgs/HoGuom_00/00533_00003060.jpg,/Users/phamtunglam/Documents/Projects/mSigLIP/code/artifacts/deployment/qnn_inputs/vn3k_train_calib_2000/raw/01712_pid532_HoGuom_00_00533_00003060.raw,114,299
1713,599,train,HoGuom_00/00600_00006410.jpg,/Users/phamtunglam/Documents/Projects/mSigLIP/code/VN3K/imgs/HoGuom_00/00600_00006410.jpg,/Users/phamtunglam/Documents/Projects/mSigLIP/code/artifacts/deployment/qnn_inputs/vn3k_train_calib_2000/raw/01713_pid599_HoGuom_00_00600_00006410.raw,129,282
1714,1670,train,DHHN_HVBCVT_00/01671_00050805.jpg,/Users/phamtunglam/Documents/Projects/mSigLIP/code/VN3K/imgs/DHHN_HVBCVT_00/01671_00050805.jpg,/Users/phamtunglam/Documents/Projects/mSigLIP/code/artifacts/deployment/qnn_inputs/vn3k_train_calib_2000/raw/01714_pid1670_DHHN_HVBCVT_00_01671_00050805.raw,66,186
1715,1349,train,HoGuom_01/01350_00008820.jpg,/Users/phamtunglam/Documents/Projects/mSigLIP/code/VN3K/imgs/HoGuom_01/01350_00008820.jpg,/Users/phamtunglam/Documents/Projects/mSigLIP/code/artifacts/deployment/qnn_inputs/vn3k_train_calib_2000/raw/01715_pid1349_HoGuom_01_01350_00008820.raw,245,737
1716,1423,train,HoGuom_01/01424_2.jpg,/Users/phamtunglam/Documents/Projects/mSigLIP/code/VN3K/imgs/HoGuom_01/01424_2.jpg,/Users/phamtunglam/Documents/Projects/mSigLIP/code/artifacts/deployment/qnn_inputs/vn3k_train_calib_2000/raw/01716_pid1423_HoGuom_01_01424_2.raw,188,594
1717,313,train,HoGuom_00/00314_00010160.jpg,/Users/phamtunglam/Documents/Projects/mSigLIP/code/VN3K/imgs/HoGuom_00/00314_00010160.jpg,/Users/phamtunglam/Documents/Projects/mSigLIP/code/artifacts/deployment/qnn_inputs/vn3k_train_calib_2000/raw/01717_pid313_HoGuom_00_00314_00010160.raw,66,188
1718,1546,train,DHHN_HVBCVT_00/01547_00016020.jpg,/Users/phamtunglam/Documents/Projects/mSigLIP/code/VN3K/imgs/DHHN_HVBCVT_00/01547_00016020.jpg,/Users/phamtunglam/Documents/Projects/mSigLIP/code/artifacts/deployment/qnn_inputs/vn3k_train_calib_2000/raw/01718_pid1546_DHHN_HVBCVT_00_01547_00016020.raw,106,177
1719,48,train,TEST_DATA/Person49.2/output_2.jpg,/Users/phamtunglam/Documents/Projects/mSigLIP/code/VN3K/imgs/TEST_DATA/Person49.2/output_2.jpg,/Users/phamtunglam/Documents/Projects/mSigLIP/code/artifacts/deployment/qnn_inputs/vn3k_train_calib_2000/raw/01719_pid48_TEST_DATA_Person49.2_output_2.raw,64,186
1720,617,train,HoGuom_00/00618_00007030.jpg,/Users/phamtunglam/Documents/Projects/mSigLIP/code/VN3K/imgs/HoGuom_00/00618_00007030.jpg,/Users/phamtunglam/Documents/Projects/mSigLIP/code/artifacts/deployment/qnn_inputs/vn3k_train_calib_2000/raw/01720_pid617_HoGuom_00_00618_00007030.raw,172,515
1721,1871,train,DHGTVT_00/01872_00004030.jpg,/Users/phamtunglam/Documents/Projects/mSigLIP/code/VN3K/imgs/DHGTVT_00/01872_00004030.jpg,/Users/phamtunglam/Documents/Projects/mSigLIP/code/artifacts/deployment/qnn_inputs/vn3k_train_calib_2000/raw/01721_pid1871_DHGTVT_00_01872_00004030.raw,70,195
1722,660,train,HoGuom_00/00661_00008435.jpg,/Users/phamtunglam/Documents/Projects/mSigLIP/code/VN3K/imgs/HoGuom_00/00661_00008435.jpg,/Users/phamtunglam/Documents/Projects/mSigLIP/code/artifacts/deployment/qnn_inputs/vn3k_train_calib_2000/raw/01722_pid660_HoGuom_00_00661_00008435.raw,79,265
1723,1443,train,HoGuom_01/01444_1.jpg,/Users/phamtunglam/Documents/Projects/mSigLIP/code/VN3K/imgs/HoGuom_01/01444_1.jpg,/Users/phamtunglam/Documents/Projects/mSigLIP/code/artifacts/deployment/qnn_inputs/vn3k_train_calib_2000/raw/01723_pid1443_HoGuom_01_01444_1.raw,298,615
1724,183,train,HoGuom_00/00184_00004515.jpg,/Users/phamtunglam/Documents/Projects/mSigLIP/code/VN3K/imgs/HoGuom_00/00184_00004515.jpg,/Users/phamtunglam/Documents/Projects/mSigLIP/code/artifacts/deployment/qnn_inputs/vn3k_train_calib_2000/raw/01724_pid183_HoGuom_00_00184_00004515.raw,130,405
1725,1035,train,HoGuom_01/01036_00000915.jpg,/Users/phamtunglam/Documents/Projects/mSigLIP/code/VN3K/imgs/HoGuom_01/01036_00000915.jpg,/Users/phamtunglam/Documents/Projects/mSigLIP/code/artifacts/deployment/qnn_inputs/vn3k_train_calib_2000/raw/01725_pid1035_HoGuom_01_01036_00000915.raw,89,238
1726,41,train,TRAINNING_DATA/Person42/output_6.jpg,/Users/phamtunglam/Documents/Projects/mSigLIP/code/VN3K/imgs/TRAINNING_DATA/Person42/output_6.jpg,/Users/phamtunglam/Documents/Projects/mSigLIP/code/artifacts/deployment/qnn_inputs/vn3k_train_calib_2000/raw/01726_pid41_TRAINNING_DATA_Person42_output_6.raw,148,294
1727,1577,train,DHHN_HVBCVT_00/01578_00010815.jpg,/Users/phamtunglam/Documents/Projects/mSigLIP/code/VN3K/imgs/DHHN_HVBCVT_00/01578_00010815.jpg,/Users/phamtunglam/Documents/Projects/mSigLIP/code/artifacts/deployment/qnn_inputs/vn3k_train_calib_2000/raw/01727_pid1577_DHHN_HVBCVT_00_01578_00010815.raw,103,226
1728,85,train,HoGuom_00/00086_00000685.jpg,/Users/phamtunglam/Documents/Projects/mSigLIP/code/VN3K/imgs/HoGuom_00/00086_00000685.jpg,/Users/phamtunglam/Documents/Projects/mSigLIP/code/artifacts/deployment/qnn_inputs/vn3k_train_calib_2000/raw/01728_pid85_HoGuom_00_00086_00000685.raw,129,330
1729,363,train,HoGuom_00/00364_00012235.jpg,/Users/phamtunglam/Documents/Projects/mSigLIP/code/VN3K/imgs/HoGuom_00/00364_00012235.jpg,/Users/phamtunglam/Documents/Projects/mSigLIP/code/artifacts/deployment/qnn_inputs/vn3k_train_calib_2000/raw/01729_pid363_HoGuom_00_00364_00012235.raw,82,217
1730,1060,train,HoGuom_01/01061_00000945.jpg,/Users/phamtunglam/Documents/Projects/mSigLIP/code/VN3K/imgs/HoGuom_01/01061_00000945.jpg,/Users/phamtunglam/Documents/Projects/mSigLIP/code/artifacts/deployment/qnn_inputs/vn3k_train_calib_2000/raw/01730_pid1060_HoGuom_01_01061_00000945.raw,173,471
1731,1679,train,DHHN_HVBCVT_00/01680_00000585.jpg,/Users/phamtunglam/Documents/Projects/mSigLIP/code/VN3K/imgs/DHHN_HVBCVT_00/01680_00000585.jpg,/Users/phamtunglam/Documents/Projects/mSigLIP/code/artifacts/deployment/qnn_inputs/vn3k_train_calib_2000/raw/01731_pid1679_DHHN_HVBCVT_00_01680_00000585.raw,64,160
1732,934,train,HoGuom_01/00935_00093555.jpg,/Users/phamtunglam/Documents/Projects/mSigLIP/code/VN3K/imgs/HoGuom_01/00935_00093555.jpg,/Users/phamtunglam/Documents/Projects/mSigLIP/code/artifacts/deployment/qnn_inputs/vn3k_train_calib_2000/raw/01732_pid934_HoGuom_01_00935_00093555.raw,139,360
1733,869,train,HoGuom_01/00870_00011115.jpg,/Users/phamtunglam/Documents/Projects/mSigLIP/code/VN3K/imgs/HoGuom_01/00870_00011115.jpg,/Users/phamtunglam/Documents/Projects/mSigLIP/code/artifacts/deployment/qnn_inputs/vn3k_train_calib_2000/raw/01733_pid869_HoGuom_01_00870_00011115.raw,118,274
1734,1858,train,DHGTVT_00/01859_00002770.jpg,/Users/phamtunglam/Documents/Projects/mSigLIP/code/VN3K/imgs/DHGTVT_00/01859_00002770.jpg,/Users/phamtunglam/Documents/Projects/mSigLIP/code/artifacts/deployment/qnn_inputs/vn3k_train_calib_2000/raw/01734_pid1858_DHGTVT_00_01859_00002770.raw,107,268
1735,984,train,HoGuom_01/00985_00007095.jpg,/Users/phamtunglam/Documents/Projects/mSigLIP/code/VN3K/imgs/HoGuom_01/00985_00007095.jpg,/Users/phamtunglam/Documents/Projects/mSigLIP/code/artifacts/deployment/qnn_inputs/vn3k_train_calib_2000/raw/01735_pid984_HoGuom_01_00985_00007095.raw,68,190
1736,1703,train,DHHN_HVBCVT_00/01704_00007695.jpg,/Users/phamtunglam/Documents/Projects/mSigLIP/code/VN3K/imgs/DHHN_HVBCVT_00/01704_00007695.jpg,/Users/phamtunglam/Documents/Projects/mSigLIP/code/artifacts/deployment/qnn_inputs/vn3k_train_calib_2000/raw/01736_pid1703_DHHN_HVBCVT_00_01704_00007695.raw,67,195
1737,317,train,HoGuom_00/00318_00010245.jpg,/Users/phamtunglam/Documents/Projects/mSigLIP/code/VN3K/imgs/HoGuom_00/00318_00010245.jpg,/Users/phamtunglam/Documents/Projects/mSigLIP/code/artifacts/deployment/qnn_inputs/vn3k_train_calib_2000/raw/01737_pid317_HoGuom_00_00318_00010245.raw,111,285
1738,161,train,HoGuom_00/00162_00003830.jpg,/Users/phamtunglam/Documents/Projects/mSigLIP/code/VN3K/imgs/HoGuom_00/00162_00003830.jpg,/Users/phamtunglam/Documents/Projects/mSigLIP/code/artifacts/deployment/qnn_inputs/vn3k_train_calib_2000/raw/01738_pid161_HoGuom_00_00162_00003830.raw,75,176
1739,1025,train,HoGuom_01/01026_00001395.jpg,/Users/phamtunglam/Documents/Projects/mSigLIP/code/VN3K/imgs/HoGuom_01/01026_00001395.jpg,/Users/phamtunglam/Documents/Projects/mSigLIP/code/artifacts/deployment/qnn_inputs/vn3k_train_calib_2000/raw/01739_pid1025_HoGuom_01_01026_00001395.raw,81,266
1740,34,train,TEST_DATA/Person35.2/output_2.jpg,/Users/phamtunglam/Documents/Projects/mSigLIP/code/VN3K/imgs/TEST_DATA/Person35.2/output_2.jpg,/Users/phamtunglam/Documents/Projects/mSigLIP/code/artifacts/deployment/qnn_inputs/vn3k_train_calib_2000/raw/01740_pid34_TEST_DATA_Person35.2_output_2.raw,125,231
1741,242,train,HoGuom_00/00243_00007690.jpg,/Users/phamtunglam/Documents/Projects/mSigLIP/code/VN3K/imgs/HoGuom_00/00243_00007690.jpg,/Users/phamtunglam/Documents/Projects/mSigLIP/code/artifacts/deployment/qnn_inputs/vn3k_train_calib_2000/raw/01741_pid242_HoGuom_00_00243_00007690.raw,69,182
1742,20,train,TRAINNING_DATA/Person21/output_9.jpg,/Users/phamtunglam/Documents/Projects/mSigLIP/code/VN3K/imgs/TRAINNING_DATA/Person21/output_9.jpg,/Users/phamtunglam/Documents/Projects/mSigLIP/code/artifacts/deployment/qnn_inputs/vn3k_train_calib_2000/raw/01742_pid20_TRAINNING_DATA_Person21_output_9.raw,86,342
1743,1534,train,DHHN_HVBCVT_00/01535_00006525.jpg,/Users/phamtunglam/Documents/Projects/mSigLIP/code/VN3K/imgs/DHHN_HVBCVT_00/01535_00006525.jpg,/Users/phamtunglam/Documents/Projects/mSigLIP/code/artifacts/deployment/qnn_inputs/vn3k_train_calib_2000/raw/01743_pid1534_DHHN_HVBCVT_00_01535_00006525.raw,84,129
1744,462,train,HoGuom_00/00463_00016255.jpg,/Users/phamtunglam/Documents/Projects/mSigLIP/code/VN3K/imgs/HoGuom_00/00463_00016255.jpg,/Users/phamtunglam/Documents/Projects/mSigLIP/code/artifacts/deployment/qnn_inputs/vn3k_train_calib_2000/raw/01744_pid462_HoGuom_00_00463_00016255.raw,92,104
1745,58,train,TEST_DATA/Person59.2/output_6.jpg,/Users/phamtunglam/Documents/Projects/mSigLIP/code/VN3K/imgs/TEST_DATA/Person59.2/output_6.jpg,/Users/phamtunglam/Documents/Projects/mSigLIP/code/artifacts/deployment/qnn_inputs/vn3k_train_calib_2000/raw/01745_pid58_TEST_DATA_Person59.2_output_6.raw,86,191
1746,1010,train,HoGuom_01/01011_00000615.jpg,/Users/phamtunglam/Documents/Projects/mSigLIP/code/VN3K/imgs/HoGuom_01/01011_00000615.jpg,/Users/phamtunglam/Documents/Projects/mSigLIP/code/artifacts/deployment/qnn_inputs/vn3k_train_calib_2000/raw/01746_pid1010_HoGuom_01_01011_00000615.raw,183,388
1747,1319,train,HoGuom_01/01320_00007140.jpg,/Users/phamtunglam/Documents/Projects/mSigLIP/code/VN3K/imgs/HoGuom_01/01320_00007140.jpg,/Users/phamtunglam/Documents/Projects/mSigLIP/code/artifacts/deployment/qnn_inputs/vn3k_train_calib_2000/raw/01747_pid1319_HoGuom_01_01320_00007140.raw,89,136
1748,116,train,HoGuom_00/00117_00002100.jpg,/Users/phamtunglam/Documents/Projects/mSigLIP/code/VN3K/imgs/HoGuom_00/00117_00002100.jpg,/Users/phamtunglam/Documents/Projects/mSigLIP/code/artifacts/deployment/qnn_inputs/vn3k_train_calib_2000/raw/01748_pid116_HoGuom_00_00117_00002100.raw,85,175
1749,68,train,TEST_DATA/Person69.2/output_6.jpg,/Users/phamtunglam/Documents/Projects/mSigLIP/code/VN3K/imgs/TEST_DATA/Person69.2/output_6.jpg,/Users/phamtunglam/Documents/Projects/mSigLIP/code/artifacts/deployment/qnn_inputs/vn3k_train_calib_2000/raw/01749_pid68_TEST_DATA_Person69.2_output_6.raw,61,251
1750,1684,train,DHHN_HVBCVT_00/01685_00002820.jpg,/Users/phamtunglam/Documents/Projects/mSigLIP/code/VN3K/imgs/DHHN_HVBCVT_00/01685_00002820.jpg,/Users/phamtunglam/Documents/Projects/mSigLIP/code/artifacts/deployment/qnn_inputs/vn3k_train_calib_2000/raw/01750_pid1684_DHHN_HVBCVT_00_01685_00002820.raw,123,385
1751,1916,train,DHGTVT_00/01917_00008740.jpg,/Users/phamtunglam/Documents/Projects/mSigLIP/code/VN3K/imgs/DHGTVT_00/01917_00008740.jpg,/Users/phamtunglam/Documents/Projects/mSigLIP/code/artifacts/deployment/qnn_inputs/vn3k_train_calib_2000/raw/01751_pid1916_DHGTVT_00_01917_00008740.raw,93,239
1752,1503,train,DHHN_HVBCVT_00/01504_00004770.jpg,/Users/phamtunglam/Documents/Projects/mSigLIP/code/VN3K/imgs/DHHN_HVBCVT_00/01504_00004770.jpg,/Users/phamtunglam/Documents/Projects/mSigLIP/code/artifacts/deployment/qnn_inputs/vn3k_train_calib_2000/raw/01752_pid1503_DHHN_HVBCVT_00_01504_00004770.raw,71,199
1753,890,train,HoGuom_01/00891_00015060.jpg,/Users/phamtunglam/Documents/Projects/mSigLIP/code/VN3K/imgs/HoGuom_01/00891_00015060.jpg,/Users/phamtunglam/Documents/Projects/mSigLIP/code/artifacts/deployment/qnn_inputs/vn3k_train_calib_2000/raw/01753_pid890_HoGuom_01_00891_00015060.raw,65,169
1754,1061,train,HoGuom_01/01062_00000870.jpg,/Users/phamtunglam/Documents/Projects/mSigLIP/code/VN3K/imgs/HoGuom_01/01062_00000870.jpg,/Users/phamtunglam/Documents/Projects/mSigLIP/code/artifacts/deployment/qnn_inputs/vn3k_train_calib_2000/raw/01754_pid1061_HoGuom_01_01062_00000870.raw,73,299
1755,1275,train,HoGuom_01/01276_00008355.jpg,/Users/phamtunglam/Documents/Projects/mSigLIP/code/VN3K/imgs/HoGuom_01/01276_00008355.jpg,/Users/phamtunglam/Documents/Projects/mSigLIP/code/artifacts/deployment/qnn_inputs/vn3k_train_calib_2000/raw/01755_pid1275_HoGuom_01_01276_00008355.raw,78,222
1756,1903,train,DHGTVT_00/01904_00006910.jpg,/Users/phamtunglam/Documents/Projects/mSigLIP/code/VN3K/imgs/DHGTVT_00/01904_00006910.jpg,/Users/phamtunglam/Documents/Projects/mSigLIP/code/artifacts/deployment/qnn_inputs/vn3k_train_calib_2000/raw/01756_pid1903_DHGTVT_00_01904_00006910.raw,126,240
1757,978,train,HoGuom_01/00979_00006375.jpg,/Users/phamtunglam/Documents/Projects/mSigLIP/code/VN3K/imgs/HoGuom_01/00979_00006375.jpg,/Users/phamtunglam/Documents/Projects/mSigLIP/code/artifacts/deployment/qnn_inputs/vn3k_train_calib_2000/raw/01757_pid978_HoGuom_01_00979_00006375.raw,72,189
1758,1567,train,DHHN_HVBCVT_00/01568_00001560.jpg,/Users/phamtunglam/Documents/Projects/mSigLIP/code/VN3K/imgs/DHHN_HVBCVT_00/01568_00001560.jpg,/Users/phamtunglam/Documents/Projects/mSigLIP/code/artifacts/deployment/qnn_inputs/vn3k_train_calib_2000/raw/01758_pid1567_DHHN_HVBCVT_00_01568_00001560.raw,221,656
1759,1511,train,DHHN_HVBCVT_00/01512_00007575.jpg,/Users/phamtunglam/Documents/Projects/mSigLIP/code/VN3K/imgs/DHHN_HVBCVT_00/01512_00007575.jpg,/Users/phamtunglam/Documents/Projects/mSigLIP/code/artifacts/deployment/qnn_inputs/vn3k_train_calib_2000/raw/01759_pid1511_DHHN_HVBCVT_00_01512_00007575.raw,96,227
1760,1003,train,HoGuom_01/01004_00001455.jpg,/Users/phamtunglam/Documents/Projects/mSigLIP/code/VN3K/imgs/HoGuom_01/01004_00001455.jpg,/Users/phamtunglam/Documents/Projects/mSigLIP/code/artifacts/deployment/qnn_inputs/vn3k_train_calib_2000/raw/01760_pid1003_HoGuom_01_01004_00001455.raw,219,383
1761,849,train,HoGuom_01/00850_00010335.jpg,/Users/phamtunglam/Documents/Projects/mSigLIP/code/VN3K/imgs/HoGuom_01/00850_00010335.jpg,/Users/phamtunglam/Documents/Projects/mSigLIP/code/artifacts/deployment/qnn_inputs/vn3k_train_calib_2000/raw/01761_pid849_HoGuom_01_00850_00010335.raw,99,272
1762,1054,train,HoGuom_01/01055_00001395.jpg,/Users/phamtunglam/Documents/Projects/mSigLIP/code/VN3K/imgs/HoGuom_01/01055_00001395.jpg,/Users/phamtunglam/Documents/Projects/mSigLIP/code/artifacts/deployment/qnn_inputs/vn3k_train_calib_2000/raw/01762_pid1054_HoGuom_01_01055_00001395.raw,315,753
1763,60,train,TEST_DATA/Person61.2/output_2.jpg,/Users/phamtunglam/Documents/Projects/mSigLIP/code/VN3K/imgs/TEST_DATA/Person61.2/output_2.jpg,/Users/phamtunglam/Documents/Projects/mSigLIP/code/artifacts/deployment/qnn_inputs/vn3k_train_calib_2000/raw/01763_pid60_TEST_DATA_Person61.2_output_2.raw,73,209
1764,1365,train,HoGuom_01/01366_00006810.jpg,/Users/phamtunglam/Documents/Projects/mSigLIP/code/VN3K/imgs/HoGuom_01/01366_00006810.jpg,/Users/phamtunglam/Documents/Projects/mSigLIP/code/artifacts/deployment/qnn_inputs/vn3k_train_calib_2000/raw/01764_pid1365_HoGuom_01_01366_00006810.raw,135,307
1765,684,train,HoGuom_00/00685_00009755.jpg,/Users/phamtunglam/Documents/Projects/mSigLIP/code/VN3K/imgs/HoGuom_00/00685_00009755.jpg,/Users/phamtunglam/Documents/Projects/mSigLIP/code/artifacts/deployment/qnn_inputs/vn3k_train_calib_2000/raw/01765_pid684_HoGuom_00_00685_00009755.raw,70,184
1766,960,train,HoGuom_01/00961_00003840.jpg,/Users/phamtunglam/Documents/Projects/mSigLIP/code/VN3K/imgs/HoGuom_01/00961_00003840.jpg,/Users/phamtunglam/Documents/Projects/mSigLIP/code/artifacts/deployment/qnn_inputs/vn3k_train_calib_2000/raw/01766_pid960_HoGuom_01_00961_00003840.raw,79,225
1767,1522,train,DHHN_HVBCVT_00/01523_00001965.jpg,/Users/phamtunglam/Documents/Projects/mSigLIP/code/VN3K/imgs/DHHN_HVBCVT_00/01523_00001965.jpg,/Users/phamtunglam/Documents/Projects/mSigLIP/code/artifacts/deployment/qnn_inputs/vn3k_train_calib_2000/raw/01767_pid1522_DHHN_HVBCVT_00_01523_00001965.raw,220,689
1768,1228,train,HoGuom_01/01229_00004095.jpg,/Users/phamtunglam/Documents/Projects/mSigLIP/code/VN3K/imgs/HoGuom_01/01229_00004095.jpg,/Users/phamtunglam/Documents/Projects/mSigLIP/code/artifacts/deployment/qnn_inputs/vn3k_train_calib_2000/raw/01768_pid1228_HoGuom_01_01229_00004095.raw,77,206
1769,1414,train,HoGuom_01/01415_2.jpg,/Users/phamtunglam/Documents/Projects/mSigLIP/code/VN3K/imgs/HoGuom_01/01415_2.jpg,/Users/phamtunglam/Documents/Projects/mSigLIP/code/artifacts/deployment/qnn_inputs/vn3k_train_calib_2000/raw/01769_pid1414_HoGuom_01_01415_2.raw,149,336
1770,1149,train,HoGuom_01/01150_00001560.jpg,/Users/phamtunglam/Documents/Projects/mSigLIP/code/VN3K/imgs/HoGuom_01/01150_00001560.jpg,/Users/phamtunglam/Documents/Projects/mSigLIP/code/artifacts/deployment/qnn_inputs/vn3k_train_calib_2000/raw/01770_pid1149_HoGuom_01_01150_00001560.raw,186,471
1771,1338,train,HoGuom_01/01339_00008040.jpg,/Users/phamtunglam/Documents/Projects/mSigLIP/code/VN3K/imgs/HoGuom_01/01339_00008040.jpg,/Users/phamtunglam/Documents/Projects/mSigLIP/code/artifacts/deployment/qnn_inputs/vn3k_train_calib_2000/raw/01771_pid1338_HoGuom_01_01339_00008040.raw,222,621
1772,1337,train,HoGuom_01/01338_00008145.jpg,/Users/phamtunglam/Documents/Projects/mSigLIP/code/VN3K/imgs/HoGuom_01/01338_00008145.jpg,/Users/phamtunglam/Documents/Projects/mSigLIP/code/artifacts/deployment/qnn_inputs/vn3k_train_calib_2000/raw/01772_pid1337_HoGuom_01_01338_00008145.raw,141,344
1773,782,train,HoGuom_01/00783_00001230.jpg,/Users/phamtunglam/Documents/Projects/mSigLIP/code/VN3K/imgs/HoGuom_01/00783_00001230.jpg,/Users/phamtunglam/Documents/Projects/mSigLIP/code/artifacts/deployment/qnn_inputs/vn3k_train_calib_2000/raw/01773_pid782_HoGuom_01_00783_00001230.raw,97,261
1774,1687,train,DHHN_HVBCVT_00/01688_00002400.jpg,/Users/phamtunglam/Documents/Projects/mSigLIP/code/VN3K/imgs/DHHN_HVBCVT_00/01688_00002400.jpg,/Users/phamtunglam/Documents/Projects/mSigLIP/code/artifacts/deployment/qnn_inputs/vn3k_train_calib_2000/raw/01774_pid1687_DHHN_HVBCVT_00_01688_00002400.raw,154,412
1775,1902,train,DHGTVT_00/01903_00006980.jpg,/Users/phamtunglam/Documents/Projects/mSigLIP/code/VN3K/imgs/DHGTVT_00/01903_00006980.jpg,/Users/phamtunglam/Documents/Projects/mSigLIP/code/artifacts/deployment/qnn_inputs/vn3k_train_calib_2000/raw/01775_pid1902_DHGTVT_00_01903_00006980.raw,91,253
1776,1392,train,HoGuom_01/01393_1.jpg,/Users/phamtunglam/Documents/Projects/mSigLIP/code/VN3K/imgs/HoGuom_01/01393_1.jpg,/Users/phamtunglam/Documents/Projects/mSigLIP/code/artifacts/deployment/qnn_inputs/vn3k_train_calib_2000/raw/01776_pid1392_HoGuom_01_01393_1.raw,103,268
1777,332,train,HoGuom_00/00333_00010590.jpg,/Users/phamtunglam/Documents/Projects/mSigLIP/code/VN3K/imgs/HoGuom_00/00333_00010590.jpg,/Users/phamtunglam/Documents/Projects/mSigLIP/code/artifacts/deployment/qnn_inputs/vn3k_train_calib_2000/raw/01777_pid332_HoGuom_00_00333_00010590.raw,125,468
1778,1827,train,DHHN_HVBCVT_00/01828_00025305.jpg,/Users/phamtunglam/Documents/Projects/mSigLIP/code/VN3K/imgs/DHHN_HVBCVT_00/01828_00025305.jpg,/Users/phamtunglam/Documents/Projects/mSigLIP/code/artifacts/deployment/qnn_inputs/vn3k_train_calib_2000/raw/01778_pid1827_DHHN_HVBCVT_00_01828_00025305.raw,123,346
1779,1152,train,HoGuom_01/01153_00001665.jpg,/Users/phamtunglam/Documents/Projects/mSigLIP/code/VN3K/imgs/HoGuom_01/01153_00001665.jpg,/Users/phamtunglam/Documents/Projects/mSigLIP/code/artifacts/deployment/qnn_inputs/vn3k_train_calib_2000/raw/01779_pid1152_HoGuom_01_01153_00001665.raw,133,336
1780,1300,train,HoGuom_01/01301_00007860.jpg,/Users/phamtunglam/Documents/Projects/mSigLIP/code/VN3K/imgs/HoGuom_01/01301_00007860.jpg,/Users/phamtunglam/Documents/Projects/mSigLIP/code/artifacts/deployment/qnn_inputs/vn3k_train_calib_2000/raw/01780_pid1300_HoGuom_01_01301_00007860.raw,86,207
1781,933,train,HoGuom_01/00934_00000060.jpg,/Users/phamtunglam/Documents/Projects/mSigLIP/code/VN3K/imgs/HoGuom_01/00934_00000060.jpg,/Users/phamtunglam/Documents/Projects/mSigLIP/code/artifacts/deployment/qnn_inputs/vn3k_train_calib_2000/raw/01781_pid933_HoGuom_01_00934_00000060.raw,70,179
1782,959,train,HoGuom_01/00960_00003945.jpg,/Users/phamtunglam/Documents/Projects/mSigLIP/code/VN3K/imgs/HoGuom_01/00960_00003945.jpg,/Users/phamtunglam/Documents/Projects/mSigLIP/code/artifacts/deployment/qnn_inputs/vn3k_train_calib_2000/raw/01782_pid959_HoGuom_01_00960_00003945.raw,79,194
1783,1764,train,DHHN_HVBCVT_00/01765_00000675.jpg,/Users/phamtunglam/Documents/Projects/mSigLIP/code/VN3K/imgs/DHHN_HVBCVT_00/01765_00000675.jpg,/Users/phamtunglam/Documents/Projects/mSigLIP/code/artifacts/deployment/qnn_inputs/vn3k_train_calib_2000/raw/01783_pid1764_DHHN_HVBCVT_00_01765_00000675.raw,96,200
1784,1938,train,DHGTVT_00/01939_00011110.jpg,/Users/phamtunglam/Documents/Projects/mSigLIP/code/VN3K/imgs/DHGTVT_00/01939_00011110.jpg,/Users/phamtunglam/Documents/Projects/mSigLIP/code/artifacts/deployment/qnn_inputs/vn3k_train_calib_2000/raw/01784_pid1938_DHGTVT_00_01939_00011110.raw,145,399
1785,1109,train,HoGuom_01/01110_00002085.jpg,/Users/phamtunglam/Documents/Projects/mSigLIP/code/VN3K/imgs/HoGuom_01/01110_00002085.jpg,/Users/phamtunglam/Documents/Projects/mSigLIP/code/artifacts/deployment/qnn_inputs/vn3k_train_calib_2000/raw/01785_pid1109_HoGuom_01_01110_00002085.raw,200,573
1786,1500,train,DHHN_HVBCVT_00/01501_00006975.jpg,/Users/phamtunglam/Documents/Projects/mSigLIP/code/VN3K/imgs/DHHN_HVBCVT_00/01501_00006975.jpg,/Users/phamtunglam/Documents/Projects/mSigLIP/code/artifacts/deployment/qnn_inputs/vn3k_train_calib_2000/raw/01786_pid1500_DHHN_HVBCVT_00_01501_00006975.raw,84,290
1787,1651,train,DHHN_HVBCVT_00/01652_00043065.jpg,/Users/phamtunglam/Documents/Projects/mSigLIP/code/VN3K/imgs/DHHN_HVBCVT_00/01652_00043065.jpg,/Users/phamtunglam/Documents/Projects/mSigLIP/code/artifacts/deployment/qnn_inputs/vn3k_train_calib_2000/raw/01787_pid1651_DHHN_HVBCVT_00_01652_00043065.raw,86,268
1788,1580,train,DHHN_HVBCVT_00/01581_00010665.jpg,/Users/phamtunglam/Documents/Projects/mSigLIP/code/VN3K/imgs/DHHN_HVBCVT_00/01581_00010665.jpg,/Users/phamtunglam/Documents/Projects/mSigLIP/code/artifacts/deployment/qnn_inputs/vn3k_train_calib_2000/raw/01788_pid1580_DHHN_HVBCVT_00_01581_00010665.raw,70,166
1789,880,train,HoGuom_01/00881_00013455.jpg,/Users/phamtunglam/Documents/Projects/mSigLIP/code/VN3K/imgs/HoGuom_01/00881_00013455.jpg,/Users/phamtunglam/Documents/Projects/mSigLIP/code/artifacts/deployment/qnn_inputs/vn3k_train_calib_2000/raw/01789_pid880_HoGuom_01_00881_00013455.raw,92,221
1790,1128,train,HoGuom_01/01129_00001560.jpg,/Users/phamtunglam/Documents/Projects/mSigLIP/code/VN3K/imgs/HoGuom_01/01129_00001560.jpg,/Users/phamtunglam/Documents/Projects/mSigLIP/code/artifacts/deployment/qnn_inputs/vn3k_train_calib_2000/raw/01790_pid1128_HoGuom_01_01129_00001560.raw,109,248
1791,1011,train,HoGuom_01/01012_00001950.jpg,/Users/phamtunglam/Documents/Projects/mSigLIP/code/VN3K/imgs/HoGuom_01/01012_00001950.jpg,/Users/phamtunglam/Documents/Projects/mSigLIP/code/artifacts/deployment/qnn_inputs/vn3k_train_calib_2000/raw/01791_pid1011_HoGuom_01_01012_00001950.raw,323,787
1792,320,train,HoGuom_00/00321_00010385.jpg,/Users/phamtunglam/Documents/Projects/mSigLIP/code/VN3K/imgs/HoGuom_00/00321_00010385.jpg,/Users/phamtunglam/Documents/Projects/mSigLIP/code/artifacts/deployment/qnn_inputs/vn3k_train_calib_2000/raw/01792_pid320_HoGuom_00_00321_00010385.raw,183,562
1793,1699,train,DHHN_HVBCVT_00/01700_00006990.jpg,/Users/phamtunglam/Documents/Projects/mSigLIP/code/VN3K/imgs/DHHN_HVBCVT_00/01700_00006990.jpg,/Users/phamtunglam/Documents/Projects/mSigLIP/code/artifacts/deployment/qnn_inputs/vn3k_train_calib_2000/raw/01793_pid1699_DHHN_HVBCVT_00_01700_00006990.raw,68,195
1794,32,train,TRAINNING_DATA/Person33/output_6.jpg,/Users/phamtunglam/Documents/Projects/mSigLIP/code/VN3K/imgs/TRAINNING_DATA/Person33/output_6.jpg,/Users/phamtunglam/Documents/Projects/mSigLIP/code/artifacts/deployment/qnn_inputs/vn3k_train_calib_2000/raw/01794_pid32_TRAINNING_DATA_Person33_output_6.raw,150,243
1795,1178,train,HoGuom_01/01179_00001185.jpg,/Users/phamtunglam/Documents/Projects/mSigLIP/code/VN3K/imgs/HoGuom_01/01179_00001185.jpg,/Users/phamtunglam/Documents/Projects/mSigLIP/code/artifacts/deployment/qnn_inputs/vn3k_train_calib_2000/raw/01795_pid1178_HoGuom_01_01179_00001185.raw,293,695
1796,1109,train,HoGuom_01/01110_00002055.jpg,/Users/phamtunglam/Documents/Projects/mSigLIP/code/VN3K/imgs/HoGuom_01/01110_00002055.jpg,/Users/phamtunglam/Documents/Projects/mSigLIP/code/artifacts/deployment/qnn_inputs/vn3k_train_calib_2000/raw/01796_pid1109_HoGuom_01_01110_00002055.raw,164,540
1797,50,train,TEST_DATA/Person51.2/output_2.jpg,/Users/phamtunglam/Documents/Projects/mSigLIP/code/VN3K/imgs/TEST_DATA/Person51.2/output_2.jpg,/Users/phamtunglam/Documents/Projects/mSigLIP/code/artifacts/deployment/qnn_inputs/vn3k_train_calib_2000/raw/01797_pid50_TEST_DATA_Person51.2_output_2.raw,95,190
1798,1089,train,HoGuom_01/01090_00002310.jpg,/Users/phamtunglam/Documents/Projects/mSigLIP/code/VN3K/imgs/HoGuom_01/01090_00002310.jpg,/Users/phamtunglam/Documents/Projects/mSigLIP/code/artifacts/deployment/qnn_inputs/vn3k_train_calib_2000/raw/01798_pid1089_HoGuom_01_01090_00002310.raw,107,267
1799,1138,train,HoGuom_01/01139_00000105.jpg,/Users/phamtunglam/Documents/Projects/mSigLIP/code/VN3K/imgs/HoGuom_01/01139_00000105.jpg,/Users/phamtunglam/Documents/Projects/mSigLIP/code/artifacts/deployment/qnn_inputs/vn3k_train_calib_2000/raw/01799_pid1138_HoGuom_01_01139_00000105.raw,203,595
1800,1665,train,DHHN_HVBCVT_00/01666_00046605.jpg,/Users/phamtunglam/Documents/Projects/mSigLIP/code/VN3K/imgs/DHHN_HVBCVT_00/01666_00046605.jpg,/Users/phamtunglam/Documents/Projects/mSigLIP/code/artifacts/deployment/qnn_inputs/vn3k_train_calib_2000/raw/01800_pid1665_DHHN_HVBCVT_00_01666_00046605.raw,89,191
1801,1136,train,HoGuom_01/01137_00008790.jpg,/Users/phamtunglam/Documents/Projects/mSigLIP/code/VN3K/imgs/HoGuom_01/01137_00008790.jpg,/Users/phamtunglam/Documents/Projects/mSigLIP/code/artifacts/deployment/qnn_inputs/vn3k_train_calib_2000/raw/01801_pid1136_HoGuom_01_01137_00008790.raw,276,622
1802,157,train,HoGuom_00/00158_00003705.jpg,/Users/phamtunglam/Documents/Projects/mSigLIP/code/VN3K/imgs/HoGuom_00/00158_00003705.jpg,/Users/phamtunglam/Documents/Projects/mSigLIP/code/artifacts/deployment/qnn_inputs/vn3k_train_calib_2000/raw/01802_pid157_HoGuom_00_00158_00003705.raw,233,782
1803,29,train,TEST_DATA/Person30.2/output_6.jpg,/Users/phamtunglam/Documents/Projects/mSigLIP/code/VN3K/imgs/TEST_DATA/Person30.2/output_6.jpg,/Users/phamtunglam/Documents/Projects/mSigLIP/code/artifacts/deployment/qnn_inputs/vn3k_train_calib_2000/raw/01803_pid29_TEST_DATA_Person30.2_output_6.raw,115,268
1804,1832,train,DHHN_HVBCVT_00/01833_00028950.jpg,/Users/phamtunglam/Documents/Projects/mSigLIP/code/VN3K/imgs/DHHN_HVBCVT_00/01833_00028950.jpg,/Users/phamtunglam/Documents/Projects/mSigLIP/code/artifacts/deployment/qnn_inputs/vn3k_train_calib_2000/raw/01804_pid1832_DHHN_HVBCVT_00_01833_00028950.raw,143,388
1805,1753,train,DHHN_HVBCVT_00/01754_00013830.jpg,/Users/phamtunglam/Documents/Projects/mSigLIP/code/VN3K/imgs/DHHN_HVBCVT_00/01754_00013830.jpg,/Users/phamtunglam/Documents/Projects/mSigLIP/code/artifacts/deployment/qnn_inputs/vn3k_train_calib_2000/raw/01805_pid1753_DHHN_HVBCVT_00_01754_00013830.raw,73,148
1806,661,train,HoGuom_00/00662_00008490.jpg,/Users/phamtunglam/Documents/Projects/mSigLIP/code/VN3K/imgs/HoGuom_00/00662_00008490.jpg,/Users/phamtunglam/Documents/Projects/mSigLIP/code/artifacts/deployment/qnn_inputs/vn3k_train_calib_2000/raw/01806_pid661_HoGuom_00_00662_00008490.raw,140,380
1807,626,train,HoGuom_00/00627_00007450.jpg,/Users/phamtunglam/Documents/Projects/mSigLIP/code/VN3K/imgs/HoGuom_00/00627_00007450.jpg,/Users/phamtunglam/Documents/Projects/mSigLIP/code/artifacts/deployment/qnn_inputs/vn3k_train_calib_2000/raw/01807_pid626_HoGuom_00_00627_00007450.raw,119,396
1808,1340,train,HoGuom_01/01341_00007965.jpg,/Users/phamtunglam/Documents/Projects/mSigLIP/code/VN3K/imgs/HoGuom_01/01341_00007965.jpg,/Users/phamtunglam/Documents/Projects/mSigLIP/code/artifacts/deployment/qnn_inputs/vn3k_train_calib_2000/raw/01808_pid1340_HoGuom_01_01341_00007965.raw,72,243
1809,1987,train,DHGTVT_00/01988_00031640.jpg,/Users/phamtunglam/Documents/Projects/mSigLIP/code/VN3K/imgs/DHGTVT_00/01988_00031640.jpg,/Users/phamtunglam/Documents/Projects/mSigLIP/code/artifacts/deployment/qnn_inputs/vn3k_train_calib_2000/raw/01809_pid1987_DHGTVT_00_01988_00031640.raw,112,297
1810,1125,train,HoGuom_01/01126_00011260.jpg,/Users/phamtunglam/Documents/Projects/mSigLIP/code/VN3K/imgs/HoGuom_01/01126_00011260.jpg,/Users/phamtunglam/Documents/Projects/mSigLIP/code/artifacts/deployment/qnn_inputs/vn3k_train_calib_2000/raw/01810_pid1125_HoGuom_01_01126_00011260.raw,144,422
1811,136,train,HoGuom_00/00137_00002880.jpg,/Users/phamtunglam/Documents/Projects/mSigLIP/code/VN3K/imgs/HoGuom_00/00137_00002880.jpg,/Users/phamtunglam/Documents/Projects/mSigLIP/code/artifacts/deployment/qnn_inputs/vn3k_train_calib_2000/raw/01811_pid136_HoGuom_00_00137_00002880.raw,166,463
1812,414,train,HoGuom_00/00415_00014185.jpg,/Users/phamtunglam/Documents/Projects/mSigLIP/code/VN3K/imgs/HoGuom_00/00415_00014185.jpg,/Users/phamtunglam/Documents/Projects/mSigLIP/code/artifacts/deployment/qnn_inputs/vn3k_train_calib_2000/raw/01812_pid414_HoGuom_00_00415_00014185.raw,71,167
1813,1561,train,DHHN_HVBCVT_00/01562_00001365.jpg,/Users/phamtunglam/Documents/Projects/mSigLIP/code/VN3K/imgs/DHHN_HVBCVT_00/01562_00001365.jpg,/Users/phamtunglam/Documents/Projects/mSigLIP/code/artifacts/deployment/qnn_inputs/vn3k_train_calib_2000/raw/01813_pid1561_DHHN_HVBCVT_00_01562_00001365.raw,188,445
1814,683,train,HoGuom_00/00684_00009735.jpg,/Users/phamtunglam/Documents/Projects/mSigLIP/code/VN3K/imgs/HoGuom_00/00684_00009735.jpg,/Users/phamtunglam/Documents/Projects/mSigLIP/code/artifacts/deployment/qnn_inputs/vn3k_train_calib_2000/raw/01814_pid683_HoGuom_00_00684_00009735.raw,85,201
1815,342,train,HoGuom_00/00343_00011095.jpg,/Users/phamtunglam/Documents/Projects/mSigLIP/code/VN3K/imgs/HoGuom_00/00343_00011095.jpg,/Users/phamtunglam/Documents/Projects/mSigLIP/code/artifacts/deployment/qnn_inputs/vn3k_train_calib_2000/raw/01815_pid342_HoGuom_00_00343_00011095.raw,78,184
1816,1100,train,HoGuom_01/01101_00000855.jpg,/Users/phamtunglam/Documents/Projects/mSigLIP/code/VN3K/imgs/HoGuom_01/01101_00000855.jpg,/Users/phamtunglam/Documents/Projects/mSigLIP/code/artifacts/deployment/qnn_inputs/vn3k_train_calib_2000/raw/01816_pid1100_HoGuom_01_01101_00000855.raw,192,374
1817,826,train,HoGuom_01/00827_00006465.jpg,/Users/phamtunglam/Documents/Projects/mSigLIP/code/VN3K/imgs/HoGuom_01/00827_00006465.jpg,/Users/phamtunglam/Documents/Projects/mSigLIP/code/artifacts/deployment/qnn_inputs/vn3k_train_calib_2000/raw/01817_pid826_HoGuom_01_00827_00006465.raw,87,214
1818,273,train,HoGuom_00/00274_00008680.jpg,/Users/phamtunglam/Documents/Projects/mSigLIP/code/VN3K/imgs/HoGuom_00/00274_00008680.jpg,/Users/phamtunglam/Documents/Projects/mSigLIP/code/artifacts/deployment/qnn_inputs/vn3k_train_calib_2000/raw/01818_pid273_HoGuom_00_00274_00008680.raw,83,272
1819,517,train,HoGuom_00/00518_00002185.jpg,/Users/phamtunglam/Documents/Projects/mSigLIP/code/VN3K/imgs/HoGuom_00/00518_00002185.jpg,/Users/phamtunglam/Documents/Projects/mSigLIP/code/artifacts/deployment/qnn_inputs/vn3k_train_calib_2000/raw/01819_pid517_HoGuom_00_00518_00002185.raw,172,483
1820,1893,train,DHGTVT_00/01894_00004940.jpg,/Users/phamtunglam/Documents/Projects/mSigLIP/code/VN3K/imgs/DHGTVT_00/01894_00004940.jpg,/Users/phamtunglam/Documents/Projects/mSigLIP/code/artifacts/deployment/qnn_inputs/vn3k_train_calib_2000/raw/01820_pid1893_DHGTVT_00_01894_00004940.raw,64,157
1821,1391,train,HoGuom_01/01392_2.jpg,/Users/phamtunglam/Documents/Projects/mSigLIP/code/VN3K/imgs/HoGuom_01/01392_2.jpg,/Users/phamtunglam/Documents/Projects/mSigLIP/code/artifacts/deployment/qnn_inputs/vn3k_train_calib_2000/raw/01821_pid1391_HoGuom_01_01392_2.raw,247,674
1822,330,train,HoGuom_00/00331_00010520.jpg,/Users/phamtunglam/Documents/Projects/mSigLIP/code/VN3K/imgs/HoGuom_00/00331_00010520.jpg,/Users/phamtunglam/Documents/Projects/mSigLIP/code/artifacts/deployment/qnn_inputs/vn3k_train_calib_2000/raw/01822_pid330_HoGuom_00_00331_00010520.raw,154,370
1823,1089,train,HoGuom_01/01090_00002295.jpg,/Users/phamtunglam/Documents/Projects/mSigLIP/code/VN3K/imgs/HoGuom_01/01090_00002295.jpg,/Users/phamtunglam/Documents/Projects/mSigLIP/code/artifacts/deployment/qnn_inputs/vn3k_train_calib_2000/raw/01823_pid1089_HoGuom_01_01090_00002295.raw,108,268
1824,1066,train,HoGuom_01/01067_00000555.jpg,/Users/phamtunglam/Documents/Projects/mSigLIP/code/VN3K/imgs/HoGuom_01/01067_00000555.jpg,/Users/phamtunglam/Documents/Projects/mSigLIP/code/artifacts/deployment/qnn_inputs/vn3k_train_calib_2000/raw/01824_pid1066_HoGuom_01_01067_00000555.raw,90,202
1825,31,train,TEST_DATA/Person32.2/output_6.jpg,/Users/phamtunglam/Documents/Projects/mSigLIP/code/VN3K/imgs/TEST_DATA/Person32.2/output_6.jpg,/Users/phamtunglam/Documents/Projects/mSigLIP/code/artifacts/deployment/qnn_inputs/vn3k_train_calib_2000/raw/01825_pid31_TEST_DATA_Person32.2_output_6.raw,82,275
1826,1963,train,DHGTVT_00/01964_00021560.jpg,/Users/phamtunglam/Documents/Projects/mSigLIP/code/VN3K/imgs/DHGTVT_00/01964_00021560.jpg,/Users/phamtunglam/Documents/Projects/mSigLIP/code/artifacts/deployment/qnn_inputs/vn3k_train_calib_2000/raw/01826_pid1963_DHGTVT_00_01964_00021560.raw,85,247
1827,926,train,HoGuom_01/00927_00005280.jpg,/Users/phamtunglam/Documents/Projects/mSigLIP/code/VN3K/imgs/HoGuom_01/00927_00005280.jpg,/Users/phamtunglam/Documents/Projects/mSigLIP/code/artifacts/deployment/qnn_inputs/vn3k_train_calib_2000/raw/01827_pid926_HoGuom_01_00927_00005280.raw,85,271
1828,1329,train,HoGuom_01/01330_00007920.jpg,/Users/phamtunglam/Documents/Projects/mSigLIP/code/VN3K/imgs/HoGuom_01/01330_00007920.jpg,/Users/phamtunglam/Documents/Projects/mSigLIP/code/artifacts/deployment/qnn_inputs/vn3k_train_calib_2000/raw/01828_pid1329_HoGuom_01_01330_00007920.raw,226,656
1829,1035,train,HoGuom_01/01036_00000870.jpg,/Users/phamtunglam/Documents/Projects/mSigLIP/code/VN3K/imgs/HoGuom_01/01036_00000870.jpg,/Users/phamtunglam/Documents/Projects/mSigLIP/code/artifacts/deployment/qnn_inputs/vn3k_train_calib_2000/raw/01829_pid1035_HoGuom_01_01036_00000870.raw,96,246
1830,327,train,HoGuom_00/00328_00010470.jpg,/Users/phamtunglam/Documents/Projects/mSigLIP/code/VN3K/imgs/HoGuom_00/00328_00010470.jpg,/Users/phamtunglam/Documents/Projects/mSigLIP/code/artifacts/deployment/qnn_inputs/vn3k_train_calib_2000/raw/01830_pid327_HoGuom_00_00328_00010470.raw,96,286
1831,520,train,HoGuom_00/00521_00002320.jpg,/Users/phamtunglam/Documents/Projects/mSigLIP/code/VN3K/imgs/HoGuom_00/00521_00002320.jpg,/Users/phamtunglam/Documents/Projects/mSigLIP/code/artifacts/deployment/qnn_inputs/vn3k_train_calib_2000/raw/01831_pid520_HoGuom_00_00521_00002320.raw,267,331
1832,1571,train,DHHN_HVBCVT_00/01572_00003735.jpg,/Users/phamtunglam/Documents/Projects/mSigLIP/code/VN3K/imgs/DHHN_HVBCVT_00/01572_00003735.jpg,/Users/phamtunglam/Documents/Projects/mSigLIP/code/artifacts/deployment/qnn_inputs/vn3k_train_calib_2000/raw/01832_pid1571_DHHN_HVBCVT_00_01572_00003735.raw,66,142
1833,1618,train,DHHN_HVBCVT_00/01619_00024555.jpg,/Users/phamtunglam/Documents/Projects/mSigLIP/code/VN3K/imgs/DHHN_HVBCVT_00/01619_00024555.jpg,/Users/phamtunglam/Documents/Projects/mSigLIP/code/artifacts/deployment/qnn_inputs/vn3k_train_calib_2000/raw/01833_pid1618_DHHN_HVBCVT_00_01619_00024555.raw,65,170
1834,956,train,HoGuom_01/00957_00004230.jpg,/Users/phamtunglam/Documents/Projects/mSigLIP/code/VN3K/imgs/HoGuom_01/00957_00004230.jpg,/Users/phamtunglam/Documents/Projects/mSigLIP/code/artifacts/deployment/qnn_inputs/vn3k_train_calib_2000/raw/01834_pid956_HoGuom_01_00957_00004230.raw,157,424
1835,1264,train,HoGuom_01/01265_00008775.jpg,/Users/phamtunglam/Documents/Projects/mSigLIP/code/VN3K/imgs/HoGuom_01/01265_00008775.jpg,/Users/phamtunglam/Documents/Projects/mSigLIP/code/artifacts/deployment/qnn_inputs/vn3k_train_calib_2000/raw/01835_pid1264_HoGuom_01_01265_00008775.raw,109,231
1836,603,train,HoGuom_00/00604_00006520.jpg,/Users/phamtunglam/Documents/Projects/mSigLIP/code/VN3K/imgs/HoGuom_00/00604_00006520.jpg,/Users/phamtunglam/Documents/Projects/mSigLIP/code/artifacts/deployment/qnn_inputs/vn3k_train_calib_2000/raw/01836_pid603_HoGuom_00_00604_00006520.raw,73,202
1837,919,train,HoGuom_01/00920_00008595.jpg,/Users/phamtunglam/Documents/Projects/mSigLIP/code/VN3K/imgs/HoGuom_01/00920_00008595.jpg,/Users/phamtunglam/Documents/Projects/mSigLIP/code/artifacts/deployment/qnn_inputs/vn3k_train_calib_2000/raw/01837_pid919_HoGuom_01_00920_00008595.raw,107,279
1838,971,train,HoGuom_01/00972_00005865.jpg,/Users/phamtunglam/Documents/Projects/mSigLIP/code/VN3K/imgs/HoGuom_01/00972_00005865.jpg,/Users/phamtunglam/Documents/Projects/mSigLIP/code/artifacts/deployment/qnn_inputs/vn3k_train_calib_2000/raw/01838_pid971_HoGuom_01_00972_00005865.raw,187,480
1839,835,train,HoGuom_01/00836_00008205.jpg,/Users/phamtunglam/Documents/Projects/mSigLIP/code/VN3K/imgs/HoGuom_01/00836_00008205.jpg,/Users/phamtunglam/Documents/Projects/mSigLIP/code/artifacts/deployment/qnn_inputs/vn3k_train_calib_2000/raw/01839_pid835_HoGuom_01_00836_00008205.raw,105,309
1840,1492,train,HoGuom_01/01493_1.jpg,/Users/phamtunglam/Documents/Projects/mSigLIP/code/VN3K/imgs/HoGuom_01/01493_1.jpg,/Users/phamtunglam/Documents/Projects/mSigLIP/code/artifacts/deployment/qnn_inputs/vn3k_train_calib_2000/raw/01840_pid1492_HoGuom_01_01493_1.raw,212,534
1841,1197,train,HoGuom_01/01198_00002640.jpg,/Users/phamtunglam/Documents/Projects/mSigLIP/code/VN3K/imgs/HoGuom_01/01198_00002640.jpg,/Users/phamtunglam/Documents/Projects/mSigLIP/code/artifacts/deployment/qnn_inputs/vn3k_train_calib_2000/raw/01841_pid1197_HoGuom_01_01198_00002640.raw,160,419
1842,470,train,HoGuom_00/00471_00016460.jpg,/Users/phamtunglam/Documents/Projects/mSigLIP/code/VN3K/imgs/HoGuom_00/00471_00016460.jpg,/Users/phamtunglam/Documents/Projects/mSigLIP/code/artifacts/deployment/qnn_inputs/vn3k_train_calib_2000/raw/01842_pid470_HoGuom_00_00471_00016460.raw,76,178
1843,31,train,TRAINNING_DATA/Person32/output_9.jpg,/Users/phamtunglam/Documents/Projects/mSigLIP/code/VN3K/imgs/TRAINNING_DATA/Person32/output_9.jpg,/Users/phamtunglam/Documents/Projects/mSigLIP/code/artifacts/deployment/qnn_inputs/vn3k_train_calib_2000/raw/01843_pid31_TRAINNING_DATA_Person32_output_9.raw,113,277
1844,495,train,HoGuom_00/00496_00019045.jpg,/Users/phamtunglam/Documents/Projects/mSigLIP/code/VN3K/imgs/HoGuom_00/00496_00019045.jpg,/Users/phamtunglam/Documents/Projects/mSigLIP/code/artifacts/deployment/qnn_inputs/vn3k_train_calib_2000/raw/01844_pid495_HoGuom_00_00496_00019045.raw,116,234
1845,885,train,HoGuom_01/00886_00013440.jpg,/Users/phamtunglam/Documents/Projects/mSigLIP/code/VN3K/imgs/HoGuom_01/00886_00013440.jpg,/Users/phamtunglam/Documents/Projects/mSigLIP/code/artifacts/deployment/qnn_inputs/vn3k_train_calib_2000/raw/01845_pid885_HoGuom_01_00886_00013440.raw,112,321
1846,394,train,HoGuom_00/00395_00013370.jpg,/Users/phamtunglam/Documents/Projects/mSigLIP/code/VN3K/imgs/HoGuom_00/00395_00013370.jpg,/Users/phamtunglam/Documents/Projects/mSigLIP/code/artifacts/deployment/qnn_inputs/vn3k_train_calib_2000/raw/01846_pid394_HoGuom_00_00395_00013370.raw,192,479
1847,393,train,HoGuom_00/00394_00013390.jpg,/Users/phamtunglam/Documents/Projects/mSigLIP/code/VN3K/imgs/HoGuom_00/00394_00013390.jpg,/Users/phamtunglam/Documents/Projects/mSigLIP/code/artifacts/deployment/qnn_inputs/vn3k_train_calib_2000/raw/01847_pid393_HoGuom_00_00394_00013390.raw,277,632
1848,1397,train,HoGuom_01/01398_1.jpg,/Users/phamtunglam/Documents/Projects/mSigLIP/code/VN3K/imgs/HoGuom_01/01398_1.jpg,/Users/phamtunglam/Documents/Projects/mSigLIP/code/artifacts/deployment/qnn_inputs/vn3k_train_calib_2000/raw/01848_pid1397_HoGuom_01_01398_1.raw,147,325
1849,479,train,HoGuom_00/00480_00017115.jpg,/Users/phamtunglam/Documents/Projects/mSigLIP/code/VN3K/imgs/HoGuom_00/00480_00017115.jpg,/Users/phamtunglam/Documents/Projects/mSigLIP/code/artifacts/deployment/qnn_inputs/vn3k_train_calib_2000/raw/01849_pid479_HoGuom_00_00480_00017115.raw,241,463
1850,236,train,HoGuom_00/00237_00007515.jpg,/Users/phamtunglam/Documents/Projects/mSigLIP/code/VN3K/imgs/HoGuom_00/00237_00007515.jpg,/Users/phamtunglam/Documents/Projects/mSigLIP/code/artifacts/deployment/qnn_inputs/vn3k_train_calib_2000/raw/01850_pid236_HoGuom_00_00237_00007515.raw,83,244
1851,1876,train,DHGTVT_00/01877_00003530.jpg,/Users/phamtunglam/Documents/Projects/mSigLIP/code/VN3K/imgs/DHGTVT_00/01877_00003530.jpg,/Users/phamtunglam/Documents/Projects/mSigLIP/code/artifacts/deployment/qnn_inputs/vn3k_train_calib_2000/raw/01851_pid1876_DHGTVT_00_01877_00003530.raw,78,219
1852,86,train,HoGuom_00/00087_00000800.jpg,/Users/phamtunglam/Documents/Projects/mSigLIP/code/VN3K/imgs/HoGuom_00/00087_00000800.jpg,/Users/phamtunglam/Documents/Projects/mSigLIP/code/artifacts/deployment/qnn_inputs/vn3k_train_calib_2000/raw/01852_pid86_HoGuom_00_00087_00000800.raw,225,492
1853,1476,train,HoGuom_01/01477_1.jpg,/Users/phamtunglam/Documents/Projects/mSigLIP/code/VN3K/imgs/HoGuom_01/01477_1.jpg,/Users/phamtunglam/Documents/Projects/mSigLIP/code/artifacts/deployment/qnn_inputs/vn3k_train_calib_2000/raw/01853_pid1476_HoGuom_01_01477_1.raw,101,290
1854,68,train,TRAINNING_DATA/Person69/output_9.jpg,/Users/phamtunglam/Documents/Projects/mSigLIP/code/VN3K/imgs/TRAINNING_DATA/Person69/output_9.jpg,/Users/phamtunglam/Documents/Projects/mSigLIP/code/artifacts/deployment/qnn_inputs/vn3k_train_calib_2000/raw/01854_pid68_TRAINNING_DATA_Person69_output_9.raw,142,369
1855,1489,train,HoGuom_01/01490_1.jpg,/Users/phamtunglam/Documents/Projects/mSigLIP/code/VN3K/imgs/HoGuom_01/01490_1.jpg,/Users/phamtunglam/Documents/Projects/mSigLIP/code/artifacts/deployment/qnn_inputs/vn3k_train_calib_2000/raw/01855_pid1489_HoGuom_01_01490_1.raw,184,603
1856,1722,train,DHHN_HVBCVT_00/01723_00011850.jpg,/Users/phamtunglam/Documents/Projects/mSigLIP/code/VN3K/imgs/DHHN_HVBCVT_00/01723_00011850.jpg,/Users/phamtunglam/Documents/Projects/mSigLIP/code/artifacts/deployment/qnn_inputs/vn3k_train_calib_2000/raw/01856_pid1722_DHHN_HVBCVT_00_01723_00011850.raw,67,175
1857,9,train,TEST_DATA/Person10.2/output_6.jpg,/Users/phamtunglam/Documents/Projects/mSigLIP/code/VN3K/imgs/TEST_DATA/Person10.2/output_6.jpg,/Users/phamtunglam/Documents/Projects/mSigLIP/code/artifacts/deployment/qnn_inputs/vn3k_train_calib_2000/raw/01857_pid9_TEST_DATA_Person10.2_output_6.raw,91,225
1858,1093,train,HoGuom_01/01094_00005415.jpg,/Users/phamtunglam/Documents/Projects/mSigLIP/code/VN3K/imgs/HoGuom_01/01094_00005415.jpg,/Users/phamtunglam/Documents/Projects/mSigLIP/code/artifacts/deployment/qnn_inputs/vn3k_train_calib_2000/raw/01858_pid1093_HoGuom_01_01094_00005415.raw,177,382
1859,408,train,HoGuom_00/00409_00013775.jpg,/Users/phamtunglam/Documents/Projects/mSigLIP/code/VN3K/imgs/HoGuom_00/00409_00013775.jpg,/Users/phamtunglam/Documents/Projects/mSigLIP/code/artifacts/deployment/qnn_inputs/vn3k_train_calib_2000/raw/01859_pid408_HoGuom_00_00409_00013775.raw,83,190
1860,215,train,HoGuom_00/00216_00005845.jpg,/Users/phamtunglam/Documents/Projects/mSigLIP/code/VN3K/imgs/HoGuom_00/00216_00005845.jpg,/Users/phamtunglam/Documents/Projects/mSigLIP/code/artifacts/deployment/qnn_inputs/vn3k_train_calib_2000/raw/01860_pid215_HoGuom_00_00216_00005845.raw,139,435
1861,373,train,HoGuom_00/00374_00012760.jpg,/Users/phamtunglam/Documents/Projects/mSigLIP/code/VN3K/imgs/HoGuom_00/00374_00012760.jpg,/Users/phamtunglam/Documents/Projects/mSigLIP/code/artifacts/deployment/qnn_inputs/vn3k_train_calib_2000/raw/01861_pid373_HoGuom_00_00374_00012760.raw,93,256
1862,912,train,HoGuom_01/00913_00004455.jpg,/Users/phamtunglam/Documents/Projects/mSigLIP/code/VN3K/imgs/HoGuom_01/00913_00004455.jpg,/Users/phamtunglam/Documents/Projects/mSigLIP/code/artifacts/deployment/qnn_inputs/vn3k_train_calib_2000/raw/01862_pid912_HoGuom_01_00913_00004455.raw,97,265
1863,226,train,HoGuom_00/00227_00006405.jpg,/Users/phamtunglam/Documents/Projects/mSigLIP/code/VN3K/imgs/HoGuom_00/00227_00006405.jpg,/Users/phamtunglam/Documents/Projects/mSigLIP/code/artifacts/deployment/qnn_inputs/vn3k_train_calib_2000/raw/01863_pid226_HoGuom_00_00227_00006405.raw,151,427
1864,904,train,HoGuom_01/00905_00001335.jpg,/Users/phamtunglam/Documents/Projects/mSigLIP/code/VN3K/imgs/HoGuom_01/00905_00001335.jpg,/Users/phamtunglam/Documents/Projects/mSigLIP/code/artifacts/deployment/qnn_inputs/vn3k_train_calib_2000/raw/01864_pid904_HoGuom_01_00905_00001335.raw,110,311
1865,39,train,TEST_DATA/Person40.2/output_9.jpg,/Users/phamtunglam/Documents/Projects/mSigLIP/code/VN3K/imgs/TEST_DATA/Person40.2/output_9.jpg,/Users/phamtunglam/Documents/Projects/mSigLIP/code/artifacts/deployment/qnn_inputs/vn3k_train_calib_2000/raw/01865_pid39_TEST_DATA_Person40.2_output_9.raw,133,320
1866,1549,train,DHHN_HVBCVT_00/01550_00000120.jpg,/Users/phamtunglam/Documents/Projects/mSigLIP/code/VN3K/imgs/DHHN_HVBCVT_00/01550_00000120.jpg,/Users/phamtunglam/Documents/Projects/mSigLIP/code/artifacts/deployment/qnn_inputs/vn3k_train_calib_2000/raw/01866_pid1549_DHHN_HVBCVT_00_01550_00000120.raw,79,169
1867,1288,train,HoGuom_01/01289_00007575.jpg,/Users/phamtunglam/Documents/Projects/mSigLIP/code/VN3K/imgs/HoGuom_01/01289_00007575.jpg,/Users/phamtunglam/Documents/Projects/mSigLIP/code/artifacts/deployment/qnn_inputs/vn3k_train_calib_2000/raw/01867_pid1288_HoGuom_01_01289_00007575.raw,217,400
1868,166,train,HoGuom_00/00167_00004205.jpg,/Users/phamtunglam/Documents/Projects/mSigLIP/code/VN3K/imgs/HoGuom_00/00167_00004205.jpg,/Users/phamtunglam/Documents/Projects/mSigLIP/code/artifacts/deployment/qnn_inputs/vn3k_train_calib_2000/raw/01868_pid166_HoGuom_00_00167_00004205.raw,161,440
1869,1816,train,DHHN_HVBCVT_00/01817_00014715.jpg,/Users/phamtunglam/Documents/Projects/mSigLIP/code/VN3K/imgs/DHHN_HVBCVT_00/01817_00014715.jpg,/Users/phamtunglam/Documents/Projects/mSigLIP/code/artifacts/deployment/qnn_inputs/vn3k_train_calib_2000/raw/01869_pid1816_DHHN_HVBCVT_00_01817_00014715.raw,66,175
1870,52,train,TRAINNING_DATA/Person53/output_2.jpg,/Users/phamtunglam/Documents/Projects/mSigLIP/code/VN3K/imgs/TRAINNING_DATA/Person53/output_2.jpg,/Users/phamtunglam/Documents/Projects/mSigLIP/code/artifacts/deployment/qnn_inputs/vn3k_train_calib_2000/raw/01870_pid52_TRAINNING_DATA_Person53_output_2.raw,159,282
1871,99,train,HoGuom_00/00100_00002015.jpg,/Users/phamtunglam/Documents/Projects/mSigLIP/code/VN3K/imgs/HoGuom_00/00100_00002015.jpg,/Users/phamtunglam/Documents/Projects/mSigLIP/code/artifacts/deployment/qnn_inputs/vn3k_train_calib_2000/raw/01871_pid99_HoGuom_00_00100_00002015.raw,114,280
1872,676,train,HoGuom_00/00677_00008960.jpg,/Users/phamtunglam/Documents/Projects/mSigLIP/code/VN3K/imgs/HoGuom_00/00677_00008960.jpg,/Users/phamtunglam/Documents/Projects/mSigLIP/code/artifacts/deployment/qnn_inputs/vn3k_train_calib_2000/raw/01872_pid676_HoGuom_00_00677_00008960.raw,180,410
1873,520,train,HoGuom_00/00521_00002285.jpg,/Users/phamtunglam/Documents/Projects/mSigLIP/code/VN3K/imgs/HoGuom_00/00521_00002285.jpg,/Users/phamtunglam/Documents/Projects/mSigLIP/code/artifacts/deployment/qnn_inputs/vn3k_train_calib_2000/raw/01873_pid520_HoGuom_00_00521_00002285.raw,266,391
1874,1663,train,DHHN_HVBCVT_00/01664_00045870.jpg,/Users/phamtunglam/Documents/Projects/mSigLIP/code/VN3K/imgs/DHHN_HVBCVT_00/01664_00045870.jpg,/Users/phamtunglam/Documents/Projects/mSigLIP/code/artifacts/deployment/qnn_inputs/vn3k_train_calib_2000/raw/01874_pid1663_DHHN_HVBCVT_00_01664_00045870.raw,122,355
1875,1,train,TRAINNING_DATA/Person2/output_2.jpg,/Users/phamtunglam/Documents/Projects/mSigLIP/code/VN3K/imgs/TRAINNING_DATA/Person2/output_2.jpg,/Users/phamtunglam/Documents/Projects/mSigLIP/code/artifacts/deployment/qnn_inputs/vn3k_train_calib_2000/raw/01875_pid1_TRAINNING_DATA_Person2_output_2.raw,108,298
1876,660,train,HoGuom_00/00661_00008425.jpg,/Users/phamtunglam/Documents/Projects/mSigLIP/code/VN3K/imgs/HoGuom_00/00661_00008425.jpg,/Users/phamtunglam/Documents/Projects/mSigLIP/code/artifacts/deployment/qnn_inputs/vn3k_train_calib_2000/raw/01876_pid660_HoGuom_00_00661_00008425.raw,75,255
1877,1623,train,DHHN_HVBCVT_00/01624_00028155.jpg,/Users/phamtunglam/Documents/Projects/mSigLIP/code/VN3K/imgs/DHHN_HVBCVT_00/01624_00028155.jpg,/Users/phamtunglam/Documents/Projects/mSigLIP/code/artifacts/deployment/qnn_inputs/vn3k_train_calib_2000/raw/01877_pid1623_DHHN_HVBCVT_00_01624_00028155.raw,199,431
1878,1475,train,HoGuom_01/01476_1.jpg,/Users/phamtunglam/Documents/Projects/mSigLIP/code/VN3K/imgs/HoGuom_01/01476_1.jpg,/Users/phamtunglam/Documents/Projects/mSigLIP/code/artifacts/deployment/qnn_inputs/vn3k_train_calib_2000/raw/01878_pid1475_HoGuom_01_01476_1.raw,86,244
1879,43,train,TEST_DATA/Person44.2/output_2.jpg,/Users/phamtunglam/Documents/Projects/mSigLIP/code/VN3K/imgs/TEST_DATA/Person44.2/output_2.jpg,/Users/phamtunglam/Documents/Projects/mSigLIP/code/artifacts/deployment/qnn_inputs/vn3k_train_calib_2000/raw/01879_pid43_TEST_DATA_Person44.2_output_2.raw,90,228
1880,1684,train,DHHN_HVBCVT_00/01685_00002505.jpg,/Users/phamtunglam/Documents/Projects/mSigLIP/code/VN3K/imgs/DHHN_HVBCVT_00/01685_00002505.jpg,/Users/phamtunglam/Documents/Projects/mSigLIP/code/artifacts/deployment/qnn_inputs/vn3k_train_calib_2000/raw/01880_pid1684_DHHN_HVBCVT_00_01685_00002505.raw,63,177
1881,887,train,HoGuom_01/00888_00013995.jpg,/Users/phamtunglam/Documents/Projects/mSigLIP/code/VN3K/imgs/HoGuom_01/00888_00013995.jpg,/Users/phamtunglam/Documents/Projects/mSigLIP/code/artifacts/deployment/qnn_inputs/vn3k_train_calib_2000/raw/01881_pid887_HoGuom_01_00888_00013995.raw,98,324
1882,217,train,HoGuom_00/00218_00005955.jpg,/Users/phamtunglam/Documents/Projects/mSigLIP/code/VN3K/imgs/HoGuom_00/00218_00005955.jpg,/Users/phamtunglam/Documents/Projects/mSigLIP/code/artifacts/deployment/qnn_inputs/vn3k_train_calib_2000/raw/01882_pid217_HoGuom_00_00218_00005955.raw,95,210
1883,1142,train,HoGuom_01/01143_00001170.jpg,/Users/phamtunglam/Documents/Projects/mSigLIP/code/VN3K/imgs/HoGuom_01/01143_00001170.jpg,/Users/phamtunglam/Documents/Projects/mSigLIP/code/artifacts/deployment/qnn_inputs/vn3k_train_calib_2000/raw/01883_pid1142_HoGuom_01_01143_00001170.raw,135,381
1884,617,train,HoGuom_00/00618_00007035.jpg,/Users/phamtunglam/Documents/Projects/mSigLIP/code/VN3K/imgs/HoGuom_00/00618_00007035.jpg,/Users/phamtunglam/Documents/Projects/mSigLIP/code/artifacts/deployment/qnn_inputs/vn3k_train_calib_2000/raw/01884_pid617_HoGuom_00_00618_00007035.raw,171,521
1885,1591,train,DHHN_HVBCVT_00/01592_00009450.jpg,/Users/phamtunglam/Documents/Projects/mSigLIP/code/VN3K/imgs/DHHN_HVBCVT_00/01592_00009450.jpg,/Users/phamtunglam/Documents/Projects/mSigLIP/code/artifacts/deployment/qnn_inputs/vn3k_train_calib_2000/raw/01885_pid1591_DHHN_HVBCVT_00_01592_00009450.raw,70,197
1886,1460,train,HoGuom_01/01461_1.jpg,/Users/phamtunglam/Documents/Projects/mSigLIP/code/VN3K/imgs/HoGuom_01/01461_1.jpg,/Users/phamtunglam/Documents/Projects/mSigLIP/code/artifacts/deployment/qnn_inputs/vn3k_train_calib_2000/raw/01886_pid1460_HoGuom_01_01461_1.raw,255,706
1887,1554,train,DHHN_HVBCVT_00/01555_00005505.jpg,/Users/phamtunglam/Documents/Projects/mSigLIP/code/VN3K/imgs/DHHN_HVBCVT_00/01555_00005505.jpg,/Users/phamtunglam/Documents/Projects/mSigLIP/code/artifacts/deployment/qnn_inputs/vn3k_train_calib_2000/raw/01887_pid1554_DHHN_HVBCVT_00_01555_00005505.raw,169,407
1888,156,train,HoGuom_00/00157_00003735.jpg,/Users/phamtunglam/Documents/Projects/mSigLIP/code/VN3K/imgs/HoGuom_00/00157_00003735.jpg,/Users/phamtunglam/Documents/Projects/mSigLIP/code/artifacts/deployment/qnn_inputs/vn3k_train_calib_2000/raw/01888_pid156_HoGuom_00_00157_00003735.raw,158,496
1889,161,train,HoGuom_00/00162_00003835.jpg,/Users/phamtunglam/Documents/Projects/mSigLIP/code/VN3K/imgs/HoGuom_00/00162_00003835.jpg,/Users/phamtunglam/Documents/Projects/mSigLIP/code/artifacts/deployment/qnn_inputs/vn3k_train_calib_2000/raw/01889_pid161_HoGuom_00_00162_00003835.raw,75,183
1890,834,train,HoGuom_01/00835_00007530.jpg,/Users/phamtunglam/Documents/Projects/mSigLIP/code/VN3K/imgs/HoGuom_01/00835_00007530.jpg,/Users/phamtunglam/Documents/Projects/mSigLIP/code/artifacts/deployment/qnn_inputs/vn3k_train_calib_2000/raw/01890_pid834_HoGuom_01_00835_00007530.raw,178,372
1891,269,train,HoGuom_00/00270_00008705.jpg,/Users/phamtunglam/Documents/Projects/mSigLIP/code/VN3K/imgs/HoGuom_00/00270_00008705.jpg,/Users/phamtunglam/Documents/Projects/mSigLIP/code/artifacts/deployment/qnn_inputs/vn3k_train_calib_2000/raw/01891_pid269_HoGuom_00_00270_00008705.raw,206,651
1892,844,train,HoGuom_01/00845_00006495.jpg,/Users/phamtunglam/Documents/Projects/mSigLIP/code/VN3K/imgs/HoGuom_01/00845_00006495.jpg,/Users/phamtunglam/Documents/Projects/mSigLIP/code/artifacts/deployment/qnn_inputs/vn3k_train_calib_2000/raw/01892_pid844_HoGuom_01_00845_00006495.raw,93,234
1893,1230,train,HoGuom_01/01231_00004530.jpg,/Users/phamtunglam/Documents/Projects/mSigLIP/code/VN3K/imgs/HoGuom_01/01231_00004530.jpg,/Users/phamtunglam/Documents/Projects/mSigLIP/code/artifacts/deployment/qnn_inputs/vn3k_train_calib_2000/raw/01893_pid1230_HoGuom_01_01231_00004530.raw,93,261
1894,4,train,TRAINNING_DATA/Person5/output_2.jpg,/Users/phamtunglam/Documents/Projects/mSigLIP/code/VN3K/imgs/TRAINNING_DATA/Person5/output_2.jpg,/Users/phamtunglam/Documents/Projects/mSigLIP/code/artifacts/deployment/qnn_inputs/vn3k_train_calib_2000/raw/01894_pid4_TRAINNING_DATA_Person5_output_2.raw,173,279
1895,715,train,HoGuom_00/00716_00011920.jpg,/Users/phamtunglam/Documents/Projects/mSigLIP/code/VN3K/imgs/HoGuom_00/00716_00011920.jpg,/Users/phamtunglam/Documents/Projects/mSigLIP/code/artifacts/deployment/qnn_inputs/vn3k_train_calib_2000/raw/01895_pid715_HoGuom_00_00716_00011920.raw,90,234
1896,46,train,TEST_DATA/Person47.2/output_9.jpg,/Users/phamtunglam/Documents/Projects/mSigLIP/code/VN3K/imgs/TEST_DATA/Person47.2/output_9.jpg,/Users/phamtunglam/Documents/Projects/mSigLIP/code/artifacts/deployment/qnn_inputs/vn3k_train_calib_2000/raw/01896_pid46_TEST_DATA_Person47.2_output_9.raw,152,457
1897,173,train,HoGuom_00/00174_00004335.jpg,/Users/phamtunglam/Documents/Projects/mSigLIP/code/VN3K/imgs/HoGuom_00/00174_00004335.jpg,/Users/phamtunglam/Documents/Projects/mSigLIP/code/artifacts/deployment/qnn_inputs/vn3k_train_calib_2000/raw/01897_pid173_HoGuom_00_00174_00004335.raw,89,190
1898,779,train,HoGuom_01/00780_00001035.jpg,/Users/phamtunglam/Documents/Projects/mSigLIP/code/VN3K/imgs/HoGuom_01/00780_00001035.jpg,/Users/phamtunglam/Documents/Projects/mSigLIP/code/artifacts/deployment/qnn_inputs/vn3k_train_calib_2000/raw/01898_pid779_HoGuom_01_00780_00001035.raw,78,214
1899,1577,train,DHHN_HVBCVT_00/01578_00007170.jpg,/Users/phamtunglam/Documents/Projects/mSigLIP/code/VN3K/imgs/DHHN_HVBCVT_00/01578_00007170.jpg,/Users/phamtunglam/Documents/Projects/mSigLIP/code/artifacts/deployment/qnn_inputs/vn3k_train_calib_2000/raw/01899_pid1577_DHHN_HVBCVT_00_01578_00007170.raw,71,150
1900,317,train,HoGuom_00/00318_00010295.jpg,/Users/phamtunglam/Documents/Projects/mSigLIP/code/VN3K/imgs/HoGuom_00/00318_00010295.jpg,/Users/phamtunglam/Documents/Projects/mSigLIP/code/artifacts/deployment/qnn_inputs/vn3k_train_calib_2000/raw/01900_pid317_HoGuom_00_00318_00010295.raw,163,310
1901,1645,train,DHHN_HVBCVT_00/01646_00040740.jpg,/Users/phamtunglam/Documents/Projects/mSigLIP/code/VN3K/imgs/DHHN_HVBCVT_00/01646_00040740.jpg,/Users/phamtunglam/Documents/Projects/mSigLIP/code/artifacts/deployment/qnn_inputs/vn3k_train_calib_2000/raw/01901_pid1645_DHHN_HVBCVT_00_01646_00040740.raw,66,198
1902,1566,train,DHHN_HVBCVT_00/01567_00001560.jpg,/Users/phamtunglam/Documents/Projects/mSigLIP/code/VN3K/imgs/DHHN_HVBCVT_00/01567_00001560.jpg,/Users/phamtunglam/Documents/Projects/mSigLIP/code/artifacts/deployment/qnn_inputs/vn3k_train_calib_2000/raw/01902_pid1566_DHHN_HVBCVT_00_01567_00001560.raw,238,722
1903,247,train,HoGuom_00/00248_00007850.jpg,/Users/phamtunglam/Documents/Projects/mSigLIP/code/VN3K/imgs/HoGuom_00/00248_00007850.jpg,/Users/phamtunglam/Documents/Projects/mSigLIP/code/artifacts/deployment/qnn_inputs/vn3k_train_calib_2000/raw/01903_pid247_HoGuom_00_00248_00007850.raw,76,177
1904,989,train,HoGuom_01/00990_00007875.jpg,/Users/phamtunglam/Documents/Projects/mSigLIP/code/VN3K/imgs/HoGuom_01/00990_00007875.jpg,/Users/phamtunglam/Documents/Projects/mSigLIP/code/artifacts/deployment/qnn_inputs/vn3k_train_calib_2000/raw/01904_pid989_HoGuom_01_00990_00007875.raw,103,268
1905,1989,train,TamChuc_01/01990_1.jpg,/Users/phamtunglam/Documents/Projects/mSigLIP/code/VN3K/imgs/TamChuc_01/01990_1.jpg,/Users/phamtunglam/Documents/Projects/mSigLIP/code/artifacts/deployment/qnn_inputs/vn3k_train_calib_2000/raw/01905_pid1989_TamChuc_01_01990_1.raw,252,792
1906,1052,train,HoGuom_01/01053_00000570.jpg,/Users/phamtunglam/Documents/Projects/mSigLIP/code/VN3K/imgs/HoGuom_01/01053_00000570.jpg,/Users/phamtunglam/Documents/Projects/mSigLIP/code/artifacts/deployment/qnn_inputs/vn3k_train_calib_2000/raw/01906_pid1052_HoGuom_01_01053_00000570.raw,125,302
1907,1837,train,DHHN_HVBCVT_00/01838_00030315.jpg,/Users/phamtunglam/Documents/Projects/mSigLIP/code/VN3K/imgs/DHHN_HVBCVT_00/01838_00030315.jpg,/Users/phamtunglam/Documents/Projects/mSigLIP/code/artifacts/deployment/qnn_inputs/vn3k_train_calib_2000/raw/01907_pid1837_DHHN_HVBCVT_00_01838_00030315.raw,75,204
1908,759,train,HoGuom_00/00760_00012850.jpg,/Users/phamtunglam/Documents/Projects/mSigLIP/code/VN3K/imgs/HoGuom_00/00760_00012850.jpg,/Users/phamtunglam/Documents/Projects/mSigLIP/code/artifacts/deployment/qnn_inputs/vn3k_train_calib_2000/raw/01908_pid759_HoGuom_00_00760_00012850.raw,71,188
1909,1351,train,HoGuom_01/01352_00007425.jpg,/Users/phamtunglam/Documents/Projects/mSigLIP/code/VN3K/imgs/HoGuom_01/01352_00007425.jpg,/Users/phamtunglam/Documents/Projects/mSigLIP/code/artifacts/deployment/qnn_inputs/vn3k_train_calib_2000/raw/01909_pid1351_HoGuom_01_01352_00007425.raw,102,285
1910,173,train,HoGuom_00/00174_00004330.jpg,/Users/phamtunglam/Documents/Projects/mSigLIP/code/VN3K/imgs/HoGuom_00/00174_00004330.jpg,/Users/phamtunglam/Documents/Projects/mSigLIP/code/artifacts/deployment/qnn_inputs/vn3k_train_calib_2000/raw/01910_pid173_HoGuom_00_00174_00004330.raw,86,181
1911,126,train,HoGuom_00/00127_00002260.jpg,/Users/phamtunglam/Documents/Projects/mSigLIP/code/VN3K/imgs/HoGuom_00/00127_00002260.jpg,/Users/phamtunglam/Documents/Projects/mSigLIP/code/artifacts/deployment/qnn_inputs/vn3k_train_calib_2000/raw/01911_pid126_HoGuom_00_00127_00002260.raw,245,489
1912,936,train,HoGuom_01/00937_00000150.jpg,/Users/phamtunglam/Documents/Projects/mSigLIP/code/VN3K/imgs/HoGuom_01/00937_00000150.jpg,/Users/phamtunglam/Documents/Projects/mSigLIP/code/artifacts/deployment/qnn_inputs/vn3k_train_calib_2000/raw/01912_pid936_HoGuom_01_00937_00000150.raw,65,169
1913,501,train,HoGuom_00/00502_00019520.jpg,/Users/phamtunglam/Documents/Projects/mSigLIP/code/VN3K/imgs/HoGuom_00/00502_00019520.jpg,/Users/phamtunglam/Documents/Projects/mSigLIP/code/artifacts/deployment/qnn_inputs/vn3k_train_calib_2000/raw/01913_pid501_HoGuom_00_00502_00019520.raw,82,110
1914,614,train,HoGuom_00/00615_00006820.jpg,/Users/phamtunglam/Documents/Projects/mSigLIP/code/VN3K/imgs/HoGuom_00/00615_00006820.jpg,/Users/phamtunglam/Documents/Projects/mSigLIP/code/artifacts/deployment/qnn_inputs/vn3k_train_calib_2000/raw/01914_pid614_HoGuom_00_00615_00006820.raw,161,470
1915,187,train,HoGuom_00/00188_00004570.jpg,/Users/phamtunglam/Documents/Projects/mSigLIP/code/VN3K/imgs/HoGuom_00/00188_00004570.jpg,/Users/phamtunglam/Documents/Projects/mSigLIP/code/artifacts/deployment/qnn_inputs/vn3k_train_calib_2000/raw/01915_pid187_HoGuom_00_00188_00004570.raw,122,294
1916,1676,train,DHHN_HVBCVT_00/01677_00054105.jpg,/Users/phamtunglam/Documents/Projects/mSigLIP/code/VN3K/imgs/DHHN_HVBCVT_00/01677_00054105.jpg,/Users/phamtunglam/Documents/Projects/mSigLIP/code/artifacts/deployment/qnn_inputs/vn3k_train_calib_2000/raw/01916_pid1676_DHHN_HVBCVT_00_01677_00054105.raw,151,291
1917,692,train,HoGuom_00/00693_00010085.jpg,/Users/phamtunglam/Documents/Projects/mSigLIP/code/VN3K/imgs/HoGuom_00/00693_00010085.jpg,/Users/phamtunglam/Documents/Projects/mSigLIP/code/artifacts/deployment/qnn_inputs/vn3k_train_calib_2000/raw/01917_pid692_HoGuom_00_00693_00010085.raw,93,249
1918,131,train,HoGuom_00/00132_00002430.jpg,/Users/phamtunglam/Documents/Projects/mSigLIP/code/VN3K/imgs/HoGuom_00/00132_00002430.jpg,/Users/phamtunglam/Documents/Projects/mSigLIP/code/artifacts/deployment/qnn_inputs/vn3k_train_calib_2000/raw/01918_pid131_HoGuom_00_00132_00002430.raw,73,138
1919,1658,train,DHHN_HVBCVT_00/01659_00043755.jpg,/Users/phamtunglam/Documents/Projects/mSigLIP/code/VN3K/imgs/DHHN_HVBCVT_00/01659_00043755.jpg,/Users/phamtunglam/Documents/Projects/mSigLIP/code/artifacts/deployment/qnn_inputs/vn3k_train_calib_2000/raw/01919_pid1658_DHHN_HVBCVT_00_01659_00043755.raw,64,161
1920,1304,train,HoGuom_01/01305_00004275.jpg,/Users/phamtunglam/Documents/Projects/mSigLIP/code/VN3K/imgs/HoGuom_01/01305_00004275.jpg,/Users/phamtunglam/Documents/Projects/mSigLIP/code/artifacts/deployment/qnn_inputs/vn3k_train_calib_2000/raw/01920_pid1304_HoGuom_01_01305_00004275.raw,153,391
1921,1508,train,DHHN_HVBCVT_00/01509_00000465.jpg,/Users/phamtunglam/Documents/Projects/mSigLIP/code/VN3K/imgs/DHHN_HVBCVT_00/01509_00000465.jpg,/Users/phamtunglam/Documents/Projects/mSigLIP/code/artifacts/deployment/qnn_inputs/vn3k_train_calib_2000/raw/01921_pid1508_DHHN_HVBCVT_00_01509_00000465.raw,102,291
1922,1331,train,HoGuom_01/01332_00005520.jpg,/Users/phamtunglam/Documents/Projects/mSigLIP/code/VN3K/imgs/HoGuom_01/01332_00005520.jpg,/Users/phamtunglam/Documents/Projects/mSigLIP/code/artifacts/deployment/qnn_inputs/vn3k_train_calib_2000/raw/01922_pid1331_HoGuom_01_01332_00005520.raw,126,405
1923,1732,train,DHHN_HVBCVT_00/01733_00013875.jpg,/Users/phamtunglam/Documents/Projects/mSigLIP/code/VN3K/imgs/DHHN_HVBCVT_00/01733_00013875.jpg,/Users/phamtunglam/Documents/Projects/mSigLIP/code/artifacts/deployment/qnn_inputs/vn3k_train_calib_2000/raw/01923_pid1732_DHHN_HVBCVT_00_01733_00013875.raw,150,403
1924,1859,train,DHGTVT_00/01860_00003160.jpg,/Users/phamtunglam/Documents/Projects/mSigLIP/code/VN3K/imgs/DHGTVT_00/01860_00003160.jpg,/Users/phamtunglam/Documents/Projects/mSigLIP/code/artifacts/deployment/qnn_inputs/vn3k_train_calib_2000/raw/01924_pid1859_DHGTVT_00_01860_00003160.raw,93,205
1925,583,train,HoGuom_00/00584_00005650.jpg,/Users/phamtunglam/Documents/Projects/mSigLIP/code/VN3K/imgs/HoGuom_00/00584_00005650.jpg,/Users/phamtunglam/Documents/Projects/mSigLIP/code/artifacts/deployment/qnn_inputs/vn3k_train_calib_2000/raw/01925_pid583_HoGuom_00_00584_00005650.raw,134,359
1926,930,train,HoGuom_01/00931_00010380.jpg,/Users/phamtunglam/Documents/Projects/mSigLIP/code/VN3K/imgs/HoGuom_01/00931_00010380.jpg,/Users/phamtunglam/Documents/Projects/mSigLIP/code/artifacts/deployment/qnn_inputs/vn3k_train_calib_2000/raw/01926_pid930_HoGuom_01_00931_00010380.raw,116,313
1927,135,train,HoGuom_00/00136_00002755.jpg,/Users/phamtunglam/Documents/Projects/mSigLIP/code/VN3K/imgs/HoGuom_00/00136_00002755.jpg,/Users/phamtunglam/Documents/Projects/mSigLIP/code/artifacts/deployment/qnn_inputs/vn3k_train_calib_2000/raw/01927_pid135_HoGuom_00_00136_00002755.raw,175,380
1928,1118,train,HoGuom_01/01119_00002070.jpg,/Users/phamtunglam/Documents/Projects/mSigLIP/code/VN3K/imgs/HoGuom_01/01119_00002070.jpg,/Users/phamtunglam/Documents/Projects/mSigLIP/code/artifacts/deployment/qnn_inputs/vn3k_train_calib_2000/raw/01928_pid1118_HoGuom_01_01119_00002070.raw,323,867
1929,36,train,TEST_DATA/Person37.2/output_2.jpg,/Users/phamtunglam/Documents/Projects/mSigLIP/code/VN3K/imgs/TEST_DATA/Person37.2/output_2.jpg,/Users/phamtunglam/Documents/Projects/mSigLIP/code/artifacts/deployment/qnn_inputs/vn3k_train_calib_2000/raw/01929_pid36_TEST_DATA_Person37.2_output_2.raw,97,200
1930,1271,train,HoGuom_01/01272_00004845.jpg,/Users/phamtunglam/Documents/Projects/mSigLIP/code/VN3K/imgs/HoGuom_01/01272_00004845.jpg,/Users/phamtunglam/Documents/Projects/mSigLIP/code/artifacts/deployment/qnn_inputs/vn3k_train_calib_2000/raw/01930_pid1271_HoGuom_01_01272_00004845.raw,83,219
1931,607,train,HoGuom_00/00608_00007075.jpg,/Users/phamtunglam/Documents/Projects/mSigLIP/code/VN3K/imgs/HoGuom_00/00608_00007075.jpg,/Users/phamtunglam/Documents/Projects/mSigLIP/code/artifacts/deployment/qnn_inputs/vn3k_train_calib_2000/raw/01931_pid607_HoGuom_00_00608_00007075.raw,137,351
1932,1658,train,DHHN_HVBCVT_00/01659_00044070.jpg,/Users/phamtunglam/Documents/Projects/mSigLIP/code/VN3K/imgs/DHHN_HVBCVT_00/01659_00044070.jpg,/Users/phamtunglam/Documents/Projects/mSigLIP/code/artifacts/deployment/qnn_inputs/vn3k_train_calib_2000/raw/01932_pid1658_DHHN_HVBCVT_00_01659_00044070.raw,173,413
1933,1797,train,DHHN_HVBCVT_00/01798_00001500.jpg,/Users/phamtunglam/Documents/Projects/mSigLIP/code/VN3K/imgs/DHHN_HVBCVT_00/01798_00001500.jpg,/Users/phamtunglam/Documents/Projects/mSigLIP/code/artifacts/deployment/qnn_inputs/vn3k_train_calib_2000/raw/01933_pid1797_DHHN_HVBCVT_00_01798_00001500.raw,141,443
1934,1163,train,HoGuom_01/01164_00000780.jpg,/Users/phamtunglam/Documents/Projects/mSigLIP/code/VN3K/imgs/HoGuom_01/01164_00000780.jpg,/Users/phamtunglam/Documents/Projects/mSigLIP/code/artifacts/deployment/qnn_inputs/vn3k_train_calib_2000/raw/01934_pid1163_HoGuom_01_01164_00000780.raw,63,104
1935,358,train,HoGuom_00/00359_00012210.jpg,/Users/phamtunglam/Documents/Projects/mSigLIP/code/VN3K/imgs/HoGuom_00/00359_00012210.jpg,/Users/phamtunglam/Documents/Projects/mSigLIP/code/artifacts/deployment/qnn_inputs/vn3k_train_calib_2000/raw/01935_pid358_HoGuom_00_00359_00012210.raw,214,487
1936,1455,train,HoGuom_01/01456_2.jpg,/Users/phamtunglam/Documents/Projects/mSigLIP/code/VN3K/imgs/HoGuom_01/01456_2.jpg,/Users/phamtunglam/Documents/Projects/mSigLIP/code/artifacts/deployment/qnn_inputs/vn3k_train_calib_2000/raw/01936_pid1455_HoGuom_01_01456_2.raw,315,726
1937,137,train,HoGuom_00/00138_00002700.jpg,/Users/phamtunglam/Documents/Projects/mSigLIP/code/VN3K/imgs/HoGuom_00/00138_00002700.jpg,/Users/phamtunglam/Documents/Projects/mSigLIP/code/artifacts/deployment/qnn_inputs/vn3k_train_calib_2000/raw/01937_pid137_HoGuom_00_00138_00002700.raw,131,291
1938,1,train,TRAINNING_DATA/Person2/output_6.jpg,/Users/phamtunglam/Documents/Projects/mSigLIP/code/VN3K/imgs/TRAINNING_DATA/Person2/output_6.jpg,/Users/phamtunglam/Documents/Projects/mSigLIP/code/artifacts/deployment/qnn_inputs/vn3k_train_calib_2000/raw/01938_pid1_TRAINNING_DATA_Person2_output_6.raw,156,293
1939,18,train,TRAINNING_DATA/Person19/output_9.jpg,/Users/phamtunglam/Documents/Projects/mSigLIP/code/VN3K/imgs/TRAINNING_DATA/Person19/output_9.jpg,/Users/phamtunglam/Documents/Projects/mSigLIP/code/artifacts/deployment/qnn_inputs/vn3k_train_calib_2000/raw/01939_pid18_TRAINNING_DATA_Person19_output_9.raw,184,366
1940,18,train,TRAINNING_DATA/Person19/output_2.jpg,/Users/phamtunglam/Documents/Projects/mSigLIP/code/VN3K/imgs/TRAINNING_DATA/Person19/output_2.jpg,/Users/phamtunglam/Documents/Projects/mSigLIP/code/artifacts/deployment/qnn_inputs/vn3k_train_calib_2000/raw/01940_pid18_TRAINNING_DATA_Person19_output_2.raw,103,374
1941,1336,train,HoGuom_01/01337_00008971.jpg,/Users/phamtunglam/Documents/Projects/mSigLIP/code/VN3K/imgs/HoGuom_01/01337_00008971.jpg,/Users/phamtunglam/Documents/Projects/mSigLIP/code/artifacts/deployment/qnn_inputs/vn3k_train_calib_2000/raw/01941_pid1336_HoGuom_01_01337_00008971.raw,87,247
1942,434,train,HoGuom_00/00435_00014755.jpg,/Users/phamtunglam/Documents/Projects/mSigLIP/code/VN3K/imgs/HoGuom_00/00435_00014755.jpg,/Users/phamtunglam/Documents/Projects/mSigLIP/code/artifacts/deployment/qnn_inputs/vn3k_train_calib_2000/raw/01942_pid434_HoGuom_00_00435_00014755.raw,167,451
1943,293,train,HoGuom_00/00294_00009350.jpg,/Users/phamtunglam/Documents/Projects/mSigLIP/code/VN3K/imgs/HoGuom_00/00294_00009350.jpg,/Users/phamtunglam/Documents/Projects/mSigLIP/code/artifacts/deployment/qnn_inputs/vn3k_train_calib_2000/raw/01943_pid293_HoGuom_00_00294_00009350.raw,82,204
1944,1790,train,DHHN_HVBCVT_00/01791_00001320.jpg,/Users/phamtunglam/Documents/Projects/mSigLIP/code/VN3K/imgs/DHHN_HVBCVT_00/01791_00001320.jpg,/Users/phamtunglam/Documents/Projects/mSigLIP/code/artifacts/deployment/qnn_inputs/vn3k_train_calib_2000/raw/01944_pid1790_DHHN_HVBCVT_00_01791_00001320.raw,92,274
1945,441,train,HoGuom_00/00442_00014875.jpg,/Users/phamtunglam/Documents/Projects/mSigLIP/code/VN3K/imgs/HoGuom_00/00442_00014875.jpg,/Users/phamtunglam/Documents/Projects/mSigLIP/code/artifacts/deployment/qnn_inputs/vn3k_train_calib_2000/raw/01945_pid441_HoGuom_00_00442_00014875.raw,95,300
1946,55,train,TRAINNING_DATA/Person56/output_2.jpg,/Users/phamtunglam/Documents/Projects/mSigLIP/code/VN3K/imgs/TRAINNING_DATA/Person56/output_2.jpg,/Users/phamtunglam/Documents/Projects/mSigLIP/code/artifacts/deployment/qnn_inputs/vn3k_train_calib_2000/raw/01946_pid55_TRAINNING_DATA_Person56_output_2.raw,84,295
1947,1369,train,HoGuom_01/01370_00007515.jpg,/Users/phamtunglam/Documents/Projects/mSigLIP/code/VN3K/imgs/HoGuom_01/01370_00007515.jpg,/Users/phamtunglam/Documents/Projects/mSigLIP/code/artifacts/deployment/qnn_inputs/vn3k_train_calib_2000/raw/01947_pid1369_HoGuom_01_01370_00007515.raw,107,348
1948,27,train,TEST_DATA/Person28.2/output_6.jpg,/Users/phamtunglam/Documents/Projects/mSigLIP/code/VN3K/imgs/TEST_DATA/Person28.2/output_6.jpg,/Users/phamtunglam/Documents/Projects/mSigLIP/code/artifacts/deployment/qnn_inputs/vn3k_train_calib_2000/raw/01948_pid27_TEST_DATA_Person28.2_output_6.raw,98,306
1949,1783,train,DHHN_HVBCVT_00/01784_00003075.jpg,/Users/phamtunglam/Documents/Projects/mSigLIP/code/VN3K/imgs/DHHN_HVBCVT_00/01784_00003075.jpg,/Users/phamtunglam/Documents/Projects/mSigLIP/code/artifacts/deployment/qnn_inputs/vn3k_train_calib_2000/raw/01949_pid1783_DHHN_HVBCVT_00_01784_00003075.raw,108,308
1950,428,train,HoGuom_00/00429_00014845.jpg,/Users/phamtunglam/Documents/Projects/mSigLIP/code/VN3K/imgs/HoGuom_00/00429_00014845.jpg,/Users/phamtunglam/Documents/Projects/mSigLIP/code/artifacts/deployment/qnn_inputs/vn3k_train_calib_2000/raw/01950_pid428_HoGuom_00_00429_00014845.raw,88,260
1951,736,train,HoGuom_00/00737_00012465.jpg,/Users/phamtunglam/Documents/Projects/mSigLIP/code/VN3K/imgs/HoGuom_00/00737_00012465.jpg,/Users/phamtunglam/Documents/Projects/mSigLIP/code/artifacts/deployment/qnn_inputs/vn3k_train_calib_2000/raw/01951_pid736_HoGuom_00_00737_00012465.raw,73,213
1952,622,train,HoGuom_00/00623_00007175.jpg,/Users/phamtunglam/Documents/Projects/mSigLIP/code/VN3K/imgs/HoGuom_00/00623_00007175.jpg,/Users/phamtunglam/Documents/Projects/mSigLIP/code/artifacts/deployment/qnn_inputs/vn3k_train_calib_2000/raw/01952_pid622_HoGuom_00_00623_00007175.raw,85,198
1953,525,train,HoGuom_00/00526_00002855.jpg,/Users/phamtunglam/Documents/Projects/mSigLIP/code/VN3K/imgs/HoGuom_00/00526_00002855.jpg,/Users/phamtunglam/Documents/Projects/mSigLIP/code/artifacts/deployment/qnn_inputs/vn3k_train_calib_2000/raw/01953_pid525_HoGuom_00_00526_00002855.raw,335,471
1954,1502,train,DHHN_HVBCVT_00/01503_00002235.jpg,/Users/phamtunglam/Documents/Projects/mSigLIP/code/VN3K/imgs/DHHN_HVBCVT_00/01503_00002235.jpg,/Users/phamtunglam/Documents/Projects/mSigLIP/code/artifacts/deployment/qnn_inputs/vn3k_train_calib_2000/raw/01954_pid1502_DHHN_HVBCVT_00_01503_00002235.raw,68,213
1955,1685,train,DHHN_HVBCVT_00/01686_00002955.jpg,/Users/phamtunglam/Documents/Projects/mSigLIP/code/VN3K/imgs/DHHN_HVBCVT_00/01686_00002955.jpg,/Users/phamtunglam/Documents/Projects/mSigLIP/code/artifacts/deployment/qnn_inputs/vn3k_train_calib_2000/raw/01955_pid1685_DHHN_HVBCVT_00_01686_00002955.raw,152,388
1956,142,train,HoGuom_00/00143_00002955.jpg,/Users/phamtunglam/Documents/Projects/mSigLIP/code/VN3K/imgs/HoGuom_00/00143_00002955.jpg,/Users/phamtunglam/Documents/Projects/mSigLIP/code/artifacts/deployment/qnn_inputs/vn3k_train_calib_2000/raw/01956_pid142_HoGuom_00_00143_00002955.raw,158,481
1957,450,train,HoGuom_00/00451_00015445.jpg,/Users/phamtunglam/Documents/Projects/mSigLIP/code/VN3K/imgs/HoGuom_00/00451_00015445.jpg,/Users/phamtunglam/Documents/Projects/mSigLIP/code/artifacts/deployment/qnn_inputs/vn3k_train_calib_2000/raw/01957_pid450_HoGuom_00_00451_00015445.raw,71,194
1958,29,train,TRAINNING_DATA/Person30/output_6.jpg,/Users/phamtunglam/Documents/Projects/mSigLIP/code/VN3K/imgs/TRAINNING_DATA/Person30/output_6.jpg,/Users/phamtunglam/Documents/Projects/mSigLIP/code/artifacts/deployment/qnn_inputs/vn3k_train_calib_2000/raw/01958_pid29_TRAINNING_DATA_Person30_output_6.raw,146,250
1959,753,train,HoGuom_00/00754_00012645.jpg,/Users/phamtunglam/Documents/Projects/mSigLIP/code/VN3K/imgs/HoGuom_00/00754_00012645.jpg,/Users/phamtunglam/Documents/Projects/mSigLIP/code/artifacts/deployment/qnn_inputs/vn3k_train_calib_2000/raw/01959_pid753_HoGuom_00_00754_00012645.raw,107,320
1960,590,train,HoGuom_00/00591_00006015.jpg,/Users/phamtunglam/Documents/Projects/mSigLIP/code/VN3K/imgs/HoGuom_00/00591_00006015.jpg,/Users/phamtunglam/Documents/Projects/mSigLIP/code/artifacts/deployment/qnn_inputs/vn3k_train_calib_2000/raw/01960_pid590_HoGuom_00_00591_00006015.raw,68,130
1961,1755,train,DHHN_HVBCVT_00/01756_00017100.jpg,/Users/phamtunglam/Documents/Projects/mSigLIP/code/VN3K/imgs/DHHN_HVBCVT_00/01756_00017100.jpg,/Users/phamtunglam/Documents/Projects/mSigLIP/code/artifacts/deployment/qnn_inputs/vn3k_train_calib_2000/raw/01961_pid1755_DHHN_HVBCVT_00_01756_00017100.raw,105,243
1962,1605,train,DHHN_HVBCVT_00/01606_00019560.jpg,/Users/phamtunglam/Documents/Projects/mSigLIP/code/VN3K/imgs/DHHN_HVBCVT_00/01606_00019560.jpg,/Users/phamtunglam/Documents/Projects/mSigLIP/code/artifacts/deployment/qnn_inputs/vn3k_train_calib_2000/raw/01962_pid1605_DHHN_HVBCVT_00_01606_00019560.raw,97,315
1963,1500,train,DHHN_HVBCVT_00/01501_00007215.jpg,/Users/phamtunglam/Documents/Projects/mSigLIP/code/VN3K/imgs/DHHN_HVBCVT_00/01501_00007215.jpg,/Users/phamtunglam/Documents/Projects/mSigLIP/code/artifacts/deployment/qnn_inputs/vn3k_train_calib_2000/raw/01963_pid1500_DHHN_HVBCVT_00_01501_00007215.raw,202,585
1964,1544,train,DHHN_HVBCVT_00/01545_00005100.jpg,/Users/phamtunglam/Documents/Projects/mSigLIP/code/VN3K/imgs/DHHN_HVBCVT_00/01545_00005100.jpg,/Users/phamtunglam/Documents/Projects/mSigLIP/code/artifacts/deployment/qnn_inputs/vn3k_train_calib_2000/raw/01964_pid1544_DHHN_HVBCVT_00_01545_00005100.raw,102,261
1965,871,train,HoGuom_01/00872_00011385.jpg,/Users/phamtunglam/Documents/Projects/mSigLIP/code/VN3K/imgs/HoGuom_01/00872_00011385.jpg,/Users/phamtunglam/Documents/Projects/mSigLIP/code/artifacts/deployment/qnn_inputs/vn3k_train_calib_2000/raw/01965_pid871_HoGuom_01_00872_00011385.raw,72,229
1966,1276,train,HoGuom_01/01277_00008475.jpg,/Users/phamtunglam/Documents/Projects/mSigLIP/code/VN3K/imgs/HoGuom_01/01277_00008475.jpg,/Users/phamtunglam/Documents/Projects/mSigLIP/code/artifacts/deployment/qnn_inputs/vn3k_train_calib_2000/raw/01966_pid1276_HoGuom_01_01277_00008475.raw,110,323
1967,1024,train,HoGuom_01/01025_00001830.jpg,/Users/phamtunglam/Documents/Projects/mSigLIP/code/VN3K/imgs/HoGuom_01/01025_00001830.jpg,/Users/phamtunglam/Documents/Projects/mSigLIP/code/artifacts/deployment/qnn_inputs/vn3k_train_calib_2000/raw/01967_pid1024_HoGuom_01_01025_00001830.raw,119,319
1968,846,train,HoGuom_01/00847_00009975.jpg,/Users/phamtunglam/Documents/Projects/mSigLIP/code/VN3K/imgs/HoGuom_01/00847_00009975.jpg,/Users/phamtunglam/Documents/Projects/mSigLIP/code/artifacts/deployment/qnn_inputs/vn3k_train_calib_2000/raw/01968_pid846_HoGuom_01_00847_00009975.raw,67,214
1969,999,train,HoGuom_01/01000_00000601.jpg,/Users/phamtunglam/Documents/Projects/mSigLIP/code/VN3K/imgs/HoGuom_01/01000_00000601.jpg,/Users/phamtunglam/Documents/Projects/mSigLIP/code/artifacts/deployment/qnn_inputs/vn3k_train_calib_2000/raw/01969_pid999_HoGuom_01_01000_00000601.raw,235,646
1970,963,train,HoGuom_01/00964_00004665.jpg,/Users/phamtunglam/Documents/Projects/mSigLIP/code/VN3K/imgs/HoGuom_01/00964_00004665.jpg,/Users/phamtunglam/Documents/Projects/mSigLIP/code/artifacts/deployment/qnn_inputs/vn3k_train_calib_2000/raw/01970_pid963_HoGuom_01_00964_00004665.raw,171,316
1971,1354,train,HoGuom_01/01355_00007710.jpg,/Users/phamtunglam/Documents/Projects/mSigLIP/code/VN3K/imgs/HoGuom_01/01355_00007710.jpg,/Users/phamtunglam/Documents/Projects/mSigLIP/code/artifacts/deployment/qnn_inputs/vn3k_train_calib_2000/raw/01971_pid1354_HoGuom_01_01355_00007710.raw,254,633
1972,955,train,HoGuom_01/00956_00003585.jpg,/Users/phamtunglam/Documents/Projects/mSigLIP/code/VN3K/imgs/HoGuom_01/00956_00003585.jpg,/Users/phamtunglam/Documents/Projects/mSigLIP/code/artifacts/deployment/qnn_inputs/vn3k_train_calib_2000/raw/01972_pid955_HoGuom_01_00956_00003585.raw,75,220
1973,352,train,HoGuom_00/00353_00012235.jpg,/Users/phamtunglam/Documents/Projects/mSigLIP/code/VN3K/imgs/HoGuom_00/00353_00012235.jpg,/Users/phamtunglam/Documents/Projects/mSigLIP/code/artifacts/deployment/qnn_inputs/vn3k_train_calib_2000/raw/01973_pid352_HoGuom_00_00353_00012235.raw,106,296
1974,714,train,HoGuom_00/00715_00012215.jpg,/Users/phamtunglam/Documents/Projects/mSigLIP/code/VN3K/imgs/HoGuom_00/00715_00012215.jpg,/Users/phamtunglam/Documents/Projects/mSigLIP/code/artifacts/deployment/qnn_inputs/vn3k_train_calib_2000/raw/01974_pid714_HoGuom_00_00715_00012215.raw,171,436
1975,32,train,TEST_DATA/Person33.2/output_6.jpg,/Users/phamtunglam/Documents/Projects/mSigLIP/code/VN3K/imgs/TEST_DATA/Person33.2/output_6.jpg,/Users/phamtunglam/Documents/Projects/mSigLIP/code/artifacts/deployment/qnn_inputs/vn3k_train_calib_2000/raw/01975_pid32_TEST_DATA_Person33.2_output_6.raw,129,321
1976,1694,train,DHHN_HVBCVT_00/01695_00005130.jpg,/Users/phamtunglam/Documents/Projects/mSigLIP/code/VN3K/imgs/DHHN_HVBCVT_00/01695_00005130.jpg,/Users/phamtunglam/Documents/Projects/mSigLIP/code/artifacts/deployment/qnn_inputs/vn3k_train_calib_2000/raw/01976_pid1694_DHHN_HVBCVT_00_01695_00005130.raw,144,348
1977,6,train,TEST_DATA/Person7.2/output_6.jpg,/Users/phamtunglam/Documents/Projects/mSigLIP/code/VN3K/imgs/TEST_DATA/Person7.2/output_6.jpg,/Users/phamtunglam/Documents/Projects/mSigLIP/code/artifacts/deployment/qnn_inputs/vn3k_train_calib_2000/raw/01977_pid6_TEST_DATA_Person7.2_output_6.raw,85,283
1978,1890,train,DHGTVT_00/01891_00004210.jpg,/Users/phamtunglam/Documents/Projects/mSigLIP/code/VN3K/imgs/DHGTVT_00/01891_00004210.jpg,/Users/phamtunglam/Documents/Projects/mSigLIP/code/artifacts/deployment/qnn_inputs/vn3k_train_calib_2000/raw/01978_pid1890_DHGTVT_00_01891_00004210.raw,86,248
1979,763,train,HoGuom_00/00764_00013885.jpg,/Users/phamtunglam/Documents/Projects/mSigLIP/code/VN3K/imgs/HoGuom_00/00764_00013885.jpg,/Users/phamtunglam/Documents/Projects/mSigLIP/code/artifacts/deployment/qnn_inputs/vn3k_train_calib_2000/raw/01979_pid763_HoGuom_00_00764_00013885.raw,169,439
1980,1425,train,HoGuom_01/01426_2.jpg,/Users/phamtunglam/Documents/Projects/mSigLIP/code/VN3K/imgs/HoGuom_01/01426_2.jpg,/Users/phamtunglam/Documents/Projects/mSigLIP/code/artifacts/deployment/qnn_inputs/vn3k_train_calib_2000/raw/01980_pid1425_HoGuom_01_01426_2.raw,251,745
1981,452,train,HoGuom_00/00453_00015900.jpg,/Users/phamtunglam/Documents/Projects/mSigLIP/code/VN3K/imgs/HoGuom_00/00453_00015900.jpg,/Users/phamtunglam/Documents/Projects/mSigLIP/code/artifacts/deployment/qnn_inputs/vn3k_train_calib_2000/raw/01981_pid452_HoGuom_00_00453_00015900.raw,128,394
1982,772,train,HoGuom_01/00773_00000285.jpg,/Users/phamtunglam/Documents/Projects/mSigLIP/code/VN3K/imgs/HoGuom_01/00773_00000285.jpg,/Users/phamtunglam/Documents/Projects/mSigLIP/code/artifacts/deployment/qnn_inputs/vn3k_train_calib_2000/raw/01982_pid772_HoGuom_01_00773_00000285.raw,235,615
1983,1321,train,HoGuom_01/01322_00003990.jpg,/Users/phamtunglam/Documents/Projects/mSigLIP/code/VN3K/imgs/HoGuom_01/01322_00003990.jpg,/Users/phamtunglam/Documents/Projects/mSigLIP/code/artifacts/deployment/qnn_inputs/vn3k_train_calib_2000/raw/01983_pid1321_HoGuom_01_01322_00003990.raw,88,275
1984,1708,train,DHHN_HVBCVT_00/01709_00007815.jpg,/Users/phamtunglam/Documents/Projects/mSigLIP/code/VN3K/imgs/DHHN_HVBCVT_00/01709_00007815.jpg,/Users/phamtunglam/Documents/Projects/mSigLIP/code/artifacts/deployment/qnn_inputs/vn3k_train_calib_2000/raw/01984_pid1708_DHHN_HVBCVT_00_01709_00007815.raw,151,436
1985,233,train,HoGuom_00/00234_00006575.jpg,/Users/phamtunglam/Documents/Projects/mSigLIP/code/VN3K/imgs/HoGuom_00/00234_00006575.jpg,/Users/phamtunglam/Documents/Projects/mSigLIP/code/artifacts/deployment/qnn_inputs/vn3k_train_calib_2000/raw/01985_pid233_HoGuom_00_00234_00006575.raw,166,494
1986,437,train,HoGuom_00/00438_00014855.jpg,/Users/phamtunglam/Documents/Projects/mSigLIP/code/VN3K/imgs/HoGuom_00/00438_00014855.jpg,/Users/phamtunglam/Documents/Projects/mSigLIP/code/artifacts/deployment/qnn_inputs/vn3k_train_calib_2000/raw/01986_pid437_HoGuom_00_00438_00014855.raw,101,341
1987,1166,train,HoGuom_01/01167_00000825.jpg,/Users/phamtunglam/Documents/Projects/mSigLIP/code/VN3K/imgs/HoGuom_01/01167_00000825.jpg,/Users/phamtunglam/Documents/Projects/mSigLIP/code/artifacts/deployment/qnn_inputs/vn3k_train_calib_2000/raw/01987_pid1166_HoGuom_01_01167_00000825.raw,320,758
1988,679,train,HoGuom_00/00680_00009250.jpg,/Users/phamtunglam/Documents/Projects/mSigLIP/code/VN3K/imgs/HoGuom_00/00680_00009250.jpg,/Users/phamtunglam/Documents/Projects/mSigLIP/code/artifacts/deployment/qnn_inputs/vn3k_train_calib_2000/raw/01988_pid679_HoGuom_00_00680_00009250.raw,320,701
1989,56,train,TEST_DATA/Person57.2/output_2.jpg,/Users/phamtunglam/Documents/Projects/mSigLIP/code/VN3K/imgs/TEST_DATA/Person57.2/output_2.jpg,/Users/phamtunglam/Documents/Projects/mSigLIP/code/artifacts/deployment/qnn_inputs/vn3k_train_calib_2000/raw/01989_pid56_TEST_DATA_Person57.2_output_2.raw,69,189
1990,785,train,HoGuom_01/00786_00001050.jpg,/Users/phamtunglam/Documents/Projects/mSigLIP/code/VN3K/imgs/HoGuom_01/00786_00001050.jpg,/Users/phamtunglam/Documents/Projects/mSigLIP/code/artifacts/deployment/qnn_inputs/vn3k_train_calib_2000/raw/01990_pid785_HoGuom_01_00786_00001050.raw,135,367
1991,4,train,TEST_DATA/Person5.2/output_2.jpg,/Users/phamtunglam/Documents/Projects/mSigLIP/code/VN3K/imgs/TEST_DATA/Person5.2/output_2.jpg,/Users/phamtunglam/Documents/Projects/mSigLIP/code/artifacts/deployment/qnn_inputs/vn3k_train_calib_2000/raw/01991_pid4_TEST_DATA_Person5.2_output_2.raw,85,201
1992,475,train,HoGuom_00/00476_00016955.jpg,/Users/phamtunglam/Documents/Projects/mSigLIP/code/VN3K/imgs/HoGuom_00/00476_00016955.jpg,/Users/phamtunglam/Documents/Projects/mSigLIP/code/artifacts/deployment/qnn_inputs/vn3k_train_calib_2000/raw/01992_pid475_HoGuom_00_00476_00016955.raw,95,161
1993,945,train,HoGuom_01/00946_00001305.jpg,/Users/phamtunglam/Documents/Projects/mSigLIP/code/VN3K/imgs/HoGuom_01/00946_00001305.jpg,/Users/phamtunglam/Documents/Projects/mSigLIP/code/artifacts/deployment/qnn_inputs/vn3k_train_calib_2000/raw/01993_pid945_HoGuom_01_00946_00001305.raw,231,407
1994,568,train,HoGuom_00/00569_00005170.jpg,/Users/phamtunglam/Documents/Projects/mSigLIP/code/VN3K/imgs/HoGuom_00/00569_00005170.jpg,/Users/phamtunglam/Documents/Projects/mSigLIP/code/artifacts/deployment/qnn_inputs/vn3k_train_calib_2000/raw/01994_pid568_HoGuom_00_00569_00005170.raw,76,192
1995,581,train,HoGuom_00/00582_00005635.jpg,/Users/phamtunglam/Documents/Projects/mSigLIP/code/VN3K/imgs/HoGuom_00/00582_00005635.jpg,/Users/phamtunglam/Documents/Projects/mSigLIP/code/artifacts/deployment/qnn_inputs/vn3k_train_calib_2000/raw/01995_pid581_HoGuom_00_00582_00005635.raw,71,179
1996,827,train,HoGuom_01/00828_00006510.jpg,/Users/phamtunglam/Documents/Projects/mSigLIP/code/VN3K/imgs/HoGuom_01/00828_00006510.jpg,/Users/phamtunglam/Documents/Projects/mSigLIP/code/artifacts/deployment/qnn_inputs/vn3k_train_calib_2000/raw/01996_pid827_HoGuom_01_00828_00006510.raw,102,273
1997,915,train,HoGuom_01/00916_00005355.jpg,/Users/phamtunglam/Documents/Projects/mSigLIP/code/VN3K/imgs/HoGuom_01/00916_00005355.jpg,/Users/phamtunglam/Documents/Projects/mSigLIP/code/artifacts/deployment/qnn_inputs/vn3k_train_calib_2000/raw/01997_pid915_HoGuom_01_00916_00005355.raw,140,362
1998,956,train,HoGuom_01/00957_00003795.jpg,/Users/phamtunglam/Documents/Projects/mSigLIP/code/VN3K/imgs/HoGuom_01/00957_00003795.jpg,/Users/phamtunglam/Documents/Projects/mSigLIP/code/artifacts/deployment/qnn_inputs/vn3k_train_calib_2000/raw/01998_pid956_HoGuom_01_00957_00003795.raw,125,326
1999,1414,train,HoGuom_01/01415_1.jpg,/Users/phamtunglam/Documents/Projects/mSigLIP/code/VN3K/imgs/HoGuom_01/01415_1.jpg,/Users/phamtunglam/Documents/Projects/mSigLIP/code/artifacts/deployment/qnn_inputs/vn3k_train_calib_2000/raw/01999_pid1414_HoGuom_01_01415_1.raw,89,227
